0 0 0 0 0 0 0 0 0 0 0 0 0 0.0148 0.6544 0.0762 0.2546 0 0 0 0 0 0 0 0 0 0 0 0 0 
0 0 0 0 0 0 0 0 0 0 0 0 0 0.012 0.8073 0.0328 0.1478 0 0 0 0 0 0 0 0 0 0 0 0 0 
0 0 0 0 0 0 0 0 0 0 0 0 0 0.0175 0.7882 0.0563 0.138 0 0 0 0 0 0 0 0 0 0 0 0 0 
0 0 0 0 0 0 0 0 0 0 0 0 0 0 0 0 0 0 0 0 0 0 0 0 0 0 0.0113 0.9885 0.0002 0 
0 0 0 0 0 0 0 0 0 0 0 0 0 0 0 0 0 0 0 0 0 0 0 0 0 0 0.029 0.971 0 0 
0 0 0 0 0 0 0 0 0 0 0 0 0 0 0 0 0 0 0 0 0 0 0 0 0 0 0.0349 0.965 0 0 
0 0 0 0 0 0 0 0 0 0 0 0 0 0 0 0 0 0 0 0 0 0 0 0 0 0 0.0144 0.9854 0.0002 0 
0 0 0 0 0 0 0 0 0 0 0 0 0 0 0 0 0 0 0 0 0 0 0 0 0 0 0.0039 0.9953 0.0007 0 
0 0 0 0 0 0 0 0 0 0 0 0 0 0 0 0 0 0 0 0 0 0 0 0 0 0.0001 0.1612 0.8387 0 0 
0 0 0 0 0 0 0 0 0 0 0 0 0 0 0 0 0 0 0 0 0 0 0 0 0 0 0.0457 0.9542 0 0 
0 0 0 0 0 0 0 0 0 0 0 0 0 0 0 0 0 0 0 0 0 0 0 0 0 0 0.0181 0.9817 0.0002 0 
0 0 0 0 0 0 0 0 0 0 0 0 0 0 0 0 0 0 0 0 0 0 0 0 0 0 0.0047 0.9947 0.0006 0 
0 0 0 0 0 0 0 0 0 0 0 0 0 0 0 0 0 0 0 0 0 0 0 0 0 0 0.0011 0.9955 0.0032 0.0001 
0 0 0 0 0 0 0 0 0 0 0 0 0 0 0 0 0 0 0 0 0 0 0 0 0 0 0.0593 0.9406 0 0 
0 0 0 0 0 0 0 0 0 0 0 0 0 0 0 0 0 0 0 0 0.0001 0.0001 0 0 0 0.0005 0.6839 0.3155 0 0 
0 0 0 0 0 0 0 0 0 0 0 0 0 0 0 0 0 0 0 0 0 0 0 0 0 0.0003 0.7902 0.2094 0 0 
0 0 0 0 0 0 0 0 0 0 0 0 0 0 0 0 0 0 0 0 0 0 0 0 0 0.0001 0.2015 0.7983 0 0 
0 0 0 0 0 0 0 0 0 0 0 0 0 0 0 0 0 0 0 0 0 0 0 0 0 0.0001 0.2194 0.7805 0 0 
0 0 0 0 0 0 0 0 0 0 0 0 0 0 0 0 0 0 0 0 0 0 0 0 0 0 0.0521 0.9479 0 0 
0 0 0 0 0 0 0 0 0 0 0 0 0 0 0 0 0 0 0 0 0 0 0 0 0 0 0.0153 0.9845 0.0001 0 
0 0 0 0 0 0 0 0 0 0 0 0 0 0 0 0 0 0 0 0 0 0 0 0 0 0 0.0043 0.9951 0.0006 0 
0 0 0 0 0 0 0 0 0 0 0 0 0 0 0 0 0 0 0 0 0 0 0 0 0 0 0.0056 0.994 0.0004 0 
0 0 0 0 0 0 0 0 0 0 0 0 0 0 0 0 0 0 0 0 0 0 0 0 0 0 0.0102 0.9895 0.0003 0 
0 0 0 0 0 0 0 0 0 0 0 0 0 0 0 0 0 0 0 0 0 0 0 0 0 0 0.0013 0.9971 0.0016 0 
0 0 0 0 0 0 0 0 0 0 0 0 0 0 0 0 0 0 0 0 0 0 0 0 0 0 0.0188 0.9811 0.0001 0 
0 0 0 0 0 0 0 0 0 0 0 0 0 0 0 0 0 0 0 0 0 0 0 0 0 0 0.0592 0.9408 0 0 
0 0 0 0 0 0 0 0 0 0 0 0 0 0 0 0 0 0 0 0 0 0 0 0 0 0.0001 0.2343 0.7656 0 0 
0 0 0 0 0 0 0 0 0 0 0 0 0 0 0 0 0 0 0 0 0 0 0 0 0 0.0004 0.7236 0.2759 0 0 
0 0 0 0 0 0 0 0 0 0 0 0 0 0 0 0 0 0 0 0 0 0 0 0 0 0 0.0012 0.9963 0.0025 0.0001 
0 0 0 0 0 0 0 0 0 0 0 0 0 0 0 0 0 0 0 0 0 0 0 0 0 0 0.0003 0.9894 0.01 0.0003 
0 0 0 0 0 0 0 0 0 0 0 0 0 0 0 0 0 0 0 0 0 0 0 0 0 0 0.0003 0.993 0.0066 0.0002 
0 0 0 0 0 0 0 0 0 0 0 0 0 0 0 0 0 0 0 0 0 0 0 0 0 0 0.0003 0.9824 0.0169 0.0004 
0 0 0 0 0 0 0 0 0 0 0 0 0 0 0 0 0 0 0 0 0 0 0 0 0 0 0.0001 0.9615 0.0376 0.0008 
0 0 0 0 0 0 0 0 0 0 0 0 0 0 0 0 0 0 0 0 0 0 0 0 0 0 0.0002 0.9962 0.0036 0.0001 
0 0 0 0 0 0 0 0 0 0 0 0 0 0 0 0 0 0 0 0 0 0 0 0 0 0 0.0017 0.9974 0.0009 0 
0 0 0 0 0 0 0 0 0 0 0 0 0 0 0 0 0 0 0 0 0 0 0 0 0 0 0.001 0.9951 0.0038 0.0001 
0 0 0 0 0 0 0 0 0 0 0 0 0 0 0 0 0 0 0 0 0 0 0 0 0 0 0.0002 0.9761 0.023 0.0006 
0 0 0 0 0 0 0 0 0 0 0 0 0 0 0 0 0 0 0 0 0 0 0 0 0 0 0.0001 0.904 0.0934 0.0025 
0 0 0 0 0 0 0 0 0 0 0 0 0 0 0 0 0 0 0 0 0 0 0 0 0 0 0.0008 0.995 0.0041 0.0001 
0 0 0 0 0 0 0 0 0 0 0 0 0 0 0 0 0 0 0 0 0 0 0 0 0 0 0.0002 0.972 0.027 0.0008 
0 0 0 0 0 0 0 0 0 0 0 0 0 0 0 0 0 0 0 0 0 0 0 0 0 0 0.0001 0.8636 0.1326 0.0038 
0 0 0 0 0 0 0 0 0 0 0 0 0 0 0 0 0 0 0 0 0 0 0 0 0 0 0 0.6391 0.352 0.0088 
0 0 0 0 0 0 0 0 0 0 0 0 0 0 0 0 0 0 0 0 0 0 0 0 0 0 0 0.7747 0.2221 0.0032 
0 0 0 0 0 0 0 0 0 0 0 0 0 0 0 0 0 0 0 0 0 0 0 0 0 0 0 0.9787 0.021 0.0003 
0 0 0 0 0 0 0 0 0 0 0 0 0 0 0 0 0 0 0 0 0 0 0 0 0 0 0.0002 0.9975 0.0023 0 
0 0 0 0 0 0 0 0 0 0 0 0 0 0 0 0 0 0 0 0 0 0 0 0 0 0 0.002 0.9974 0.0006 0 
0 0 0 0 0 0 0 0 0 0 0 0 0 0 0 0 0 0 0 0 0 0 0 0 0 0 0 0.9854 0.0145 0.0001 
0 0 0 0 0 0 0 0 0 0 0 0 0 0 0 0 0 0 0 0 0 0 0 0 0 0 0 0.8553 0.1439 0.0008 
0 0 0 0 0 0 0 0 0 0 0 0 0 0 0 0 0 0 0 0 0 0 0 0 0 0 0 0.8927 0.107 0.0003 
0 0 0 0 0 0 0 0 0 0 0 0 0 0 0 0 0 0 0 0 0 0 0 0 0 0 0.0181 0.9817 0.0003 0 
0 0 0 0 0 0 0 0 0 0 0 0 0 0 0 0 0 0 0 0 0 0 0 0 0 0 0.0438 0.956 0.0001 0 
0 0 0 0 0 0 0 0 0 0 0 0 0 0 0 0 0 0 0 0 0 0 0 0 0 0 0.1009 0.899 0 0 
0 0 0 0 0 0 0 0 0 0 0 0 0 0 0 0 0 0 0 0 0 0 0 0 0 0.0001 0.3232 0.6767 0 0 
0 0 0 0 0 0 0 0 0 0 0 0 0 0 0 0 0 0 0 0 0 0 0 0 0 0.0003 0.7832 0.2164 0 0 
0 0 0 0 0 0 0 0 0 0 0 0 0 0 0 0 0 0 0 0 0 0 0 0 0 0 0.064 0.9359 0.0001 0 
0 0 0 0 0 0 0 0 0 0 0 0 0 0 0 0 0 0 0 0 0 0 0 0 0 0 0.1903 0.8097 0 0 
0 0 0 0 0 0 0 0 0 0 0 0 0 0 0 0 0 0 0 0 0 0 0 0 0 0.0001 0.8093 0.1906 0 0 
0 0 0 0 0 0 0 0 0 0 0 0 0 0 0 0 0 0 0 0 0 0 0 0 0 0.0001 0.7086 0.2913 0 0 
0 0 0 0 0 0 0 0 0 0 0 0 0 0 0 0 0 0 0 0 0 0 0 0 0 0.0003 0.9377 0.0619 0 0 
0.0002 0.0001 0 0 0 0 0 0 0 0 0 0 0 0 0 0 0 0 0 0 0.001 0.0011 0 0 0 0.0051 0.9885 0.0041 0 0 
0.0003 0.0001 0 0 0 0 0 0 0 0 0 0 0 0 0 0 0 0 0 0 0.0011 0.0012 0 0 0 0.0067 0.9868 0.0038 0 0 
0.0001 0 0 0 0 0 0 0 0 0 0 0 0 0 0 0 0 0 0 0 0.0003 0.0003 0 0 0 0.0018 0.9852 0.0122 0 0 
0.0001 0 0 0 0 0 0 0 0 0 0 0 0 0 0 0 0 0 0 0 0.0004 0.0004 0 0 0 0.0026 0.9868 0.0096 0 0 
0 0 0 0 0 0 0 0 0 0 0 0 0 0 0 0 0 0 0 0 0.0001 0.0001 0 0 0 0.0008 0.9676 0.0313 0 0 
0.0001 0 0 0 0 0 0 0 0 0 0 0 0 0 0 0 0 0 0 0 0.0002 0.0002 0 0 0 0.0011 0.9753 0.0233 0 0 
0 0 0 0 0 0 0 0 0 0 0 0 0 0 0 0 0 0 0 0 0 0 0 0 0 0.0003 0.9067 0.0929 0 0 
0 0 0 0 0 0 0 0 0 0 0 0 0 0 0 0 0 0 0 0 0 0 0 0 0 0.0002 0.8457 0.1539 0 0 
0 0 0 0 0 0 0 0 0 0 0 0 0 0 0 0 0 0 0 0 0.0001 0.0001 0 0 0 0.0006 0.9493 0.0499 0 0 
0.0001 0 0 0 0 0 0 0 0 0 0 0 0 0 0 0 0 0 0 0 0.0003 0.0003 0 0 0 0.0016 0.9775 0.0203 0 0 
0.0002 0.0001 0 0 0 0 0 0 0 0 0 0 0 0 0 0 0 0 0 0 0.0009 0.001 0 0 0 0.0049 0.9863 0.0066 0 0 
0.0002 0.0001 0 0 0 0 0 0 0 0 0 0 0 0 0 0 0 0 0 0 0.0008 0.0009 0 0 0 0.0055 0.981 0.0115 0 0 
0.0006 0.0002 0 0 0 0 0 0 0 0 0 0 0 0 0 0 0 0 0 0 0.0022 0.0025 0 0 0 0.0144 0.976 0.004 0 0 
0.0007 0.0003 0 0 0 0 0 0 0 0 0 0 0 0 0 0 0 0 0 0 0.0019 0.002 0 0 0 0.0161 0.9729 0.0061 0 0 
0.0018 0.0008 0.0001 0 0 0 0 0 0 0 0 0 0 0 0 0 0 0 0 0 0.0057 0.006 0 0 0 0.0431 0.94 0.0025 0 0 
0.0095 0.0042 0.0002 0 0 0 0 0 0 0 0.0001 0.0001 0 0 0 0 0 0 0 0 0.0162 0.0112 0 0 0 0.2122 0.7458 0.0003 0 0 
0.0042 0.0018 0.0001 0 0 0 0 0 0 0 0 0 0 0 0 0 0 0 0 0 0.0132 0.0128 0 0 0 0.0887 0.8784 0.0008 0 0 
0.0043 0.0018 0.0001 0 0 0 0 0 0 0 0.0001 0.0001 0 0 0 0 0 0 0 0 0.0093 0.008 0 0 0 0.1056 0.8695 0.0012 0 0 
0.0016 0.0007 0 0 0 0 0 0 0 0 0 0 0 0 0 0 0 0 0 0 0.0067 0.0079 0 0 0 0.0367 0.9448 0.0014 0 0 
0.0006 0.0002 0 0 0 0 0 0 0 0 0 0 0 0 0 0 0 0 0 0 0.0026 0.0032 0 0 0 0.0131 0.9779 0.0023 0 0 
0.0006 0.0002 0 0 0 0 0 0 0 0 0 0 0 0 0 0 0 0 0 0 0.0028 0.0036 0 0 0 0.0134 0.9779 0.0015 0 0 
0.0007 0.0002 0 0 0 0 0 0 0 0 0 0 0 0 0 0 0 0 0 0 0.0029 0.0031 0 0 0 0.0154 0.9759 0.0018 0 0 
0.0022 0.0006 0.0001 0 0 0 0 0 0 0 0 0 0 0 0 0 0 0 0 0 0.0096 0.0106 0 0 0 0.0456 0.9305 0.0007 0 0 
0.0017 0.0005 0.0001 0 0 0 0 0 0 0 0 0 0 0 0 0 0 0 0 0 0.0094 0.0134 0 0 0 0.0399 0.9344 0.0006 0 0 
0.0016 0.0006 0 0 0 0 0 0 0 0 0 0 0 0 0 0 0 0 0 0 0.0088 0.0117 0 0 0 0.0374 0.939 0.0008 0 0 
0.0044 0.0018 0.0001 0 0 0 0 0 0 0 0 0 0 0 0 0 0 0 0 0 0.0207 0.0234 0 0 0 0.0897 0.8593 0.0005 0 0 
0.0122 0.0053 0.0003 0.0001 0 0 0 0 0 0 0.0001 0.0001 0 0 0 0 0 0 0 0 0.0363 0.0285 0 0 0 0.214 0.7029 0.0002 0 0 
0.0296 0.0132 0.0008 0.0001 0.0001 0 0 0 0 0 0.0004 0.0004 0 0 0 0 0 0.0001 0 0 0.0298 0.013 0 0 0 0.5848 0.3278 0.0001 0 0 
0.0041 0.0016 0.0001 0 0 0 0 0 0 0 0 0 0 0 0 0 0 0 0 0 0.0281 0.04 0 0 0 0.0979 0.8278 0.0003 0 0 
0.012 0.0051 0.0003 0.0001 0.0001 0 0 0 0 0 0.0001 0.0001 0 0 0 0 0 0 0 0 0.0627 0.061 0 0 0 0.2177 0.6408 0.0002 0 0 
0.0089 0.0035 0.0002 0.0001 0 0 0 0 0 0 0.0001 0.0001 0 0 0 0 0 0 0 0 0.0745 0.1035 0 0 0 0.2129 0.596 0.0001 0 0 
0.0077 0.0021 0.0003 0.0001 0 0 0 0 0 0 0.0001 0.0001 0 0 0 0 0 0 0 0 0.0363 0.0396 0 0 0 0.1597 0.7536 0.0004 0 0 
0.0042 0.0013 0.0001 0 0 0 0 0 0 0 0 0 0 0 0 0 0 0 0 0 0.0277 0.0468 0 0 0 0.1097 0.8097 0.0003 0 0 
0.0073 0.0022 0.0002 0.0001 0 0 0 0 0 0 0.0001 0.0001 0 0 0 0 0 0 0 0 0.0598 0.1262 0 0 0 0.2351 0.5687 0.0001 0 0 
0.0085 0.0025 0.0003 0.0001 0.0001 0 0 0 0 0 0.0001 0.0001 0 0 0 0 0 0 0 0 0.0919 0.2546 0.0001 0 0 0.3847 0.257 0.0001 0 0 
0.0156 0.0067 0.0003 0.0001 0.0001 0 0 0 0 0 0.0001 0.0001 0 0 0 0 0 0 0 0 0.1595 0.1773 0 0 0 0.3399 0.3002 0.0001 0 0 
0.0292 0.0125 0.0006 0.0001 0.0001 0 0 0 0 0 0.0002 0.0002 0 0 0 0 0 0.0001 0 0 0.1311 0.0893 0 0 0 0.444 0.2925 0.0001 0 0 
0.015 0.0038 0.0006 0.0001 0.0001 0 0 0 0 0 0.0002 0.0001 0 0 0 0 0 0 0 0 0.0763 0.0757 0 0 0 0.3099 0.5178 0.0002 0 0 
0.0417 0.0179 0.0008 0.0002 0.0002 0 0 0 0 0 0.0003 0.0002 0 0 0 0 0 0.0001 0 0 0.2003 0.1081 0 0 0 0.4392 0.191 0 0 0 
0.0459 0.0196 0.0009 0.0002 0.0002 0 0 0 0 0 0.0004 0.0003 0 0 0 0 0 0.0001 0.0001 0 0.0895 0.0406 0 0 0 0.5731 0.2291 0.0001 0 0 
0.087 0.039 0.0022 0.0003 0.0002 0 0 0 0 0 0.0012 0.0011 0 0 0 0 0 0.0002 0.0001 0 0.0439 0.0121 0 0 0 0.6442 0.1684 0 0 0 
0.1388 0.0686 0.0051 0.0006 0.0004 0 0 0 0 0 0.0029 0.0028 0 0 0 0 0 0.0004 0.0003 0 0.025 0.0054 0 0 0 0.6206 0.1293 0 0 0 
0.2029 0.0925 0.0053 0.0007 0.0005 0 0 0 0 0 0.0028 0.0026 0 0 0 0 0 0.0005 0.0003 0 0.0452 0.0093 0 0 0 0.5488 0.0887 0 0 0 
0.1297 0.0547 0.0025 0.0005 0.0004 0 0 0 0 0 0.0012 0.001 0 0 0 0 0 0.0002 0.0002 0 0.0975 0.0239 0 0 0 0.5766 0.1117 0 0 0 
0.0861 0.0361 0.0015 0.0004 0.0003 0 0 0 0 0 0.0005 0.0005 0 0 0 0 0 0.0001 0.0001 0 0.1955 0.063 0 0 0 0.4908 0.125 0 0 0 
0.0438 0.0192 0.0008 0.0002 0.0002 0 0 0 0 0 0.0003 0.0002 0 0 0 0 0 0.0001 0 0 0.2781 0.1425 0 0 0 0.3712 0.1432 0 0 0 
0.0163 0.007 0.0003 0.0001 0.0001 0 0 0 0 0 0.0001 0.0001 0 0 0 0 0 0 0 0 0.2035 0.2304 0.0001 0 0 0.3097 0.2322 0.0001 0 0 
0.0953 0.0409 0.0016 0.0005 0.0004 0 0 0 0 0 0.0005 0.0004 0 0 0 0 0 0.0002 0.0001 0 0.3106 0.0863 0 0 0 0.3764 0.0868 0 0 0 
0.1799 0.0719 0.0028 0.0007 0.0006 0 0 0 0 0 0.0011 0.0009 0 0 0 0 0 0.0003 0.0002 0 0.19 0.0366 0 0 0 0.4406 0.0745 0 0 0 
0.2764 0.117 0.0052 0.0009 0.0006 0 0 0 0 0 0.0024 0.0022 0 0 0 0 0 0.0005 0.0003 0 0.08 0.0146 0 0 0 0.4386 0.0613 0 0 0 
0.193 0.08 0.0029 0.0008 0.0008 0 0 0 0 0 0.0009 0.0007 0 0 0 0 0 0.0003 0.0002 0 0.3469 0.0514 0 0 0 0.2704 0.0517 0 0 0 
0.3779 0.1386 0.0051 0.0011 0.0009 0 0 0 0 0 0.002 0.0017 0 0 0 0 0 0.0005 0.0003 0 0.1354 0.021 0 0 0 0.273 0.0424 0 0 0 
0.3916 0.1522 0.005 0.0014 0.0013 0 0 0 0 0 0.0016 0.0012 0 0 0 0 0 0.0005 0.0003 0 0.219 0.0286 0 0 0 0.1682 0.0289 0 0 0 
0 0 0 0 0 0 0 0 0 0 0 0 0 0 0 0 0 0 0 0 0 0 0 0 0 0 0 0.2323 0.7661 0.0016 
0 0 0 0 0 0 0 0 0 0 0 0 0 0 0 0 0 0 0 0 0 0 0 0 0 0 0 0.9104 0.0894 0.0002 
0 0 0 0 0 0 0 0 0 0 0 0 0 0 0 0 0 0 0 0 0 0 0 0 0 0 0 0.467 0.5318 0.0012 
0 0 0 0 0 0 0 0 0 0 0 0 0 0 0 0 0 0 0 0 0 0 0 0 0 0 0 0.1919 0.8041 0.004 
0 0 0 0 0 0 0 0 0 0 0 0 0 0 0 0 0 0 0 0 0 0 0 0 0 0 0 0.0677 0.9204 0.0118 
0 0 0 0 0 0 0 0 0 0 0 0 0 0 0 0 0 0 0 0 0 0 0 0 0 0 0 0.044 0.9397 0.0163 
0 0 0 0 0 0 0 0 0 0 0 0 0 0 0 0 0 0 0 0 0 0 0 0 0 0 0 0.0249 0.9433 0.0319 
0 0 0 0 0 0 0 0 0 0 0 0 0 0 0 0 0 0 0 0 0 0 0 0 0 0 0 0.097 0.8974 0.0056 
0 0 0 0 0 0 0 0 0 0 0 0 0 0 0 0 0 0 0 0 0 0 0 0 0 0 0 0.174 0.8202 0.0058 
0 0 0 0 0 0 0 0 0 0 0 0 0 0 0 0 0 0 0 0 0 0 0 0 0 0 0 0.2344 0.7637 0.0019 
0 0 0 0 0 0 0 0 0 0 0 0 0 0 0 0 0 0 0 0 0 0 0 0 0 0 0 0.4865 0.513 0.0005 
0 0 0 0 0 0 0 0 0 0 0 0 0 0 0 0 0 0 0 0 0 0 0 0 0 0 0 0.9067 0.0931 0.0003 
0 0 0 0 0 0 0 0 0 0 0 0 0 0 0 0 0 0 0 0 0 0 0 0 0 0 0 0.4972 0.5023 0.0005 
0 0 0 0 0 0 0 0 0 0 0 0 0 0 0 0 0 0 0 0 0 0 0 0 0 0 0 0.398 0.5997 0.0023 
0 0 0 0 0 0 0 0 0 0 0 0 0 0 0 0 0 0 0 0 0 0 0 0 0 0 0 0.3745 0.622 0.0035 
0 0 0 0 0 0 0 0 0 0 0 0 0 0 0 0 0 0 0 0 0 0 0 0 0 0 0 0.241 0.7525 0.0064 
0 0 0 0 0 0 0 0 0 0 0 0 0 0 0 0 0 0 0 0 0 0 0 0 0 0 0 0.2678 0.7252 0.007 
0 0 0 0 0 0 0 0 0 0 0 0 0 0 0 0 0 0 0 0 0 0 0 0 0 0 0 0.1528 0.839 0.0082 
0 0 0 0 0 0 0 0 0 0 0 0 0 0 0 0 0 0 0 0 0 0 0 0 0 0 0 0.1743 0.8151 0.0106 
0 0 0 0 0 0 0 0 0 0 0 0 0 0 0 0 0 0 0 0 0 0 0 0 0 0 0 0.1927 0.7971 0.0102 
0 0 0 0 0 0 0 0 0 0 0 0 0 0 0 0 0 0 0 0 0 0 0 0 0 0 0 0.2436 0.7479 0.0085 
0 0 0 0 0 0 0 0 0 0 0 0 0 0 0 0 0 0 0 0 0 0 0 0 0 0 0 0.3377 0.6579 0.0044 
0 0 0 0 0 0 0 0 0 0 0 0 0 0 0 0 0 0 0 0 0 0 0 0 0 0 0 0.1364 0.8515 0.0121 
0 0 0 0 0 0 0 0 0 0 0 0 0 0 0 0 0 0 0 0 0 0 0 0 0 0 0 0.1251 0.8611 0.0138 
0 0 0 0 0 0 0 0 0 0 0 0 0 0 0 0 0 0 0 0 0 0 0 0 0 0 0 0.0566 0.9188 0.0245 
0 0 0 0 0 0 0 0 0 0 0 0 0 0 0 0 0 0 0 0 0 0 0 0 0 0 0 0.0182 0.9149 0.067 
0 0 0 0 0 0 0 0 0 0 0 0 0 0 0 0 0 0 0 0 0 0 0 0 0 0 0 0.0104 0.8843 0.1053 
0 0 0 0 0 0 0 0 0 0 0 0 0 0 0 0 0 0 0 0 0 0 0 0 0 0 0 0.006 0.7932 0.2008 
0 0 0 0 0 0 0 0 0 0 0 0 0 0 0 0 0 0 0 0 0 0 0 0 0 0 0 0.0052 0.646 0.3488 
0 0 0 0 0 0 0 0 0 0 0 0 0 0 0 0 0 0 0 0 0 0 0 0 0 0 0 0.176 0.8117 0.0123 
0 0 0 0 0 0 0 0 0 0 0 0 0 0 0 0 0 0 0 0 0 0 0 0 0 0 0 0.1203 0.86 0.0197 
0 0 0 0 0 0 0 0 0 0 0 0 0 0 0 0 0 0 0 0 0 0 0 0 0 0 0 0.0514 0.9096 0.039 
0 0 0 0 0 0 0 0 0 0 0 0 0 0 0 0 0 0 0 0 0 0 0 0 0 0 0 0.0148 0.8713 0.1139 
0 0 0 0 0 0 0 0 0 0 0 0 0 0 0 0 0 0 0 0 0 0 0 0 0 0 0 0.0035 0.6643 0.3322 
0 0 0 0 0 0 0 0 0 0 0 0 0 0 0 0 0 0 0 0 0 0 0 0 0 0 0 0.0027 0.3825 0.6148 
0 0 0 0 0 0 0 0 0 0 0 0 0 0 0 0 0 0 0 0 0 0 0 0 0 0 0 0.0032 0.2848 0.7121 
0 0 0 0 0 0 0 0 0 0 0 0 0 0 0 0 0 0 0 0 0 0 0 0 0 0 0 0.0014 0.158 0.8406 
0 0 0 0 0 0 0 0 0 0 0 0 0 0 0 0 0 0 0 0 0 0 0 0 0 0 0 0.0015 0.0988 0.8997 
0 0 0 0 0 0 0 0 0 0 0 0 0 0 0 0 0 0 0 0 0 0 0 0 0 0 0 0.0005 0.0442 0.9553 
0 0 0 0 0 0 0 0 0 0 0 0 0 0 0 0 0 0 0 0 0 0 0 0 0 0 0 0.0007 0.0369 0.9624 
0 0 0 0 0 0 0 0 0 0 0 0 0 0 0 0 0 0 0 0 0 0 0 0 0 0 0 0.0004 0.0275 0.9721 
0 0 0 0 0 0 0 0 0 0 0 0 0 0 0 0 0 0 0 0 0 0 0 0 0 0 0 0.0005 0.0333 0.9662 
0 0 0 0 0 0 0 0 0 0 0 0 0 0 0 0 0 0 0 0 0 0 0 0 0 0 0 0.0001 0.0128 0.9871 
0 0 0 0 0 0 0 0 0 0 0 0 0 0 0 0 0 0 0 0 0 0 0 0 0 0 0 0.0008 0.0685 0.9307 
0 0 0 0 0 0 0 0 0 0 0 0 0 0 0 0 0 0 0 0 0 0 0 0 0 0 0 0.0018 0.1254 0.8728 
0 0 0 0 0 0 0 0 0 0 0 0 0 0 0 0 0 0 0 0 0 0 0 0 0 0 0 0.0028 0.138 0.8592 
0 0 0 0 0 0 0 0 0 0 0 0 0 0 0 0 0 0 0 0 0 0 0 0 0 0 0 0.0042 0.1858 0.81 
0 0 0 0 0 0 0 0 0 0 0 0 0 0 0 0 0 0 0 0 0 0 0 0 0 0 0 0.0048 0.264 0.7312 
0 0 0 0 0 0 0 0 0 0 0 0 0 0 0 0 0 0 0 0 0 0 0 0 0 0 0 0.0051 0.3874 0.6075 
0 0 0 0 0 0 0 0 0 0 0 0 0 0 0 0 0 0 0 0 0 0 0 0 0 0 0 0.0162 0.7534 0.2305 
0 0 0 0 0 0 0 0 0 0 0 0 0 0 0 0 0 0 0 0 0 0 0 0 0 0 0 0.0193 0.6933 0.2873 
0 0 0 0 0 0 0 0 0 0 0 0 0 0 0 0 0 0 0 0 0 0 0 0 0 0 0 0.0153 0.6608 0.3239 
0 0 0 0 0 0 0 0 0 0 0 0 0 0 0 0 0 0 0 0 0 0 0 0 0 0 0 0.0079 0.3996 0.5926 
0 0 0 0 0 0 0 0 0 0 0 0 0 0 0 0 0 0 0 0 0 0 0 0 0 0 0 0.0036 0.303 0.6934 
0 0 0 0 0 0 0 0 0 0 0 0 0 0 0 0 0 0 0 0 0 0 0 0 0 0 0 0.0013 0.137 0.8617 
0 0 0 0 0 0 0 0 0 0 0 0 0 0 0 0 0 0 0 0 0 0 0 0 0 0 0 0.0106 0.7971 0.1922 
0 0 0 0 0 0 0 0 0 0 0 0 0 0 0 0 0 0 0 0 0 0 0 0 0 0 0 0.0288 0.8463 0.125 
0 0 0 0 0 0 0 0 0 0 0 0 0 0 0 0 0 0 0 0 0 0 0 0 0 0 0 0.0935 0.8431 0.0634 
0 0 0 0 0 0 0 0 0 0 0 0 0 0 0 0 0 0 0 0 0 0 0 0 0 0 0 0.0804 0.8349 0.0848 
0 0 0 0 0 0 0 0 0 0 0 0 0 0 0 0 0 0 0 0 0 0 0 0 0 0 0 0.0004 0.0454 0.9542 
0 0 0 0 0 0 0 0 0 0 0 0 0 0 0 0 0 0 0 0 0 0 0 0 0 0 0 0.0009 0.128 0.871 
0 0 0 0 0 0 0 0 0 0 0 0 0 0 0 0 0 0 0 0 0 0 0 0 0 0 0 0.0019 0.2801 0.718 
0 0 0 0 0 0 0 0 0 0 0 0 0 0 0 0 0 0 0 0 0 0 0 0 0 0 0 0.0046 0.7147 0.2807 
0 0 0 0 0 0 0 0 0 0 0 0 0 0 0 0 0 0 0 0 0 0 0 0 0 0 0 0.0098 0.8953 0.0948 
0 0 0 0 0 0 0 0 0 0 0 0 0 0 0 0 0 0 0 0 0 0 0 0 0 0 0 0.0205 0.9305 0.049 
0 0 0 0 0 0 0 0 0 0 0 0 0 0 0 0 0 0 0 0 0 0 0 0 0 0 0 0.0266 0.9319 0.0414 
0 0 0 0 0 0 0 0 0 0 0 0 0 0 0 0 0 0 0 0 0 0 0 0 0 0 0 0.0511 0.9232 0.0257 
0 0 0 0 0 0 0 0 0 0 0 0 0 0 0 0 0 0 0 0 0 0 0 0 0 0 0 0.0388 0.939 0.0222 
0 0 0 0 0 0 0 0 0 0 0 0 0 0 0 0 0 0 0 0 0 0 0 0 0 0 0 0.0746 0.9168 0.0086 
0 0 0 0 0 0 0 0 0 0 0 0 0 0 0 0 0 0 0 0 0 0 0 0 0 0 0 0.0793 0.9075 0.0131 
0 0 0 0 0 0 0 0 0 0 0 0 0 0 0 0 0 0 0 0 0 0 0 0 0 0 0 0.1943 0.8006 0.0051 
0 0 0 0 0 0 0 0 0 0 0 0 0 0 0 0 0 0 0 0 0 0 0 0 0 0 0 0.1795 0.8031 0.0174 
0 0 0 0 0 0 0 0 0 0 0 0 0 0 0 0 0 0 0 0 0 0 0 0 0 0 0 0.0645 0.9143 0.0213 
0 0 0 0 0 0 0 0 0 0 0 0 0 0 0 0 0 0 0 0 0 0 0 0 0 0 0 0.4432 0.54 0.0168 
0 0 0 0 0 0 0 0 0 0 0 0 0 0 0 0 0 0 0 0 0 0 0 0 0 0 0 0.317 0.6537 0.0293 
0 0 0 0 0 0 0 0 0 0 0 0 0 0 0 0 0 0 0 0 0 0 0 0 0 0 0 0.0649 0.866 0.069 
0 0 0 0 0 0 0 0 0 0 0 0 0 0 0 0 0 0 0 0 0 0 0 0 0 0 0 0.0127 0.8162 0.1711 
0 0 0 0 0 0 0 0 0 0 0 0 0 0 0 0 0 0 0 0 0 0 0 0 0 0 0 0.0238 0.9256 0.0506 
0 0 0 0 0 0 0 0 0 0 0 0 0 0 0 0 0 0 0 0 0 0 0 0 0 0 0 0.0495 0.9186 0.0319 
0 0 0 0 0 0 0 0 0 0 0 0 0 0 0 0 0 0 0 0 0 0 0 0 0 0 0 0.2253 0.757 0.0177 
0 0 0 0 0 0 0 0 0 0 0 0 0 0 0 0 0 0 0 0 0 0 0 0 0 0 0 0.0566 0.8959 0.0475 
0 0 0 0 0 0 0 0 0 0 0 0 0 0 0 0 0 0 0 0 0 0 0 0 0 0 0 0.1099 0.8773 0.0128 
0 0 0 0 0 0 0 0 0 0 0 0 0 0 0 0 0 0 0 0 0 0 0 0 0 0 0 0.2836 0.7115 0.0049 
0 0 0 0 0 0 0 0 0 0 0 0 0 0 0 0 0 0 0 0 0 0 0 0 0 0 0 0.7178 0.2807 0.0015 
0 0 0 0 0 0 0 0 0 0 0 0 0 0 0 0 0 0 0 0 0 0 0 0 0 0 0.1642 0.8357 0 0 
0.0001 0 0 0 0 0 0 0 0 0 0 0 0 0 0 0 0 0 0 0 0.0003 0.0003 0 0 0 0.0033 0.9787 0.0172 0 0 
0.0004 0.0001 0 0 0 0 0 0 0 0 0 0 0 0 0 0 0 0 0 0 0.0009 0.0008 0 0 0 0.0102 0.9767 0.0108 0 0 
0.0001 0 0 0 0 0 0 0 0 0 0 0 0 0 0 0 0 0 0 0 0.0002 0.0002 0 0 0 0.0025 0.9744 0.0226 0 0 
0 0 0 0 0 0 0 0 0 0 0 0 0 0 0 0 0 0 0 0 0.0001 0.0001 0 0 0 0.0009 0.9463 0.0525 0 0 
0 0 0 0 0 0 0 0 0 0 0 0 0 0 0 0 0 0 0 0 0.0001 0.0001 0 0 0 0.001 0.9122 0.0866 0 0 
0 0 0 0 0 0 0 0 0 0 0 0 0 0 0 0 0 0 0 0 0 0 0 0 0 0.0003 0.8341 0.1656 0 0 
0 0 0 0 0 0 0 0 0 0 0 0 0 0 0 0 0 0 0 0 0 0 0 0 0 0.0001 0.3031 0.6968 0 0 
0 0 0 0 0 0 0 0 0 0 0 0 0 0 0 0 0 0 0 0 0 0 0 0 0 0 0.0472 0.9527 0 0 
0 0 0 0 0 0 0 0 0 0 0 0 0 0 0 0 0 0 0 0 0.0001 0.0001 0 0 0 0.0011 0.959 0.0396 0 0 
0 0 0 0 0 0 0 0 0 0 0 0 0 0 0 0 0 0 0 0 0 0 0 0 0 0.0003 0.8596 0.14 0 0 
0 0 0 0 0 0 0 0 0 0 0 0 0 0 0 0 0 0 0 0 0 0 0 0 0 0 0.1019 0.8981 0 0 
0 0 0 0 0 0 0 0 0 0 0 0 0 0 0 0 0 0 0 0 0 0 0 0 0 0.0001 0.6969 0.303 0 0 
0 0 0 0 0 0 0 0 0 0 0 0 0 0 0 0 0 0 0 0 0 0 0 0 0 0.0003 0.9133 0.0862 0 0 
0.0001 0 0 0 0 0 0 0 0 0 0 0 0 0 0 0 0 0 0 0 0.0001 0.0001 0 0 0 0.0013 0.9693 0.029 0 0 
0.0002 0.0001 0 0 0 0 0 0 0 0 0 0 0 0 0 0 0 0 0 0 0.0004 0.0004 0 0 0 0.0039 0.9822 0.0128 0 0 
0.0006 0.0002 0 0 0 0 0 0 0 0 0 0 0 0 0 0 0 0 0 0 0.0013 0.0011 0 0 0 0.0123 0.9758 0.0087 0 0 
0.0002 0 0 0 0 0 0 0 0 0 0 0 0 0 0 0 0 0 0 0 0.0004 0.0004 0 0 0 0.0033 0.9864 0.0093 0 0 
0.0004 0.0001 0 0 0 0 0 0 0 0 0 0 0 0 0 0 0 0 0 0 0.0012 0.0011 0 0 0 0.0089 0.9836 0.0046 0 0 
0.0001 0 0 0 0 0 0 0 0 0 0 0 0 0 0 0 0 0 0 0 0.0002 0.0001 0 0 0 0.0012 0.9766 0.0218 0 0 
0 0 0 0 0 0 0 0 0 0 0 0 0 0 0 0 0 0 0 0 0 0 0 0 0 0.0004 0.938 0.0615 0 0 
0 0 0 0 0 0 0 0 0 0 0 0 0 0 0 0 0 0 0 0 0 0 0 0 0 0.0001 0.8052 0.1947 0 0 
0 0 0 0 0 0 0 0 0 0 0 0 0 0 0 0 0 0 0 0 0 0 0 0 0 0 0.1857 0.8143 0 0 
0 0 0 0 0 0 0 0 0 0 0 0 0 0 0 0 0 0 0 0 0 0 0 0 0 0 0.0483 0.9516 0.0001 0 
0 0 0 0 0 0 0 0 0 0 0 0 0 0 0 0 0 0 0 0 0 0 0 0 0 0 0.0115 0.9883 0.0002 0 
0 0 0 0 0 0 0 0 0 0 0 0 0 0 0 0 0 0 0 0 0 0 0 0 0 0 0.0281 0.9718 0.0001 0 
0 0 0 0 0 0 0 0 0 0 0 0 0 0 0 0 0 0 0 0 0 0 0 0 0 0 0.0069 0.9929 0.0002 0 
0 0 0 0 0 0 0 0 0 0 0 0 0 0 0 0 0 0 0 0 0 0 0 0 0 0 0.0209 0.9789 0.0002 0 
0 0 0 0 0 0 0 0 0 0 0 0 0 0 0 0 0 0 0 0 0 0 0 0 0 0 0.0046 0.995 0.0004 0 
0 0 0 0 0 0 0 0 0 0 0 0 0 0 0 0 0 0 0 0 0 0 0 0 0 0 0.0033 0.9961 0.0006 0 
0 0 0 0 0 0 0 0 0 0 0 0 0 0 0 0 0 0 0 0 0 0 0 0 0 0 0.0006 0.9959 0.0034 0.0001 
0 0 0 0 0 0 0 0 0 0 0 0 0 0 0 0 0 0 0 0 0 0 0 0 0 0 0.0009 0.9983 0.0007 0 
0 0 0 0 0 0 0 0 0 0 0 0 0 0 0 0 0 0 0 0 0 0 0 0 0 0 0.0015 0.9981 0.0005 0 
0 0 0 0 0 0 0 0 0 0 0 0 0 0 0 0 0 0 0 0 0 0 0 0 0 0 0.0001 0.9978 0.0021 0 
0 0 0 0 0 0 0 0 0 0 0 0 0 0 0 0 0 0 0 0 0 0 0 0 0 0 0 0.9883 0.0117 0.0001 
0 0 0 0 0 0 0 0 0 0 0 0 0 0 0 0 0 0 0 0 0 0 0 0 0 0 0.0001 0.9968 0.0031 0.0001 
0 0 0 0 0 0 0 0 0 0 0 0 0 0 0 0 0 0 0 0 0 0 0 0 0 0 0.0007 0.9975 0.0018 0 
0 0 0 0 0 0 0 0 0 0 0 0 0 0 0 0 0 0 0 0 0 0 0 0 0 0 0.0001 0.9781 0.0212 0.0006 
0 0 0 0 0 0 0 0 0 0 0 0 0 0 0 0 0 0 0 0 0 0 0 0 0 0 0 0.8272 0.1678 0.0049 
0 0 0 0 0 0 0 0 0 0 0 0 0 0 0 0 0 0 0 0 0 0 0 0 0 0 0 0.8149 0.181 0.0042 
0 0 0 0 0 0 0 0 0 0 0 0 0 0 0 0 0 0 0 0 0 0 0 0 0 0 0 0.9446 0.0545 0.0009 
0 0 0 0 0 0 0 0 0 0 0 0 0 0 0 0 0 0 0 0 0 0 0 0 0 0 0.0001 0.9902 0.0096 0.0002 
0 0 0 0 0 0 0 0 0 0 0 0 0 0 0 0 0 0 0 0 0 0 0 0 0 0 0 0.9865 0.0134 0.0001 
0.0146 0.0822 0.0654 0.2057 0.5729 0.0003 0 0 0 0 0.0069 0.0024 0 0 0 0 0 0.0207 0.0207 0.0008 0.0053 0.0008 0 0 0 0.0011 0.0002 0 0 0 
0.0212 0.1162 0.0825 0.1796 0.5434 0.0004 0 0 0 0 0.0076 0.0025 0 0 0 0 0 0.018 0.0167 0.0006 0.0082 0.0013 0 0 0 0.0016 0.0002 0 0 0 
0.0184 0.1064 0.0909 0.2666 0.4386 0.0002 0 0 0 0 0.0095 0.0034 0 0 0 0 0 0.029 0.0268 0.001 0.0064 0.001 0 0 0 0.0014 0.0002 0 0 0 
0.0212 0.1275 0.1222 0.3429 0.2859 0.0001 0 0 0 0 0.0127 0.0047 0 0 0 0 0 0.0391 0.0326 0.0013 0.0068 0.0011 0 0 0 0.0016 0.0002 0 0 0 
0.0342 0.2034 0.1701 0.2712 0.235 0.0002 0 0 0 0 0.0125 0.0046 0 0 0 0 0 0.0293 0.0225 0.0009 0.0115 0.0018 0 0 0 0.0024 0.0004 0 0 0 
0.035 0.1909 0.1297 0.1812 0.3969 0.0003 0 0 0 0 0.0095 0.0031 0 0 0 0 0 0.0184 0.0155 0.0006 0.0137 0.0022 0 0 0 0.0025 0.0004 0 0 0 
0.0292 0.1549 0.0942 0.1528 0.5141 0.0005 0 0 0 0 0.0087 0.0025 0 0 0 0 0 0.0139 0.0122 0.0004 0.012 0.0019 0 0 0 0.0022 0.0003 0 0 0 
0.0199 0.1067 0.0698 0.1419 0.6155 0.0005 0 0 0 0 0.0067 0.0021 0 0 0 0 0 0.0133 0.0124 0.0005 0.0079 0.0013 0 0 0 0.0015 0.0002 0 0 0 
0.0108 0.0595 0.0436 0.1303 0.7186 0.0004 0 0 0 0 0.0045 0.0015 0 0 0 0 0 0.0121 0.0124 0.0005 0.0041 0.0007 0 0 0 0.0008 0.0001 0 0 0 
0.0059 0.0338 0.0286 0.1677 0.7243 0.0003 0 0 0 0 0.0037 0.0013 0 0 0 0 0 0.0138 0.0169 0.0007 0.0021 0.0003 0 0 0 0.0005 0.0001 0 0 0 
0.0072 0.0418 0.0374 0.2251 0.6326 0.0002 0 0 0 0 0.0051 0.0018 0 0 0 0 0 0.0202 0.0241 0.0009 0.0025 0.0004 0 0 0 0.0006 0.0001 0 0 0 
0.0094 0.0557 0.0536 0.3101 0.4858 0.0002 0 0 0 0 0.0079 0.0028 0 0 0 0 0 0.0324 0.0362 0.0014 0.0031 0.0005 0 0 0 0.0007 0.0001 0 0 0 
0.005 0.0283 0.0226 0.1252 0.79 0.0004 0 0 0 0 0.0028 0.001 0 0 0 0 0 0.0096 0.012 0.0005 0.0019 0.0003 0 0 0 0.0004 0.0001 0 0 0 
0.0073 0.0405 0.0302 0.113 0.7794 0.0004 0 0 0 0 0.0034 0.0011 0 0 0 0 0 0.0097 0.0108 0.0004 0.0028 0.0004 0 0 0 0.0006 0.0001 0 0 0 
0.0061 0.0329 0.023 0.0769 0.8401 0.0006 0 0 0 0 0.0026 0.0008 0 0 0 0 0 0.0064 0.007 0.0003 0.0024 0.0004 0 0 0 0.0005 0.0001 0 0 0 
0.004 0.0221 0.0165 0.0798 0.8587 0.0006 0 0 0 0 0.002 0.0006 0 0 0 0 0 0.0059 0.0073 0.0003 0.0015 0.0002 0 0 0 0.0003 0 0 0 0 
0.0023 0.0131 0.0103 0.0836 0.8749 0.0006 0 0 0 0 0.0014 0.0005 0 0 0 0 0 0.0048 0.007 0.0003 0.0009 0.0001 0 0 0 0.0002 0 0 0 0 
0.0029 0.0162 0.0138 0.1383 0.804 0.0003 0 0 0 0 0.002 0.0007 0 0 0 0 0 0.0079 0.012 0.0005 0.001 0.0002 0 0 0 0.0002 0 0 0 0 
0.0031 0.0177 0.0161 0.1941 0.7346 0.0002 0 0 0 0 0.0025 0.0009 0 0 0 0 0 0.0112 0.0175 0.0007 0.0011 0.0002 0 0 0 0.0002 0 0 0 0 
0.0032 0.019 0.0183 0.2537 0.6596 0.0002 0 0 0 0 0.0032 0.0012 0 0 0 0 0 0.0151 0.0241 0.0009 0.0011 0.0002 0 0 0 0.0003 0 0 0 0 
0.0036 0.0213 0.0219 0.318 0.5721 0.0001 0 0 0 0 0.0042 0.0015 0 0 0 0 0 0.0211 0.0332 0.0013 0.0012 0.0002 0 0 0 0.0003 0 0 0 0 
0.0005 0.0028 0.0021 0.0182 0.9708 0.0026 0 0 0 0 0.0003 0.0001 0 0 0 0 0 0.0009 0.0014 0 0.0002 0 0 0 0 0 0 0 0 0 
0.0003 0.0017 0.0011 0.0067 0.9819 0.007 0.0001 0 0 0 0.0002 0 0 0 0 0 0 0.0004 0.0005 0 0.0001 0 0 0 0 0 0 0 0 0 
0.0008 0.0044 0.0031 0.0186 0.9668 0.0026 0 0 0 0 0.0004 0.0001 0 0 0 0 0 0.0011 0.0015 0.0001 0.0003 0.0001 0 0 0 0.0001 0 0 0 0 
0.0016 0.009 0.0066 0.0429 0.9305 0.0011 0 0 0 0 0.0008 0.0003 0 0 0 0 0 0.0026 0.0035 0.0001 0.0006 0.0001 0 0 0 0.0001 0 0 0 0 
0.0009 0.0048 0.0037 0.0422 0.9411 0.0011 0 0 0 0 0.0005 0.0002 0 0 0 0 0 0.0019 0.0031 0.0001 0.0003 0.0001 0 0 0 0.0001 0 0 0 0 
0.0014 0.0076 0.0063 0.0913 0.8802 0.0005 0 0 0 0 0.001 0.0003 0 0 0 0 0 0.0038 0.0067 0.0003 0.0005 0.0001 0 0 0 0.0001 0 0 0 0 
0.0016 0.009 0.0081 0.1592 0.8012 0.0003 0 0 0 0 0.0014 0.0005 0 0 0 0 0 0.006 0.0116 0.0004 0.0006 0.0001 0 0 0 0.0001 0 0 0 0 
0.0015 0.0086 0.0083 0.2383 0.7151 0.0002 0 0 0 0 0.0016 0.0006 0 0 0 0 0 0.0078 0.0168 0.0006 0.0005 0.0001 0 0 0 0.0001 0 0 0 0 
0.0007 0.0041 0.0035 0.0979 0.8828 0.0005 0 0 0 0 0.0007 0.0002 0 0 0 0 0 0.0028 0.0063 0.0002 0.0003 0 0 0 0 0.0001 0 0 0 0 
0.0007 0.0042 0.0039 0.1843 0.7898 0.0002 0 0 0 0 0.0008 0.0003 0 0 0 0 0 0.0041 0.0108 0.0004 0.0003 0 0 0 0 0.0001 0 0 0 0 
0.0006 0.0036 0.0036 0.2867 0.6832 0.0001 0 0 0 0 0.0009 0.0003 0 0 0 0 0 0.0048 0.0153 0.0006 0.0002 0 0 0 0 0.0001 0 0 0 0 
0.0013 0.0077 0.0078 0.3175 0.6311 0.0001 0 0 0 0 0.0017 0.0006 0 0 0 0 0 0.009 0.0217 0.0008 0.0004 0.0001 0 0 0 0.0001 0 0 0 0 
0.0004 0.0026 0.0028 0.4047 0.5632 0.0001 0 0 0 0 0.0008 0.0003 0 0 0 0 0 0.0049 0.0192 0.0007 0.0001 0 0 0 0 0 0 0 0 0 
0.0011 0.0066 0.0071 0.4046 0.5386 0.0001 0 0 0 0 0.0018 0.0007 0 0 0 0 0 0.0104 0.0275 0.0011 0.0003 0.0001 0 0 0 0.0001 0 0 0 0 
0.0004 0.0025 0.0028 0.4501 0.5038 0 0 0 0 0 0.001 0.0004 0 0 0 0 0 0.0064 0.0311 0.0012 0.0001 0 0 0 0 0 0 0 0 0 
0.0003 0.0017 0.0015 0.0996 0.8873 0.0006 0 0 0 0 0.0005 0.0001 0 0 0 0 0 0.0021 0.0059 0.0002 0.0001 0 0 0 0 0 0 0 0 0 
0.0004 0.0023 0.0018 0.0406 0.949 0.0012 0 0 0 0 0.0003 0.0001 0 0 0 0 0 0.0013 0.0027 0.0001 0.0002 0 0 0 0 0 0 0 0 0 
0.0003 0.0018 0.0017 0.1939 0.7866 0.0003 0 0 0 0 0.0007 0.0002 0 0 0 0 0 0.0033 0.0107 0.0004 0.0001 0 0 0 0 0 0 0 0 0 
0.0003 0.0015 0.0016 0.3007 0.6747 0.0002 0 0 0 0 0.0008 0.0002 0 0 0 0 0 0.0041 0.0154 0.0005 0.0001 0 0 0 0 0 0 0 0 0 
0.0002 0.001 0.0012 0.4173 0.5548 0.0001 0 0 0 0 0.0007 0.0002 0 0 0 0 0 0.0042 0.0195 0.0007 0.0001 0 0 0 0 0 0 0 0 0 
0.0002 0.0009 0.0011 0.4529 0.5033 0 0 0 0 0 0.0009 0.0003 0 0 0 0 0 0.0058 0.0332 0.0013 0.0001 0 0 0 0 0 0 0 0 0 
0.0002 0.0012 0.0014 0.394 0.5592 0.0001 0 0 0 0 0.0017 0.0004 0 0 0 0 0 0.01 0.0307 0.0009 0.0001 0 0 0 0 0 0 0 0 0 
0.0004 0.0018 0.0022 0.4069 0.5519 0.0002 0 0 0 0 0.0028 0.0006 0 0 0 0 0 0.0114 0.0212 0.0005 0.0001 0 0 0 0 0 0 0 0 0 
0.0003 0.0015 0.0016 0.3064 0.6584 0.0003 0 0 0 0 0.0015 0.0003 0 0 0 0 0 0.0075 0.0214 0.0006 0.0001 0 0 0 0 0 0 0 0 0 
0.0005 0.0022 0.0025 0.2997 0.665 0.0003 0 0 0 0 0.0025 0.0005 0 0 0 0 0 0.0089 0.0172 0.0004 0.0002 0 0 0 0 0.0001 0 0 0 0 
0.0003 0.0015 0.0016 0.1938 0.7826 0.0005 0 0 0 0 0.0012 0.0003 0 0 0 0 0 0.0049 0.0128 0.0004 0.0001 0 0 0 0 0 0 0 0 0 
0.0003 0.0016 0.0015 0.1195 0.8636 0.0009 0 0 0 0 0.0009 0.0002 0 0 0 0 0 0.0032 0.0078 0.0002 0.0001 0 0 0 0 0 0 0 0 0 
0.0003 0.0014 0.0012 0.0575 0.9315 0.0019 0 0 0 0 0.0006 0.0001 0 0 0 0 0 0.0017 0.0037 0.0001 0.0001 0 0 0 0 0 0 0 0 0 
0.0002 0.0013 0.0011 0.0438 0.9475 0.0015 0 0 0 0 0.0003 0.0001 0 0 0 0 0 0.0012 0.0027 0.0001 0.0001 0 0 0 0 0 0 0 0 0 
0.0002 0.0009 0.0007 0.0213 0.97 0.0043 0 0 0 0 0.0003 0.0001 0 0 0 0 0 0.0007 0.0014 0 0.0001 0 0 0 0 0 0 0 0 0 
0.0002 0.0009 0.0007 0.0177 0.9754 0.0032 0 0 0 0 0.0002 0 0 0 0 0 0 0.0006 0.0011 0 0.0001 0 0 0 0 0 0 0 0 0 
0.0001 0.0004 0.0003 0.0056 0.9828 0.01 0.0001 0 0 0 0.0001 0 0 0 0 0 0 0.0002 0.0004 0 0 0 0 0 0 0 0 0 0 0 
0 0.0002 0.0001 0.0021 0.9476 0.0494 0.0002 0 0 0 0 0 0 0 0 0 0 0.0001 0.0001 0 0 0 0 0 0 0 0 0 0 0 
0.0001 0.0005 0.0004 0.0076 0.9752 0.0151 0.0001 0 0 0 0.0001 0 0 0 0 0 0 0.0003 0.0005 0 0 0 0 0 0 0 0 0 0 0 
0.0001 0.0003 0.0002 0.0029 0.9393 0.0566 0.0002 0 0 0 0.0001 0 0 0 0 0 0 0.0001 0.0002 0 0 0 0 0 0 0 0 0 0 0 
0.0002 0.001 0.0008 0.0122 0.9638 0.0201 0.0001 0 0 0 0.0003 0.0001 0 0 0 0 0 0.0005 0.0008 0 0.0001 0 0 0 0 0 0 0 0 0 
0.0003 0.0017 0.0013 0.0298 0.9574 0.0054 0 0 0 0 0.0006 0.0001 0 0 0 0 0 0.0011 0.002 0 0.0001 0 0 0 0 0 0 0 0 0 
0.0005 0.0025 0.0021 0.074 0.9096 0.002 0 0 0 0 0.0011 0.0002 0 0 0 0 0 0.0027 0.0048 0.0001 0.0002 0 0 0 0 0.0001 0 0 0 0 
0.0006 0.0028 0.0027 0.1372 0.8395 0.001 0 0 0 0 0.0018 0.0003 0 0 0 0 0 0.0048 0.0087 0.0002 0.0002 0 0 0 0 0.0001 0 0 0 0 
0.0005 0.0027 0.0027 0.21 0.7605 0.0006 0 0 0 0 0.0022 0.0004 0 0 0 0 0 0.0068 0.0128 0.0003 0.0002 0 0 0 0 0.0001 0 0 0 0 
0 0.0001 0.0001 0.0009 0.7695 0.2287 0.0005 0 0 0 0 0 0 0 0 0 0 0 0.0001 0 0 0 0 0 0 0 0 0 0 0 
0 0.0001 0.0001 0.0007 0.7994 0.1991 0.0005 0 0 0 0 0 0 0 0 0 0 0 0 0 0 0 0 0 0 0 0 0 0 0 
0.0001 0.0005 0.0004 0.0035 0.937 0.0578 0.0001 0 0 0 0.0001 0 0 0 0 0 0 0.0002 0.0002 0 0 0 0 0 0 0 0 0 0 0 
0.0003 0.0017 0.0013 0.014 0.964 0.0162 0 0 0 0 0.0004 0.0001 0 0 0 0 0 0.0007 0.0009 0 0.0001 0 0 0 0 0 0 0 0 0 
0.0008 0.0041 0.0031 0.0426 0.9372 0.0052 0 0 0 0 0.0013 0.0002 0 0 0 0 0 0.002 0.0029 0.0001 0.0003 0.0001 0 0 0 0.0001 0 0 0 0 
0.0011 0.0056 0.0047 0.0901 0.8825 0.0021 0 0 0 0 0.0023 0.0004 0 0 0 0 0 0.0042 0.0062 0.0001 0.0005 0.0001 0 0 0 0.0001 0 0 0 0 
0.0013 0.0063 0.0059 0.1523 0.8098 0.0011 0 0 0 0 0.0037 0.0007 0 0 0 0 0 0.0074 0.0108 0.0002 0.0005 0.0001 0 0 0 0.0001 0 0 0 0 
0.0013 0.0064 0.0066 0.2137 0.7377 0.0007 0 0 0 0 0.0049 0.0009 0 0 0 0 0 0.0109 0.0158 0.0003 0.0005 0.0001 0 0 0 0.0002 0 0 0 0 
0.0029 0.0143 0.0139 0.2246 0.7018 0.0008 0 0 0 0 0.0082 0.0015 0 0 0 0 0 0.0131 0.0167 0.0003 0.0012 0.0002 0 0 0 0.0003 0 0 0 0 
0.0033 0.0163 0.0144 0.1822 0.7478 0.0012 0 0 0 0 0.0073 0.0013 0 0 0 0 0 0.0106 0.0132 0.0002 0.0014 0.0002 0 0 0 0.0004 0.0001 0 0 0 
0.0032 0.0157 0.0123 0.1157 0.8285 0.0022 0 0 0 0 0.005 0.0009 0 0 0 0 0 0.0065 0.0079 0.0001 0.0013 0.0002 0 0 0 0.0003 0 0 0 0 
0.0022 0.0111 0.008 0.0623 0.8983 0.0058 0 0 0 0 0.0027 0.0005 0 0 0 0 0 0.0034 0.0042 0.0001 0.0009 0.0001 0 0 0 0.0002 0 0 0 0 
0.0007 0.0034 0.0024 0.0174 0.9591 0.0136 0 0 0 0 0.0007 0.0001 0 0 0 0 0 0.0009 0.0012 0 0.0003 0 0 0 0 0.0001 0 0 0 0 
0.0014 0.0065 0.0072 0.2627 0.6781 0.0005 0 0 0 0 0.0062 0.0011 0 0 0 0 0 0.0145 0.0206 0.0004 0.0005 0.0001 0 0 0 0.0002 0 0 0 0 
0.0039 0.0187 0.0185 0.251 0.6578 0.0008 0 0 0 0 0.0106 0.0019 0 0 0 0 0 0.0154 0.0186 0.0003 0.0016 0.0002 0 0 0 0.0005 0.0001 0 0 0 
0.0073 0.0357 0.0272 0.1752 0.7158 0.0014 0 0 0 0 0.0097 0.0018 0 0 0 0 0 0.0102 0.0112 0.0002 0.0031 0.0005 0 0 0 0.0008 0.0001 0 0 0 
0.0054 0.0268 0.0186 0.1042 0.8199 0.0022 0 0 0 0 0.0057 0.0011 0 0 0 0 0 0.0061 0.0067 0.0001 0.0023 0.0004 0 0 0 0.0005 0.0001 0 0 0 
0.0095 0.0475 0.028 0.0824 0.809 0.0013 0 0 0 0 0.0054 0.0011 0 0 0 0 0 0.0051 0.005 0.0001 0.004 0.0006 0 0 0 0.0009 0.0001 0 0 0 
0.0032 0.0159 0.0106 0.056 0.8965 0.0055 0 0 0 0 0.0029 0.0006 0 0 0 0 0 0.0033 0.0036 0.0001 0.0013 0.0002 0 0 0 0.0003 0 0 0 0 
0.003 0.0149 0.0091 0.031 0.9316 0.0024 0 0 0 0 0.0018 0.0004 0 0 0 0 0 0.002 0.002 0 0.0013 0.0002 0 0 0 0.0003 0 0 0 0 
0.0095 0.0498 0.0304 0.068 0.8206 0.0007 0 0 0 0 0.0035 0.001 0 0 0 0 0 0.0056 0.0054 0.0002 0.0039 0.0006 0 0 0 0.0008 0.0001 0 0 0 
0.0195 0.1009 0.0577 0.1115 0.6726 0.0007 0 0 0 0 0.0068 0.0018 0 0 0 0 0 0.0089 0.0081 0.0003 0.0082 0.0013 0 0 0 0.0016 0.0002 0 0 0 
0.0027 0.0143 0.009 0.0254 0.9399 0.0017 0 0 0 0 0.0012 0.0003 0 0 0 0 0 0.0019 0.002 0.0001 0.0011 0.0002 0 0 0 0.0002 0 0 0 0 
0.0006 0.0031 0.0019 0.0069 0.9807 0.0051 0 0 0 0 0.0003 0.0001 0 0 0 0 0 0.0005 0.0005 0 0.0002 0 0 0 0 0.0001 0 0 0 0 
0.0008 0.0038 0.0024 0.0103 0.9727 0.0076 0 0 0 0 0.0005 0.0001 0 0 0 0 0 0.0006 0.0007 0 0.0003 0 0 0 0 0.0001 0 0 0 0 
0.001 0.0052 0.0034 0.0193 0.9529 0.014 0 0 0 0 0.0009 0.0002 0 0 0 0 0 0.0011 0.0013 0 0.0004 0.0001 0 0 0 0.0001 0 0 0 0 
0.0001 0.0008 0.0005 0.0024 0.9669 0.0287 0.0001 0 0 0 0.0001 0 0 0 0 0 0 0.0001 0.0002 0 0.0001 0 0 0 0 0 0 0 0 0 
0.0002 0.0009 0.0006 0.0035 0.9541 0.0399 0.0001 0 0 0 0.0002 0 0 0 0 0 0 0.0002 0.0002 0 0.0001 0 0 0 0 0 0 0 0 0 
0 0.0001 0.0001 0.0004 0.8705 0.1284 0.0003 0 0 0 0 0 0 0 0 0 0 0 0 0 0 0 0 0 0 0 0 0 0 0 
0 0.0001 0.0001 0.0006 0.8342 0.1646 0.0003 0 0 0 0 0 0 0 0 0 0 0 0 0 0 0 0 0 0 0 0 0 0 0 
0 0 0 0 0.522 0.4771 0.0008 0 0 0 0 0 0 0 0 0 0 0 0 0 0 0 0 0 0 0 0 0 0 0 
0 0 0 0 0.5021 0.4971 0.0008 0 0 0 0 0 0 0 0 0 0 0 0 0 0 0 0 0 0 0 0 0 0 0 
0 0 0 0 0.1331 0.8559 0.0109 0 0 0 0 0 0 0 0 0 0 0 0 0 0 0 0 0 0 0 0 0 0 0 
0.0001 0.0007 0.0005 0.0039 0.9443 0.0495 0.0001 0 0 0 0.0002 0 0 0 0 0 0 0.0002 0.0003 0 0.0001 0 0 0 0 0 0 0 0 0 
0 0.0001 0.0001 0.0007 0.8139 0.1846 0.0004 0 0 0 0 0 0 0 0 0 0 0 0 0 0 0 0 0 0 0 0 0 0 0 
0 0 0 0.0001 0.4986 0.5004 0.0009 0 0 0 0 0 0 0 0 0 0 0 0 0 0 0 0 0 0 0 0 0 0 0 
0 0 0 0 0.1542 0.8355 0.0103 0 0 0 0 0 0 0 0 0 0 0 0 0 0 0 0 0 0 0 0 0 0 0 
0 0 0 0 0.1396 0.8488 0.0115 0 0 0 0 0 0 0 0 0 0 0 0 0 0 0 0 0 0 0 0 0 0 0 
0 0 0 0 0.0416 0.9009 0.0575 0 0 0 0 0 0 0 0 0 0 0 0 0 0 0 0 0 0 0 0 0 0 0 
0 0 0 0 0.0497 0.8765 0.0738 0 0 0 0 0 0 0 0 0 0 0 0 0 0 0 0 0 0 0 0 0 0 0 
0 0 0 0 0.0108 0.7905 0.1985 0 0 0.0002 0 0 0 0 0 0 0 0 0 0 0 0 0 0 0 0 0 0 0 0 
0 0 0 0 0.0022 0.1621 0.8346 0.0002 0.0002 0.0007 0 0 0 0 0 0 0 0 0 0 0 0 0 0 0 0 0 0 0 0 
0 0 0 0 0.0094 0.805 0.1853 0 0 0.0002 0 0 0 0 0 0 0 0 0 0 0 0 0 0 0 0 0 0 0 0 
0 0 0 0 0.04 0.913 0.0469 0 0 0 0 0 0 0 0 0 0 0 0 0 0 0 0 0 0 0 0 0 0 0 
0 0 0 0 0.1622 0.8287 0.0091 0 0 0 0 0 0 0 0 0 0 0 0 0 0 0 0 0 0 0 0 0 0 0 
0 0 0 0.0001 0.4948 0.5041 0.001 0 0 0 0 0 0 0 0 0 0 0 0 0 0 0 0 0 0 0 0 0 0 0 
0 0 0 0 0.0127 0.7851 0.202 0 0 0.0001 0 0 0 0 0 0 0 0 0 0 0 0 0 0 0 0 0 0 0 0 
0 0 0 0 0.0025 0.1681 0.8287 0.0002 0.0002 0.0004 0 0 0 0 0 0 0 0 0 0 0 0 0 0 0 0 0 0 0 0 
0 0 0 0 0.0003 0.0199 0.9758 0.0009 0.001 0.0021 0 0 0 0 0 0 0 0 0 0 0 0 0 0 0 0 0 0 0 0 
0 0 0 0 0.0003 0.0241 0.9682 0.0012 0.0015 0.0047 0 0 0 0 0 0 0 0 0 0 0 0 0 0 0 0 0 0 0 0 
0 0 0 0 0.0019 0.156 0.8407 0.0002 0.0002 0.001 0 0 0 0 0 0 0 0 0 0 0 0 0 0 0 0 0 0 0 0 
0 0 0 0 0.0079 0.8196 0.1721 0.0001 0 0.0002 0 0 0 0 0 0 0 0 0 0 0 0 0 0 0 0 0 0 0 0 
0 0 0 0 0.0365 0.9217 0.0417 0 0 0 0 0 0 0 0 0 0 0 0 0 0 0 0 0 0 0 0 0 0 0 
0 0 0 0 0.1497 0.8418 0.0084 0 0 0 0 0 0 0 0 0 0 0 0 0 0 0 0 0 0 0 0 0 0 0 
0 0 0 0 0.0016 0.1587 0.8381 0.0003 0.0002 0.0011 0 0 0 0 0 0 0 0 0 0 0 0 0 0 0 0 0 0 0 0 
0 0 0 0 0.0014 0.1469 0.8503 0.0003 0.0001 0.001 0 0 0 0 0 0 0 0 0 0 0 0 0 0 0 0 0 0 0 0 
0 0 0 0 0.0069 0.8178 0.1751 0.0001 0 0.0002 0 0 0 0 0 0 0 0 0 0 0 0 0 0 0 0 0 0 0 0 
0 0 0 0 0.0331 0.9255 0.0413 0 0 0 0 0 0 0 0 0 0 0 0 0 0 0 0 0 0 0 0 0 0 0 
0 0 0 0 0.1389 0.8513 0.0097 0 0 0 0 0 0 0 0 0 0 0 0 0 0 0 0 0 0 0 0 0 0 0 
0 0 0 0 0.0014 0.1438 0.8538 0.0002 0.0001 0.0007 0 0 0 0 0 0 0 0 0 0 0 0 0 0 0 0 0 0 0 0 
0 0 0 0 0.007 0.8143 0.1785 0.0001 0 0.0001 0 0 0 0 0 0 0 0 0 0 0 0 0 0 0 0 0 0 0 0 
0 0 0 0 0.0345 0.922 0.0434 0 0 0 0 0 0 0 0 0 0 0 0 0 0 0 0 0 0 0 0 0 0 0 
0 0 0 0 0.0088 0.811 0.1801 0.0001 0 0.0001 0 0 0 0 0 0 0 0 0 0 0 0 0 0 0 0 0 0 0 0 
0 0 0 0 0.0016 0.1483 0.8494 0.0002 0.0001 0.0005 0 0 0 0 0 0 0 0 0 0 0 0 0 0 0 0 0 0 0 0 
0 0 0 0 0.002 0.164 0.8334 0.0002 0 0.0003 0 0 0 0 0 0 0 0 0 0 0 0 0 0 0 0 0 0 0 0 
0 0 0 0 0.0003 0.0273 0.9648 0.0016 0.0006 0.0054 0 0 0 0 0 0 0 0 0 0 0 0 0 0 0 0 0 0 0 0 
0 0 0 0 0.0003 0.0256 0.9688 0.0016 0.0003 0.0034 0 0 0 0 0 0 0 0 0 0 0 0 0 0 0 0 0 0 0 0 
0 0 0 0 0.0003 0.027 0.969 0.0015 0.0002 0.002 0 0 0 0 0 0 0 0 0 0 0 0 0 0 0 0 0 0 0 0 
0 0 0 0 0.0004 0.0279 0.9692 0.0013 0.0002 0.0011 0 0 0 0 0 0 0 0 0 0 0 0 0 0 0 0 0 0 0 0 
0 0 0 0 0.0027 0.1813 0.8155 0.0002 0 0.0002 0 0 0 0 0 0 0 0 0 0 0 0 0 0 0 0 0 0 0 0 
0 0 0 0 0.0004 0.0288 0.9688 0.0012 0.0002 0.0006 0 0 0 0 0 0 0 0 0 0 0 0 0 0 0 0 0 0 0 0 
0 0 0 0 0.0031 0.1912 0.8052 0.0002 0 0.0001 0 0 0 0 0 0 0 0 0 0 0 0 0 0 0 0 0 0 0 0 
0 0 0 0 0.0031 0.1851 0.8115 0.0002 0 0.0001 0 0 0 0 0 0 0 0 0 0 0 0 0 0 0 0 0 0 0 0 
0 0 0 0 0.1565 0.8332 0.0102 0 0 0 0 0 0 0 0 0 0 0 0 0 0 0 0 0 0 0 0 0 0 0 
0 0 0 0 0.0426 0.9148 0.0425 0 0 0 0 0 0 0 0 0 0 0 0 0 0 0 0 0 0 0 0 0 0 0 
0 0 0 0 0.0113 0.8155 0.1731 0 0 0.0001 0 0 0 0 0 0 0 0 0 0 0 0 0 0 0 0 0 0 0 0 
0 0 0 0 0.0138 0.8223 0.1638 0 0 0 0 0 0 0 0 0 0 0 0 0 0 0 0 0 0 0 0 0 0 0 
0 0 0 0 0.0144 0.8201 0.1654 0 0 0 0 0 0 0 0 0 0 0 0 0 0 0 0 0 0 0 0 0 0 0 
0 0 0 0 0.0142 0.8128 0.1729 0 0 0 0 0 0 0 0 0 0 0 0 0 0 0 0 0 0 0 0 0 0 0 
0 0 0 0 0.0527 0.9078 0.0395 0 0 0 0 0 0 0 0 0 0 0 0 0 0 0 0 0 0 0 0 0 0 0 
0 0 0 0 0.1918 0.7985 0.0097 0 0 0 0 0 0 0 0 0 0 0 0 0 0 0 0 0 0 0 0 0 0 0 
0 0 0 0.0002 0.6238 0.3735 0.0025 0 0 0 0 0 0 0 0 0 0 0 0 0 0 0 0 0 0 0 0 0 0 0 
0 0 0 0.0001 0.4172 0.5807 0.002 0 0 0 0 0 0 0 0 0 0 0 0 0 0 0 0 0 0 0 0 0 0 0 
0 0.0001 0 0.0006 0.8219 0.1766 0.0007 0 0 0 0 0 0 0 0 0 0 0 0 0 0 0 0 0 0 0 0 0 0 0 
0 0 0 0.0001 0.4825 0.5162 0.0012 0 0 0 0 0 0 0 0 0 0 0 0 0 0 0 0 0 0 0 0 0 0 0 
0 0 0 0 0 0.0002 0.1699 0.0453 0.0937 0.691 0 0 0 0 0 0 0 0 0 0 0 0 0 0 0 0 0 0 0 0 
0 0 0 0 0 0.0001 0.1422 0.0502 0.0917 0.7158 0 0 0 0 0 0 0 0 0 0 0 0 0 0 0 0 0 0 0 0 
0 0 0 0 0 0.0001 0.1425 0.0449 0.0803 0.7322 0 0 0 0 0 0 0 0 0 0 0 0 0 0 0 0 0 0 0 0 
0 0 0 0 0 0.0002 0.1764 0.0521 0.1189 0.6524 0 0 0 0 0 0 0 0 0 0 0 0 0 0 0 0 0 0 0 0 
0 0 0 0 0 0.0002 0.2274 0.0465 0.1149 0.611 0 0 0 0 0 0 0 0 0 0 0 0 0 0 0 0 0 0 0 0 
0 0 0 0 0 0.0002 0.2252 0.0589 0.1707 0.545 0 0 0 0 0 0 0 0 0 0 0 0 0 0 0 0 0 0 0 0 
0 0 0 0 0 0.0003 0.3231 0.0481 0.1388 0.4898 0 0 0 0 0 0 0 0 0 0 0 0 0 0 0 0 0 0 0 0 
0 0 0 0 0 0.0001 0.1262 0.0455 0.0759 0.7523 0 0 0 0 0 0 0 0 0 0 0 0 0 0 0 0 0 0 0 0 
0 0 0 0 0 0.0001 0.1242 0.0431 0.0708 0.7617 0 0 0 0 0 0 0 0 0 0 0 0 0 0 0 0 0 0 0 0 
0 0 0 0 0 0.0001 0.1253 0.0473 0.0773 0.7499 0 0 0 0 0 0 0 0 0 0 0 0 0 0 0 0 0 0 0 0 
0 0 0 0 0 0.0001 0.1327 0.0543 0.0925 0.7204 0 0 0 0 0 0 0 0 0 0 0 0 0 0 0 0 0 0 0 0 
0 0 0 0 0 0.0001 0.1325 0.0717 0.1273 0.6683 0 0 0 0 0 0 0 0 0 0 0 0 0 0 0 0 0 0 0 0 
0 0 0 0 0 0.0002 0.2895 0.0775 0.2976 0.3353 0 0 0 0 0 0 0 0 0 0 0 0 0 0 0 0 0 0 0 0 
0 0 0 0 0 0.0006 0.6032 0.0404 0.1034 0.2524 0 0 0 0 0 0 0 0 0 0 0 0 0 0 0 0 0 0 0 0 
0 0 0 0 0 0.0001 0.1195 0.0472 0.0721 0.761 0 0 0 0 0 0 0 0 0 0 0 0 0 0 0 0 0 0 0 0 
0 0 0 0 0 0.0001 0.1165 0.0532 0.077 0.7532 0 0 0 0 0 0 0 0 0 0 0 0 0 0 0 0 0 0 0 0 
0 0 0 0 0 0.0001 0.1023 0.0581 0.0758 0.7637 0 0 0 0 0 0 0 0 0 0 0 0 0 0 0 0 0 0 0 0 
0 0 0 0 0 0.0001 0.078 0.0768 0.0696 0.7756 0 0 0 0 0 0 0 0 0 0 0 0 0 0 0 0 0 0 0 0 
0 0 0 0 0 0 0.0842 0.1588 0.1041 0.6528 0 0 0 0 0 0 0 0 0 0 0 0 0 0 0 0 0 0 0 0 
0 0 0 0 0 0 0.0676 0.1066 0.0665 0.7592 0 0 0 0 0 0 0 0 0 0 0 0 0 0 0 0 0 0 0 0 
0 0 0 0 0 0 0.0591 0.0835 0.0493 0.8081 0 0 0 0 0 0 0 0 0 0 0 0 0 0 0 0 0 0 0 0 
0 0 0 0 0 0 0.0481 0.1091 0.0429 0.7999 0 0 0 0 0 0 0 0 0 0 0 0 0 0 0 0 0 0 0 0 
0 0 0 0 0 0 0.0539 0.0865 0.0429 0.8167 0 0 0 0 0 0 0 0 0 0 0 0 0 0 0 0 0 0 0 0 
0 0 0 0 0 0 0.0562 0.0739 0.0425 0.8272 0 0 0 0 0 0 0 0 0 0 0 0 0 0 0 0 0 0 0 0 
0 0 0 0 0 0 0.0551 0.0752 0.0412 0.8284 0 0 0 0 0 0 0 0 0 0 0 0 0 0 0 0 0 0 0 0 
0 0 0 0 0 0.0001 0.0775 0.0615 0.0576 0.8033 0 0 0 0 0 0 0 0 0 0 0 0 0 0 0 0 0 0 0 0 
0 0 0 0 0 0 0.0602 0.0716 0.048 0.8202 0 0 0 0 0 0 0 0 0 0 0 0 0 0 0 0 0 0 0 0 
0 0 0 0 0 0 0.0565 0.0706 0.0421 0.8307 0 0 0 0 0 0 0 0 0 0 0 0 0 0 0 0 0 0 0 0 
0 0 0 0 0 0.0001 0.0597 0.0634 0.0435 0.8334 0 0 0 0 0 0 0 0 0 0 0 0 0 0 0 0 0 0 0 0 
0 0 0 0 0 0 0.0558 0.0675 0.0405 0.8361 0 0 0 0 0 0 0 0 0 0 0 0 0 0 0 0 0 0 0 0 
0.0001 0.0007 0.0012 0.0071 0.0041 0 0 0 0 0 0.0056 0.0027 0 0 0 0 0 0.0072 0.5831 0.388 0 0 0 0 0 0 0 0 0 0 
0.0002 0.0012 0.0021 0.0104 0.0058 0 0 0 0 0 0.0102 0.0049 0 0 0 0 0 0.0127 0.6987 0.2536 0 0 0 0 0 0 0 0 0 0 
0.0002 0.0012 0.0021 0.012 0.0068 0 0 0 0 0 0.0089 0.0042 0 0 0 0 0 0.0127 0.7008 0.251 0 0 0 0 0 0 0 0 0 0 
0.0003 0.0022 0.0038 0.0166 0.0091 0 0 0 0 0 0.0163 0.0076 0 0 0 0 0 0.0224 0.7636 0.1582 0.0001 0 0 0 0 0.0001 0 0 0 0 
0.0001 0.0007 0.0012 0.0083 0.0049 0 0 0 0 0 0.0048 0.0023 0 0 0 0 0 0.0072 0.5946 0.3759 0 0 0 0 0 0 0 0 0 0 
0.0001 0.0005 0.0008 0.0053 0.0032 0 0 0 0 0 0.0037 0.0018 0 0 0 0 0 0.0048 0.4445 0.5353 0 0 0 0 0 0 0 0 0 0 
0.0001 0.0004 0.0007 0.0045 0.0026 0 0 0 0 0 0.0039 0.0019 0 0 0 0 0 0.0045 0.4089 0.5724 0 0 0 0 0 0 0 0 0 0 
0 0.0003 0.0005 0.0033 0.0019 0 0 0 0 0 0.0031 0.0016 0 0 0 0 0 0.0034 0.3183 0.6676 0 0 0 0 0 0 0 0 0 0 
0.0001 0.0004 0.0007 0.0058 0.0035 0 0 0 0 0 0.0027 0.0013 0 0 0 0 0 0.0043 0.4742 0.5071 0 0 0 0 0 0 0 0 0 0 
0.0001 0.0003 0.0006 0.0048 0.0029 0 0 0 0 0 0.0025 0.0012 0 0 0 0 0 0.0036 0.3821 0.602 0 0 0 0 0 0 0 0 0 0 
0 0.0003 0.0005 0.0052 0.0032 0 0 0 0 0 0.0017 0.0008 0 0 0 0 0 0.0031 0.3643 0.6208 0 0 0 0 0 0 0 0 0 0 
0.0001 0.0004 0.0006 0.0042 0.0025 0 0 0 0 0 0.003 0.0015 0 0 0 0 0 0.0038 0.3611 0.6229 0 0 0 0 0 0 0 0 0 0 
0.0001 0.0003 0.0006 0.0037 0.0022 0 0 0 0 0 0.003 0.0015 0 0 0 0 0 0.0035 0.3357 0.6493 0 0 0 0 0 0 0 0 0 0 
0 0.0003 0.0006 0.0034 0.002 0 0 0 0 0 0.003 0.0015 0 0 0 0 0 0.0034 0.3213 0.6644 0 0 0 0 0 0 0 0 0 0 
0 0.0003 0.0005 0.0033 0.0019 0 0 0 0 0 0.003 0.0015 0 0 0 0 0 0.0033 0.3163 0.6697 0 0 0 0 0 0 0 0 0 0 
0 0.0002 0.0004 0.0025 0.0015 0 0 0 0 0 0.0024 0.0012 0 0 0 0 0 0.0025 0.2468 0.7424 0 0 0 0 0 0 0 0 0 0 
0 0.0002 0.0004 0.0026 0.0015 0 0 0 0 0 0.0024 0.0012 0 0 0 0 0 0.0026 0.2485 0.7406 0 0 0 0 0 0 0 0 0 0 
0 0.0002 0.0004 0.0027 0.0016 0 0 0 0 0 0.0023 0.0012 0 0 0 0 0 0.0026 0.2539 0.7349 0 0 0 0 0 0 0 0 0 0 
0 0.0003 0.0004 0.0029 0.0017 0 0 0 0 0 0.0023 0.0012 0 0 0 0 0 0.0027 0.2647 0.7236 0 0 0 0 0 0 0 0 0 0 
0 0.0003 0.0005 0.0033 0.0019 0 0 0 0 0 0.0023 0.0011 0 0 0 0 0 0.0028 0.2791 0.7087 0 0 0 0 0 0 0 0 0 0 
0 0.0003 0.0004 0.0036 0.0022 0 0 0 0 0 0.002 0.001 0 0 0 0 0 0.0028 0.2892 0.6984 0 0 0 0 0 0 0 0 0 0 
0 0.0002 0.0004 0.004 0.0025 0 0 0 0 0 0.0014 0.0006 0 0 0 0 0 0.0024 0.2682 0.7203 0 0 0 0 0 0 0 0 0 0 
0 0.0002 0.0003 0.0025 0.0015 0 0 0 0 0 0.0013 0.0006 0 0 0 0 0 0.0018 0.1901 0.8016 0 0 0 0 0 0 0 0 0 0 
0 0.0001 0.0002 0.0014 0.0009 0 0 0 0 0 0.0009 0.0004 0 0 0 0 0 0.0011 0.1145 0.8805 0 0 0 0 0 0 0 0 0 0 
0 0.0002 0.0003 0.0023 0.0014 0 0 0 0 0 0.0015 0.0007 0 0 0 0 0 0.0019 0.1892 0.8025 0 0 0 0 0 0 0 0 0 0 
0 0.0001 0.0002 0.0013 0.0008 0 0 0 0 0 0.001 0.0005 0 0 0 0 0 0.0011 0.1128 0.8823 0 0 0 0 0 0 0 0 0 0 
0 0.0002 0.0003 0.0021 0.0012 0 0 0 0 0 0.0016 0.0008 0 0 0 0 0 0.0018 0.1831 0.8089 0 0 0 0 0 0 0 0 0 0 
0 0.0002 0.0003 0.0019 0.0011 0 0 0 0 0 0.0016 0.0008 0 0 0 0 0 0.0018 0.1778 0.8144 0 0 0 0 0 0 0 0 0 0 
0 0.0002 0.0003 0.0018 0.0011 0 0 0 0 0 0.0016 0.0008 0 0 0 0 0 0.0018 0.1744 0.818 0 0 0 0 0 0 0 0 0 0 
0 0.0001 0.0002 0.0012 0.0007 0 0 0 0 0 0.001 0.0005 0 0 0 0 0 0.0011 0.1113 0.8838 0 0 0 0 0 0 0 0 0 0 
0 0.0001 0.0001 0.0009 0.0005 0 0 0 0 0 0.0005 0.0003 0 0 0 0 0 0.0007 0.0699 0.927 0 0 0 0 0 0 0 0 0 0 
0 0.0001 0.0002 0.0015 0.0009 0 0 0 0 0 0.0008 0.0004 0 0 0 0 0 0.0011 0.1112 0.8838 0 0 0 0 0 0 0 0 0 0 
0 0.0001 0.0001 0.0008 0.0005 0 0 0 0 0 0.0006 0.0003 0 0 0 0 0 0.0007 0.0706 0.9263 0 0 0 0 0 0 0 0 0 0 
0 0.0001 0.0001 0.0008 0.0005 0 0 0 0 0 0.0006 0.0003 0 0 0 0 0 0.0007 0.0705 0.9264 0 0 0 0 0 0 0 0 0 0 
0 0.0001 0.0002 0.0012 0.0007 0 0 0 0 0 0.001 0.0005 0 0 0 0 0 0.0011 0.1101 0.8851 0 0 0 0 0 0 0 0 0 0 
0 0.0002 0.0003 0.0018 0.001 0 0 0 0 0 0.0017 0.0008 0 0 0 0 0 0.0017 0.1733 0.8192 0 0 0 0 0 0 0 0 0 0 
0 0 0.0001 0.0006 0.0003 0 0 0 0 0 0.0004 0.0002 0 0 0 0 0 0.0005 0.0489 0.9489 0 0 0 0 0 0 0 0 0 0 
0 0.0001 0.0002 0.0011 0.0007 0 0 0 0 0 0.0011 0.0005 0 0 0 0 0 0.0011 0.1096 0.8856 0 0 0 0 0 0 0 0 0 0 
0 0.0001 0.0001 0.0007 0.0004 0 0 0 0 0 0.0007 0.0004 0 0 0 0 0 0.0007 0.0711 0.9258 0 0 0 0 0 0 0 0 0 0 
0 0 0.0001 0.0005 0.0003 0 0 0 0 0 0.0005 0.0003 0 0 0 0 0 0.0005 0.0504 0.9474 0 0 0 0 0 0 0 0 0 0 
0 0.0001 0.0001 0.0008 0.0005 0 0 0 0 0 0.0007 0.0003 0 0 0 0 0 0.0007 0.0709 0.926 0 0 0 0 0 0 0 0 0 0 
0 0 0.0001 0.0005 0.0003 0 0 0 0 0 0.0005 0.0002 0 0 0 0 0 0.0005 0.0501 0.9477 0 0 0 0 0 0 0 0 0 0 
0 0 0.0001 0.0004 0.0003 0 0 0 0 0 0.0003 0.0002 0 0 0 0 0 0.0004 0.0373 0.961 0 0 0 0 0 0 0 0 0 0 
0 0 0.0001 0.0004 0.0003 0 0 0 0 0 0.0003 0.0002 0 0 0 0 0 0.0004 0.0364 0.962 0 0 0 0 0 0 0 0 0 0 
0 0 0 0.0003 0.0002 0 0 0 0 0 0.0003 0.0001 0 0 0 0 0 0.0003 0.0292 0.9696 0 0 0 0 0 0 0 0 0 0 
0 0 0 0.0003 0.0002 0 0 0 0 0 0.0003 0.0001 0 0 0 0 0 0.0003 0.0289 0.9698 0 0 0 0 0 0 0 0 0 0 
0 0 0 0.0003 0.0002 0 0 0 0 0 0.0002 0.0001 0 0 0 0 0 0.0002 0.023 0.976 0 0 0 0 0 0 0 0 0 0 
0 0 0 0.0002 0.0001 0 0 0 0 0 0.0002 0.0001 0 0 0 0 0 0.0002 0.0227 0.9763 0 0 0 0 0 0 0 0 0 0 
0 0 0 0.0002 0.0001 0 0 0 0 0 0.0002 0.0001 0 0 0 0 0 0.0002 0.0174 0.9818 0 0 0 0 0 0 0 0 0 0 
0 0 0 0.0003 0.0002 0 0 0 0 0 0.0003 0.0001 0 0 0 0 0 0.0003 0.0292 0.9695 0 0 0 0 0 0 0 0 0 0 
0 0 0.0001 0.0004 0.0002 0 0 0 0 0 0.0004 0.0002 0 0 0 0 0 0.0004 0.0376 0.9608 0 0 0 0 0 0 0 0 0 0 
0 0 0 0.0005 0.0003 0 0 0 0 0 0.0003 0.0001 0 0 0 0 0 0.0003 0.0343 0.9641 0 0 0 0 0 0 0 0 0 0 
0 0 0.0001 0.0006 0.0004 0 0 0 0 0 0.0003 0.0002 0 0 0 0 0 0.0004 0.044 0.954 0 0 0 0 0 0 0 0 0 0 
0 0 0.0001 0.0006 0.0004 0 0 0 0 0 0.0004 0.0002 0 0 0 0 0 0.0004 0.0465 0.9514 0 0 0 0 0 0 0 0 0 0 
0 0 0.0001 0.0004 0.0003 0 0 0 0 0 0.0003 0.0001 0 0 0 0 0 0.0003 0.0354 0.963 0 0 0 0 0 0 0 0 0 0 
0 0 0 0.0004 0.0002 0 0 0 0 0 0.0002 0.0001 0 0 0 0 0 0.0003 0.0283 0.9705 0 0 0 0 0 0 0 0 0 0 
0 0 0 0.0003 0.0002 0 0 0 0 0 0.0002 0.0001 0 0 0 0 0 0.0002 0.0236 0.9753 0 0 0 0 0 0 0 0 0 0 
0 0 0 0.0002 0.0001 0 0 0 0 0 0.0002 0.0001 0 0 0 0 0 0.0002 0.018 0.9812 0 0 0 0 0 0 0 0 0 0 
0 0 0 0.0001 0.0001 0 0 0 0 0 0.0001 0.0001 0 0 0 0 0 0.0001 0.0134 0.986 0 0 0 0 0 0 0 0 0 0 
0 0 0.0001 0.0006 0.0004 0 0 0 0 0 0.0004 0.0002 0 0 0 0 0 0.0005 0.0477 0.9502 0 0 0 0 0 0 0 0 0 0 
0 0 0 0.0001 0.0001 0 0 0 0 0 0.0001 0.0001 0 0 0 0 0 0.0001 0.0108 0.9887 0 0 0 0 0 0 0 0 0 0 
0 0 0 0.0001 0.0001 0 0 0 0 0 0.0001 0 0 0 0 0 0 0.0001 0.0093 0.9903 0 0 0 0 0 0 0 0 0 0 
0 0 0 0.0001 0.0001 0 0 0 0 0 0.0001 0.0001 0 0 0 0 0 0.0001 0.0113 0.9882 0 0 0 0 0 0 0 0 0 0 
0 0 0 0.0002 0.0001 0 0 0 0 0 0.0001 0.0001 0 0 0 0 0 0.0001 0.0142 0.9852 0 0 0 0 0 0 0 0 0 0 
0 0 0 0.0002 0.0001 0 0 0 0 0 0.0002 0.0001 0 0 0 0 0 0.0002 0.0195 0.9796 0 0 0 0 0 0 0 0 0 0 
0 0 0 0.0003 0.0002 0 0 0 0 0 0.0002 0.0001 0 0 0 0 0 0.0002 0.0245 0.9744 0 0 0 0 0 0 0 0 0 0 
0 0 0 0.0004 0.0002 0 0 0 0 0 0.0002 0.0001 0 0 0 0 0 0.0003 0.027 0.9718 0 0 0 0 0 0 0 0 0 0 
0 0 0 0.0002 0.0001 0 0 0 0 0 0.0001 0.0001 0 0 0 0 0 0.0002 0.0159 0.9834 0 0 0 0 0 0 0 0 0 0 
0 0 0 0.0003 0.0002 0 0 0 0 0 0.0002 0.0001 0 0 0 0 0 0.0002 0.0222 0.9768 0 0 0 0 0 0 0 0 0 0 
0 0 0 0.0002 0.0001 0 0 0 0 0 0.0001 0.0001 0 0 0 0 0 0.0001 0.0129 0.9865 0 0 0 0 0 0 0 0 0 0 
0 0 0 0.0001 0.0001 0 0 0 0 0 0.0001 0 0 0 0 0 0 0.0001 0.0105 0.989 0 0 0 0 0 0 0 0 0 0 
0 0 0 0.0002 0.0001 0 0 0 0 0 0.0001 0 0 0 0 0 0 0.0001 0.0129 0.9865 0 0 0 0 0 0 0 0 0 0 
0 0 0 0.0001 0.0001 0 0 0 0 0 0.0001 0 0 0 0 0 0 0.0001 0.0088 0.9908 0 0 0 0 0 0 0 0 0 0 
0 0 0 0.0002 0.0001 0 0 0 0 0 0.0001 0 0 0 0 0 0 0.0001 0.0108 0.9887 0 0 0 0 0 0 0 0 0 0 
0 0 0 0.0001 0.0001 0 0 0 0 0 0.0001 0 0 0 0 0 0 0.0001 0.0077 0.992 0 0 0 0 0 0 0 0 0 0 
0 0 0 0.0001 0.0001 0 0 0 0 0 0.0001 0 0 0 0 0 0 0.0001 0.0092 0.9903 0 0 0 0 0 0 0 0 0 0 
0 0 0 0.0002 0.0001 0 0 0 0 0 0.0001 0 0 0 0 0 0 0.0001 0.0124 0.987 0 0 0 0 0 0 0 0 0 0 
0 0 0 0.0001 0.0001 0 0 0 0 0 0.0001 0 0 0 0 0 0 0.0001 0.0081 0.9915 0 0 0 0 0 0 0 0 0 0 
0 0 0 0.0002 0.0001 0 0 0 0 0 0.0001 0 0 0 0 0 0 0.0001 0.0108 0.9886 0 0 0 0 0 0 0 0 0 0 
0 0 0 0.0001 0.0001 0 0 0 0 0 0.0001 0 0 0 0 0 0 0.0001 0.0071 0.9925 0 0 0 0 0 0 0 0 0 0 
0 0 0 0.0001 0.0001 0 0 0 0 0 0.0001 0 0 0 0 0 0 0.0001 0.0068 0.9929 0 0 0 0 0 0 0 0 0 0 
0 0 0 0.0001 0.0001 0 0 0 0 0 0.0001 0 0 0 0 0 0 0.0001 0.0078 0.9918 0 0 0 0 0 0 0 0 0 0 
0 0 0 0.0001 0.0001 0 0 0 0 0 0.0001 0 0 0 0 0 0 0.0001 0.0071 0.9925 0 0 0 0 0 0 0 0 0 0 
0 0 0 0.0001 0.0001 0 0 0 0 0 0.0001 0 0 0 0 0 0 0.0001 0.0065 0.9932 0 0 0 0 0 0 0 0 0 0 
0 0 0 0.0001 0 0 0 0 0 0 0.0001 0 0 0 0 0 0 0.0001 0.0064 0.9933 0 0 0 0 0 0 0 0 0 0 
0 0 0 0.0001 0.0001 0 0 0 0 0 0.0001 0 0 0 0 0 0 0.0001 0.0074 0.9922 0 0 0 0 0 0 0 0 0 0 
0 0 0 0.0001 0.0001 0 0 0 0 0 0.0001 0 0 0 0 0 0 0.0001 0.009 0.9906 0 0 0 0 0 0 0 0 0 0 
0 0 0 0.0001 0 0 0 0 0 0 0.0001 0 0 0 0 0 0 0.0001 0.0061 0.9936 0 0 0 0 0 0 0 0 0 0 
0 0 0 0.0001 0.0001 0 0 0 0 0 0.0001 0 0 0 0 0 0 0.0001 0.0066 0.993 0 0 0 0 0 0 0 0 0 0 
0 0 0 0.0001 0.0001 0 0 0 0 0 0.0001 0 0 0 0 0 0 0.0001 0.0097 0.9898 0 0 0 0 0 0 0 0 0 0 
0 0 0 0.0001 0.0001 0 0 0 0 0 0.0001 0.0001 0 0 0 0 0 0.0001 0.009 0.9905 0 0 0 0 0 0 0 0 0 0 
0 0 0 0.0003 0.0002 0 0 0 0 0 0.0001 0.0001 0 0 0 0 0 0.0002 0.0161 0.983 0 0 0 0 0 0 0 0 0 0 
0 0 0 0.0002 0.0001 0 0 0 0 0 0.0002 0.0001 0 0 0 0 0 0.0002 0.0154 0.9838 0 0 0 0 0 0 0 0 0 0 
0 0 0 0.0005 0.0003 0 0 0 0 0 0.0002 0.0001 0 0 0 0 0 0.0003 0.0298 0.9686 0 0 0 0 0 0 0 0 0 0 
0 0 0 0.0004 0.0002 0 0 0 0 0 0.0003 0.0002 0 0 0 0 0 0.0003 0.0292 0.9693 0 0 0 0 0 0 0 0 0 0 
0 0 0 0.001 0.0007 0 0 0 0 0 0.0005 0.0003 0 0 0 0 0 0.0007 0.0593 0.9376 0 0 0 0 0 0 0 0 0 0 
0 0 0.0001 0.0024 0.0016 0 0 0 0 0 0.0007 0.0004 0 0 0 0 0 0.0014 0.119 0.8744 0 0 0 0 0 0 0 0 0 0 
0 0 0.0001 0.002 0.0013 0 0 0 0 0 0.001 0.0005 0 0 0 0 0 0.0015 0.1202 0.8734 0 0 0 0 0 0 0 0 0 0 
0 0 0 0.0011 0.0008 0 0 0 0 0 0.0004 0.0002 0 0 0 0 0 0.0007 0.0593 0.9374 0 0 0 0 0 0 0 0 0 0 
0 0 0 0.0006 0.0004 0 0 0 0 0 0.0002 0.0001 0 0 0 0 0 0.0003 0.0308 0.9675 0 0 0 0 0 0 0 0 0 0 
0 0 0 0.0003 0.0002 0 0 0 0 0 0.0001 0.0001 0 0 0 0 0 0.0002 0.0174 0.9817 0 0 0 0 0 0 0 0 0 0 
0 0.0001 0.0001 0.0045 0.0031 0 0 0 0 0 0.0012 0.0007 0 0 0 0 0 0.0027 0.2233 0.7643 0 0 0 0 0 0 0 0 0 0 
0 0.0001 0.0001 0.005 0.0035 0 0 0 0 0 0.0009 0.0004 0 0 0 0 0 0.0023 0.2147 0.773 0 0 0 0 0 0 0 0 0 0 
0 0 0.0001 0.0026 0.0018 0 0 0 0 0 0.0005 0.0003 0 0 0 0 0 0.0013 0.119 0.8743 0 0 0 0 0 0 0 0 0 0 
0 0 0 0.0012 0.0008 0 0 0 0 0 0.0003 0.0002 0 0 0 0 0 0.0006 0.0601 0.9366 0 0 0 0 0 0 0 0 0 0 
0 0 0 0.0006 0.0004 0 0 0 0 0 0.0002 0.0001 0 0 0 0 0 0.0003 0.033 0.9653 0 0 0 0 0 0 0 0 0 0 
0 0 0 0.0004 0.0002 0 0 0 0 0 0.0001 0.0001 0 0 0 0 0 0.0002 0.0192 0.9798 0 0 0 0 0 0 0 0 0 0 
0 0 0 0.0002 0.0002 0 0 0 0 0 0.0001 0 0 0 0 0 0 0.0001 0.0146 0.9847 0 0 0 0 0 0 0 0 0 0 
0 0 0 0.0004 0.0003 0 0 0 0 0 0.0001 0.0001 0 0 0 0 0 0.0002 0.0221 0.9768 0 0 0 0 0 0 0 0 0 0 
0 0 0 0.0007 0.0005 0 0 0 0 0 0.0002 0.0001 0 0 0 0 0 0.0004 0.0372 0.9609 0 0 0 0 0 0 0 0 0 0 
0 0 0.0001 0.0013 0.0009 0 0 0 0 0 0.0003 0.0001 0 0 0 0 0 0.0006 0.0632 0.9334 0 0 0 0 0 0 0 0 0 0 
0 0 0.0001 0.0014 0.0009 0 0 0 0 0 0.0003 0.0002 0 0 0 0 0 0.0007 0.071 0.9254 0 0 0 0 0 0 0 0 0 0 
0 0 0.0001 0.0008 0.0005 0 0 0 0 0 0.0002 0.0001 0 0 0 0 0 0.0004 0.0435 0.9543 0 0 0 0 0 0 0 0 0 0 
0 0 0 0.0004 0.0003 0 0 0 0 0 0.0002 0.0001 0 0 0 0 0 0.0003 0.0258 0.973 0 0 0 0 0 0 0 0 0 0 
0 0 0 0.0003 0.0002 0 0 0 0 0 0.0001 0.0001 0 0 0 0 0 0.0002 0.0173 0.9819 0 0 0 0 0 0 0 0 0 0 
0 0 0 0.0002 0.0001 0 0 0 0 0 0.0001 0.0001 0 0 0 0 0 0.0002 0.0159 0.9834 0 0 0 0 0 0 0 0 0 0 
0 0 0 0.0003 0.0002 0 0 0 0 0 0.0001 0.0001 0 0 0 0 0 0.0002 0.0192 0.9799 0 0 0 0 0 0 0 0 0 0 
0 0 0 0.0003 0.0002 0 0 0 0 0 0.0001 0.0001 0 0 0 0 0 0.0002 0.0214 0.9775 0 0 0 0 0 0 0 0 0 0 
0 0 0 0.0005 0.0003 0 0 0 0 0 0.0002 0.0001 0 0 0 0 0 0.0003 0.0323 0.9661 0 0 0 0 0 0 0 0 0 0 
0 0 0.0001 0.0009 0.0006 0 0 0 0 0 0.0003 0.0002 0 0 0 0 0 0.0005 0.0556 0.9417 0 0 0 0 0 0 0 0 0 0 
0 0 0.0001 0.0006 0.0004 0 0 0 0 0 0.0003 0.0001 0 0 0 0 0 0.0004 0.0385 0.9597 0 0 0 0 0 0 0 0 0 0 
0 0 0 0.0004 0.0002 0 0 0 0 0 0.0002 0.0001 0 0 0 0 0 0.0003 0.0268 0.972 0 0 0 0 0 0 0 0 0 0 
0 0 0 0.0005 0.0003 0 0 0 0 0 0.0003 0.0001 0 0 0 0 0 0.0003 0.0341 0.9644 0 0 0 0 0 0 0 0 0 0 
0 0.0001 0.0001 0.001 0.0006 0 0 0 0 0 0.0004 0.0002 0 0 0 0 0 0.0006 0.0649 0.9321 0 0 0 0 0 0 0 0 0 0 
0 0.0001 0.0001 0.0016 0.001 0 0 0 0 0 0.0005 0.0002 0 0 0 0 0 0.0009 0.0902 0.9055 0 0 0 0 0 0 0 0 0 0 
0 0.0001 0.0001 0.0024 0.0016 0 0 0 0 0 0.0005 0.0002 0 0 0 0 0 0.0011 0.1177 0.8762 0 0 0 0 0 0 0 0 0 0 
0 0.0001 0.0001 0.0025 0.0017 0 0 0 0 0 0.0005 0.0002 0 0 0 0 0 0.0011 0.1141 0.8796 0 0 0 0 0 0 0 0 0 0 
0 0.0001 0.0001 0.0009 0.0006 0 0 0 0 0 0.0005 0.0002 0 0 0 0 0 0.0006 0.0676 0.9293 0 0 0 0 0 0 0 0 0 0 
0 0.0001 0.0001 0.0016 0.001 0 0 0 0 0 0.0006 0.0003 0 0 0 0 0 0.001 0.1027 0.8926 0 0 0 0 0 0 0 0 0 0 
0 0.0001 0.0002 0.0025 0.0017 0 0 0 0 0 0.0006 0.0003 0 0 0 0 0 0.0013 0.1362 0.8572 0 0 0 0 0 0 0 0 0 0 
0 0.0001 0.0003 0.0041 0.0027 0 0 0 0 0 0.0009 0.0004 0 0 0 0 0 0.0019 0.2093 0.7803 0 0 0 0 0 0 0 0 0 0 
0 0.0001 0.0002 0.0037 0.0025 0 0 0 0 0 0.0007 0.0003 0 0 0 0 0 0.0016 0.1754 0.8155 0 0 0 0 0 0 0 0 0 0 
0 0.0001 0.0002 0.0026 0.0017 0 0 0 0 0 0.0009 0.0005 0 0 0 0 0 0.0016 0.172 0.8203 0 0 0 0 0 0 0 0 0 0 
0 0.0001 0.0002 0.0051 0.0035 0 0 0 0 0 0.0008 0.0004 0 0 0 0 0 0.0021 0.2154 0.7725 0 0 0 0 0 0 0 0 0 0 
0 0.0002 0.0003 0.0058 0.0038 0 0 0 0 0 0.0011 0.0005 0 0 0 0 0 0.0026 0.2879 0.6976 0 0 0 0 0 0 0 0 0 0 
0 0.0002 0.0003 0.0091 0.0062 0 0 0 0 0 0.0011 0.0005 0 0 0 0 0 0.0034 0.354 0.6253 0 0 0 0 0 0 0 0 0 0 
0 0.0003 0.0005 0.0087 0.0057 0 0 0 0 0 0.0015 0.0007 0 0 0 0 0 0.0037 0.4042 0.5747 0 0 0 0 0 0 0 0 0 0 
0.0001 0.0003 0.0006 0.0066 0.0041 0 0 0 0 0 0.0019 0.0009 0 0 0 0 0 0.0038 0.4654 0.5162 0 0 0 0 0 0 0 0 0 0 
0.0001 0.0006 0.001 0.0122 0.0076 0 0 0 0 0 0.0029 0.0013 0 0 0 0 0 0.0064 0.6155 0.3524 0 0 0 0 0 0 0 0 0 0 
0.0001 0.0007 0.0011 0.01 0.006 0 0 0 0 0 0.0039 0.0018 0 0 0 0 0 0.007 0.6098 0.3596 0 0 0 0 0 0 0 0 0 0 
0 0.0002 0.0003 0.0146 0.0102 0 0 0 0 0 0.0018 0.0009 0 0 0 0 0 0.006 0.5751 0.3907 0 0 0 0 0 0 0 0 0 0 
0 0.0001 0.0002 0.0089 0.0062 0 0 0 0 0 0.0013 0.0006 0 0 0 0 0 0.0039 0.3649 0.6138 0 0 0 0 0 0 0 0 0 0 
0.0002 0.0012 0.0021 0.0145 0.0084 0 0 0 0 0 0.0075 0.0034 0 0 0 0 0 0.0126 0.7106 0.2394 0 0 0 0 0 0 0 0 0 0 
0.0003 0.0022 0.0038 0.0197 0.0109 0 0 0 0 0 0.0141 0.0064 0 0 0 0 0 0.0227 0.7658 0.1537 0.0001 0 0 0 0 0.0001 0 0 0 0 
0.0006 0.0037 0.0065 0.025 0.0133 0 0 0 0 0 0.0247 0.0111 0 0 0 0 0 0.0386 0.7781 0.0981 0.0001 0 0 0 0 0.0001 0 0 0 0 
0.0002 0.0012 0.002 0.0179 0.0107 0 0 0 0 0 0.0059 0.0026 0 0 0 0 0 0.0121 0.7229 0.2245 0 0 0 0 0 0 0 0 0 0 
0.0003 0.0022 0.0038 0.0252 0.0143 0 0 0 0 0 0.0115 0.0051 0 0 0 0 0 0.0228 0.7733 0.1413 0.0001 0 0 0 0 0.0001 0 0 0 0 
0.0006 0.0038 0.0067 0.0305 0.0164 0 0 0 0 0 0.0212 0.0094 0 0 0 0 0 0.0397 0.7776 0.0938 0.0001 0 0 0 0 0.0001 0 0 0 0 
0.0009 0.006 0.0107 0.0353 0.0182 0 0 0 0 0 0.0349 0.0151 0 0 0 0 0 0.0635 0.7519 0.063 0.0002 0 0 0 0 0.0001 0 0 0 0 
0.001 0.0062 0.0109 0.0428 0.0223 0 0 0 0 0 0.0299 0.0128 0 0 0 0 0 0.0651 0.7482 0.0606 0.0002 0 0 0 0 0.0001 0 0 0 0 
0.0012 0.0079 0.0141 0.0422 0.0214 0 0 0 0 0 0.0417 0.0177 0 0 0 0 0 0.0846 0.7198 0.0488 0.0002 0 0 0 0 0.0002 0 0 0 0 
0.0012 0.0079 0.014 0.0492 0.0252 0 0 0 0 0 0.0357 0.015 0 0 0 0 0 0.0839 0.719 0.0485 0.0002 0 0 0 0 0.0002 0 0 0 0 
0.0001 0.0004 0.0007 0.0147 0.0096 0 0 0 0 0 0.002 0.0009 0 0 0 0 0 0.0056 0.6025 0.3634 0 0 0 0 0 0 0 0 0 0 
0.0002 0.001 0.0017 0.022 0.0137 0 0 0 0 0 0.0041 0.0018 0 0 0 0 0 0.0106 0.729 0.2159 0 0 0 0 0 0 0 0 0 0 
0.0003 0.0021 0.0035 0.0326 0.0191 0 0 0 0 0 0.0084 0.0037 0 0 0 0 0 0.0211 0.7806 0.1285 0.0001 0 0 0 0 0 0 0 0 0 
0.0006 0.004 0.0069 0.0414 0.0227 0 0 0 0 0 0.0171 0.0073 0 0 0 0 0 0.0409 0.7767 0.0821 0.0001 0 0 0 0 0.0001 0 0 0 0 
0.001 0.0068 0.0118 0.0589 0.031 0 0 0 0 0 0.025 0.0104 0 0 0 0 0 0.07 0.733 0.0517 0.0002 0 0 0 0 0.0001 0 0 0 0 
0.0001 0.0007 0.0012 0.0487 0.0341 0 0 0 0 0 0.0028 0.0012 0 0 0 0 0 0.0124 0.7606 0.1382 0 0 0 0 0 0 0 0 0 0 
0.0001 0.0007 0.0012 0.0251 0.0166 0 0 0 0 0 0.0026 0.0012 0 0 0 0 0 0.0085 0.7232 0.2207 0 0 0 0 0 0 0 0 0 0 
0.0001 0.0005 0.0008 0.0275 0.0191 0 0 0 0 0 0.0021 0.0009 0 0 0 0 0 0.0083 0.7022 0.2385 0 0 0 0 0 0 0 0 0 0 
0 0.0003 0.0005 0.0161 0.0111 0 0 0 0 0 0.0015 0.0007 0 0 0 0 0 0.0054 0.582 0.3824 0 0 0 0 0 0 0 0 0 0 
0.0003 0.0017 0.0028 0.0398 0.0245 0 0 0 0 0 0.0056 0.0024 0 0 0 0 0 0.017 0.7843 0.1215 0.0001 0 0 0 0 0 0 0 0 0 
0.0006 0.0038 0.0065 0.058 0.0329 0 0 0 0 0 0.012 0.005 0 0 0 0 0 0.0377 0.7744 0.0688 0.0001 0 0 0 0 0.0001 0 0 0 0 
0.0005 0.0032 0.0052 0.0772 0.046 0 0 0 0 0 0.0079 0.0033 0 0 0 0 0 0.0301 0.7642 0.0622 0.0001 0 0 0 0 0.0001 0 0 0 0 
0.0003 0.0021 0.0034 0.0921 0.0595 0 0 0 0 0 0.0049 0.002 0 0 0 0 0 0.0217 0.752 0.0618 0.0001 0 0 0 0 0 0 0 0 0 
0.0002 0.0012 0.0019 0.0463 0.0305 0 0 0 0 0 0.0036 0.0015 0 0 0 0 0 0.0134 0.7742 0.1271 0 0 0 0 0 0 0 0 0 0 
0.0002 0.0013 0.002 0.0999 0.071 0 0 0 0 0 0.0036 0.0015 0 0 0 0 0 0.0191 0.7323 0.0691 0 0 0 0 0 0 0 0 0 0 
0.0001 0.0007 0.0012 0.0839 0.0612 0 0 0 0 0 0.0043 0.0018 0 0 0 0 0 0.0239 0.7434 0.0794 0 0 0 0 0 0 0 0 0 0 
0.0016 0.0101 0.0178 0.067 0.034 0 0 0 0 0 0.0356 0.0146 0 0 0 0 0 0.1081 0.6732 0.0375 0.0003 0 0 0 0 0.0002 0 0 0 0 
0.0011 0.0073 0.0124 0.091 0.0486 0 0 0 0 0 0.0186 0.0075 0 0 0 0 0 0.0713 0.7021 0.0395 0.0002 0 0 0 0 0.0001 0 0 0 0 
0.001 0.0063 0.0102 0.1299 0.0718 0 0 0 0 0 0.0117 0.0047 0 0 0 0 0 0.0549 0.6764 0.0328 0.0002 0 0 0 0 0.0001 0 0 0 0 
0.0006 0.004 0.0061 0.1679 0.1021 0 0 0 0 0 0.0064 0.0025 0 0 0 0 0 0.0332 0.6457 0.0313 0.0001 0 0 0 0 0.0001 0 0 0 0 
0.0003 0.002 0.0031 0.1971 0.1404 0 0 0 0 0 0.0041 0.0016 0 0 0 0 0 0.0247 0.5935 0.0331 0.0001 0 0 0 0 0 0 0 0 0 
0.0002 0.0012 0.0019 0.1834 0.1414 0 0 0 0 0 0.0045 0.0017 0 0 0 0 0 0.0307 0.5991 0.0358 0.0001 0 0 0 0 0 0 0 0 0 
0.0018 0.0117 0.0211 0.0531 0.0262 0 0 0 0 0 0.0523 0.0215 0 0 0 0 0 0.1282 0.6502 0.0333 0.0003 0 0 0 0 0.0003 0 0 0 0 
0.0022 0.0144 0.025 0.1021 0.051 0 0 0 0 0 0.0345 0.0136 0 0 0 0 0 0.1541 0.5774 0.0248 0.0004 0.0001 0 0 0 0.0003 0 0 0 0 
0.0019 0.012 0.0192 0.1824 0.0939 0 0 0 0 0 0.0173 0.0067 0 0 0 0 0 0.0989 0.5459 0.021 0.0004 0.0001 0 0 0 0.0002 0 0 0 0 
0.0011 0.0071 0.0108 0.2648 0.1417 0 0 0 0 0 0.0084 0.0033 0 0 0 0 0 0.0495 0.4948 0.018 0.0003 0 0 0 0 0.0001 0 0 0 0 
0.0005 0.0029 0.0042 0.3237 0.2191 0 0 0 0 0 0.004 0.0015 0 0 0 0 0 0.0251 0.4022 0.0166 0.0001 0 0 0 0 0.0001 0 0 0 0 
0.0028 0.0185 0.0339 0.0684 0.0326 0 0 0 0 0 0.067 0.0265 0 0 0 0 0 0.2094 0.5186 0.0213 0.0005 0.0001 0 0 0 0.0004 0.0001 0 0 0 
0.0068 0.0446 0.0863 0.0992 0.043 0 0 0 0 0 0.0941 0.0342 0 0 0 0 0 0.3559 0.2241 0.0092 0.0011 0.0002 0 0 0 0.001 0.0002 0 0 0 
0.0116 0.0764 0.1375 0.2088 0.0805 0 0 0 0 0 0.0589 0.021 0 0 0 0 0 0.2665 0.1293 0.0053 0.0023 0.0003 0 0 0 0.0014 0.0002 0 0 0 
0.0125 0.0828 0.1712 0.119 0.0464 0 0 0 0 0 0.1063 0.0368 0 0 0 0 0 0.2888 0.1266 0.0052 0.002 0.0003 0 0 0 0.0018 0.0003 0 0 0 
0.0062 0.0405 0.0713 0.1676 0.0764 0 0 0 0 0 0.0513 0.0189 0 0 0 0 0 0.3233 0.2326 0.0095 0.0012 0.0002 0 0 0 0.0008 0.0001 0 0 0 
0.0042 0.0276 0.0516 0.0823 0.0378 0 0 0 0 0 0.0799 0.0304 0 0 0 0 0 0.3197 0.3506 0.0145 0.0007 0.0001 0 0 0 0.0006 0.0001 0 0 0 
0.0038 0.0245 0.0429 0.1348 0.0648 0 0 0 0 0 0.0443 0.0168 0 0 0 0 0 0.2815 0.3698 0.0154 0.0007 0.0001 0 0 0 0.0005 0.0001 0 0 0 
0.0032 0.0208 0.033 0.2417 0.1208 0 0 0 0 0 0.0232 0.0088 0 0 0 0 0 0.1631 0.3697 0.0145 0.0007 0.0001 0 0 0 0.0004 0.0001 0 0 0 
0.0017 0.0108 0.0156 0.4088 0.1943 0 0 0 0 0 0.0093 0.0035 0 0 0 0 0 0.0606 0.2839 0.0107 0.0004 0.0001 0 0 0 0.0002 0 0 0 0 
0.0005 0.0028 0.0034 0.4748 0.4452 0 0 0 0 0 0.0015 0.0006 0 0 0 0 0 0.0099 0.0587 0.0023 0.0001 0 0 0 0 0 0 0 0 0 
0.0006 0.0037 0.0049 0.5004 0.3413 0 0 0 0 0 0.0027 0.001 0 0 0 0 0 0.0173 0.1231 0.0049 0.0002 0 0 0 0 0.0001 0 0 0 0 
0.0002 0.001 0.0013 0.4591 0.4619 0 0 0 0 0 0.0013 0.0004 0 0 0 0 0 0.0092 0.0632 0.0025 0.0001 0 0 0 0 0 0 0 0 0 
0.0012 0.0074 0.0087 0.453 0.4641 0 0 0 0 0 0.0026 0.001 0 0 0 0 0 0.0159 0.0438 0.0017 0.0004 0.0001 0 0 0 0.0001 0 0 0 0 
0.0024 0.0149 0.0199 0.4883 0.2712 0 0 0 0 0 0.0077 0.0029 0 0 0 0 0 0.052 0.1345 0.0052 0.0006 0.0001 0 0 0 0.0002 0 0 0 0 
0.0053 0.0342 0.0532 0.2659 0.1362 0 0 0 0 0 0.027 0.01 0 0 0 0 0 0.2354 0.2218 0.0088 0.0012 0.0002 0 0 0 0.0006 0.0001 0 0 0 
0.0102 0.0659 0.1029 0.334 0.1346 0 0 0 0 0 0.0337 0.0123 0 0 0 0 0 0.1734 0.1241 0.005 0.0023 0.0004 0 0 0 0.0011 0.0002 0 0 0 
0.0081 0.051 0.068 0.3804 0.2392 0.0001 0 0 0 0 0.0188 0.0069 0 0 0 0 0 0.1099 0.1099 0.0043 0.0022 0.0003 0 0 0 0.0008 0.0001 0 0 0 
0.005 0.0301 0.0337 0.4279 0.3946 0.0001 0 0 0 0 0.0073 0.0027 0 0 0 0 0 0.0389 0.0553 0.0022 0.0015 0.0002 0 0 0 0.0004 0.0001 0 0 0 
0.0117 0.0708 0.0764 0.3973 0.3177 0.0001 0 0 0 0 0.0123 0.0045 0 0 0 0 0 0.052 0.0499 0.002 0.0036 0.0006 0 0 0 0.0009 0.0001 0 0 0 
0.0144 0.0912 0.1175 0.3886 0.1961 0.0001 0 0 0 0 0.0215 0.0079 0 0 0 0 0 0.0863 0.0677 0.0027 0.0039 0.0006 0 0 0 0.0013 0.0002 0 0 0 
0.0166 0.1081 0.1684 0.3227 0.1221 0 0 0 0 0 0.0358 0.0131 0 0 0 0 0 0.125 0.0787 0.0032 0.0038 0.0006 0 0 0 0.0016 0.0003 0 0 0 
0.0182 0.1209 0.2179 0.238 0.0769 0 0 0 0 0 0.0576 0.0209 0 0 0 0 0 0.1579 0.0818 0.0033 0.0035 0.0005 0 0 0 0.0021 0.0003 0 0 0 
0.0247 0.1564 0.1835 0.3187 0.1761 0.0001 0 0 0 0 0.0204 0.0077 0 0 0 0 0 0.0585 0.0419 0.0017 0.0068 0.0011 0 0 0 0.002 0.0003 0 0 0 
0.0262 0.1717 0.2609 0.2373 0.1127 0.0001 0 0 0 0 0.033 0.0125 0 0 0 0 0 0.083 0.0508 0.002 0.0061 0.0009 0 0 0 0.0024 0.0004 0 0 0 
0.0263 0.1755 0.3053 0.1769 0.0723 0 0 0 0 0 0.0518 0.0195 0 0 0 0 0 0.1047 0.0562 0.0023 0.0051 0.0008 0 0 0 0.0029 0.0005 0 0 0 
0.0344 0.227 0.287 0.1907 0.1039 0.0001 0 0 0 0 0.0299 0.0116 0 0 0 0 0 0.0627 0.0383 0.0015 0.0081 0.0012 0 0 0 0.003 0.0005 0 0 0 
0.0353 0.2238 0.237 0.232 0.1554 0.0001 0 0 0 0 0.019 0.0073 0 0 0 0 0 0.0441 0.0302 0.0012 0.01 0.0016 0 0 0 0.0027 0.0004 0 0 0 
0.019 0.1272 0.2826 0.1208 0.0452 0 0 0 0 0 0.102 0.036 0 0 0 0 0 0.1739 0.0833 0.0034 0.003 0.0004 0 0 0 0.0027 0.0005 0 0 0 
0.0256 0.1719 0.3505 0.1023 0.0416 0 0 0 0 0 0.0893 0.0333 0 0 0 0 0 0.1161 0.0585 0.0024 0.0039 0.0006 0 0 0 0.0036 0.0006 0 0 0 
0.0355 0.2389 0.3387 0.1341 0.0643 0 0 0 0 0 0.0452 0.0178 0 0 0 0 0 0.0721 0.0398 0.0016 0.0067 0.001 0 0 0 0.0037 0.0006 0 0 0 
0.0504 0.3378 0.2531 0.1417 0.0911 0.0001 0 0 0 0 0.0257 0.0104 0 0 0 0 0 0.0436 0.0266 0.0011 0.0119 0.0018 0 0 0 0.004 0.0007 0 0 0 
0.0536 0.3434 0.2213 0.1571 0.1242 0.0001 0 0 0 0 0.0172 0.0068 0 0 0 0 0 0.032 0.0212 0.0008 0.0155 0.0024 0 0 0 0.0037 0.0006 0 0 0 
0.0559 0.3274 0.2449 0.1423 0.152 0.0001 0 0 0 0 0.0112 0.0042 0 0 0 0 0 0.0201 0.0144 0.0006 0.0196 0.0031 0 0 0 0.0036 0.0006 0 0 0 
0.0516 0.3517 0.3109 0.0942 0.0534 0 0 0 0 0 0.0353 0.0149 0 0 0 0 0 0.0448 0.0254 0.001 0.0095 0.0014 0 0 0 0.0049 0.0008 0 0 0 
0.0772 0.5416 0.1602 0.075 0.057 0 0 0 0 0 0.0176 0.0077 0 0 0 0 0 0.0228 0.0139 0.0006 0.0175 0.0027 0 0 0 0.0054 0.0009 0 0 0 
0.0806 0.5358 0.147 0.0818 0.0747 0.0001 0 0 0 0 0.0124 0.0052 0 0 0 0 0 0.0179 0.0116 0.0005 0.0231 0.0036 0 0 0 0.0049 0.0008 0 0 0 
0.0924 0.5341 0.1355 0.0737 0.0871 0.0001 0 0 0 0 0.0086 0.0033 0 0 0 0 0 0.0119 0.0082 0.0003 0.0334 0.0053 0 0 0 0.0052 0.0008 0 0 0 
0.0797 0.5505 0.1768 0.0562 0.037 0 0 0 0 0 0.0249 0.0115 0 0 0 0 0 0.0249 0.0144 0.0006 0.0136 0.002 0 0 0 0.0069 0.0011 0 0 0 
0.1317 0.6423 0.0842 0.0362 0.0313 0 0 0 0 0 0.0106 0.005 0 0 0 0 0 0.0108 0.0066 0.0003 0.0276 0.0041 0 0 0 0.0078 0.0013 0 0 0 
0.1403 0.624 0.0776 0.039 0.0399 0 0 0 0 0 0.0076 0.0034 0 0 0 0 0 0.0086 0.0055 0.0002 0.0395 0.0061 0 0 0 0.0071 0.0012 0 0 0 
0.1614 0.5832 0.0692 0.0381 0.0469 0 0 0 0 0 0.0057 0.0023 0 0 0 0 0 0.0061 0.0042 0.0002 0.0637 0.0101 0 0 0 0.0078 0.0013 0 0 0 
0.246 0.584 0.0359 0.0175 0.0189 0 0 0 0 0 0.0041 0.0019 0 0 0 0 0 0.0038 0.0024 0.0001 0.064 0.0096 0 0 0 0.0101 0.0018 0 0 0 
0.2478 0.6084 0.0352 0.0147 0.014 0 0 0 0 0 0.0051 0.0026 0 0 0 0 0 0.0042 0.0026 0.0001 0.045 0.0065 0 0 0 0.0116 0.002 0 0 0 
0.4155 0.4668 0.0125 0.0052 0.0052 0 0 0 0 0 0.002 0.0011 0 0 0 0 0 0.0014 0.0009 0 0.063 0.0087 0 0 0 0.0152 0.0027 0 0 0 
0.4225 0.4744 0.0122 0.0042 0.0038 0 0 0 0 0 0.0024 0.0015 0 0 0 0 0 0.0015 0.0009 0 0.0474 0.0064 0 0 0 0.0195 0.0033 0 0 0 
0.4697 0.2715 0.008 0.0028 0.0027 0 0 0 0 0 0.0018 0.0012 0 0 0 0 0 0.0009 0.0006 0 0.155 0.0197 0 0 0 0.0562 0.01 0 0 0 
0.1367 0.6457 0.0893 0.029 0.0218 0 0 0 0 0 0.0149 0.0076 0 0 0 0 0 0.012 0.0071 0.0003 0.0208 0.0031 0 0 0 0.0101 0.0017 0 0 0 
0.2464 0.6232 0.0362 0.012 0.0101 0 0 0 0 0 0.0068 0.0038 0 0 0 0 0 0.0046 0.0028 0.0001 0.0323 0.0046 0 0 0 0.0147 0.0025 0 0 0 
0.4073 0.4384 0.0135 0.0065 0.0072 0 0 0 0 0 0.0017 0.0009 0 0 0 0 0 0.0014 0.0009 0 0.0935 0.0135 0 0 0 0.0129 0.0024 0 0 0 
0.4346 0.2442 0.008 0.0034 0.0036 0 0 0 0 0 0.0014 0.0008 0 0 0 0 0 0.0008 0.0005 0 0.2227 0.0294 0 0 0 0.0424 0.0081 0 0 0 
0.303 0.1459 0.0049 0.0017 0.0018 0 0 0 0 0 0.0012 0.0008 0 0 0 0 0 0.0005 0.0003 0 0.3683 0.0415 0 0 0 0.1092 0.021 0 0 0 
0.4931 0.2879 0.0084 0.0023 0.002 0 0 0 0 0 0.0025 0.0018 0 0 0 0 0 0.001 0.0006 0 0.0961 0.0127 0 0 0 0.0787 0.013 0 0 0 
0.4272 0.475 0.0127 0.0033 0.0026 0 0 0 0 0 0.0035 0.0023 0 0 0 0 0 0.0016 0.0009 0 0.0331 0.0045 0 0 0 0.0285 0.0047 0 0 0 
0.256 0.613 0.0384 0.0095 0.007 0 0 0 0 0 0.0098 0.006 0 0 0 0 0 0.005 0.003 0.0001 0.0238 0.0033 0 0 0 0.0214 0.0035 0 0 0 
0.1414 0.6479 0.0898 0.0208 0.0138 0 0 0 0 0 0.0209 0.0117 0 0 0 0 0 0.0121 0.007 0.0003 0.0155 0.0022 0 0 0 0.0142 0.0023 0 0 0 
0.2466 0.1296 0.0049 0.0021 0.0023 0 0 0 0 0 0.0009 0.0006 0 0 0 0 0 0.0005 0.0003 0 0.4708 0.0594 0 0 0 0.0678 0.0144 0 0 0 
0.3842 0.2107 0.0087 0.0042 0.0048 0 0 0 0 0 0.0012 0.0006 0 0 0 0 0 0.0008 0.0005 0 0.3038 0.0428 0 0 0 0.0311 0.0063 0 0 0 
0.3949 0.3215 0.0184 0.0099 0.0119 0 0 0 0 0 0.002 0.0009 0 0 0 0 0 0.0016 0.0011 0 0.1915 0.0289 0 0 0 0.0148 0.0028 0 0 0 
0.246 0.5247 0.0392 0.0215 0.0262 0 0 0 0 0 0.0037 0.0015 0 0 0 0 0 0.0034 0.0023 0.0001 0.1029 0.0161 0 0 0 0.0104 0.0018 0 0 0 
0.2824 0.3958 0.0424 0.0253 0.0324 0 0 0 0 0 0.0042 0.0015 0 0 0 0 0 0.003 0.0022 0.0001 0.1668 0.0279 0 0 0 0.0138 0.0022 0 0 0 
0.2064 0.4851 0.0644 0.0393 0.0526 0.0001 0 0 0 0 0.0056 0.002 0 0 0 0 0 0.0046 0.0034 0.0001 0.1064 0.0175 0 0 0 0.0108 0.0016 0 0 0 
0.2264 0.462 0.0572 0.0374 0.048 0.0001 0 0 0 0 0.0061 0.002 0 0 0 0 0 0.0035 0.0026 0.0001 0.1189 0.0201 0 0 0 0.0138 0.0019 0 0 0 
0.1536 0.5125 0.079 0.0563 0.0784 0.0001 0 0 0 0 0.0077 0.0024 0 0 0 0 0 0.005 0.0039 0.0001 0.0769 0.0127 0 0 0 0.0101 0.0014 0 0 0 
0.1216 0.5312 0.1036 0.0611 0.088 0.0001 0 0 0 0 0.007 0.0024 0 0 0 0 0 0.0072 0.0053 0.0002 0.0554 0.009 0 0 0 0.007 0.001 0 0 0 
0.0901 0.4607 0.1166 0.0943 0.1551 0.0002 0 0 0 0 0.0099 0.0028 0 0 0 0 0 0.0079 0.0063 0.0002 0.0419 0.0068 0 0 0 0.0065 0.0009 0 0 0 
0.351 0.3094 0.0376 0.0226 0.0273 0 0 0 0 0 0.0043 0.0015 0 0 0 0 0 0.0022 0.0017 0 0.1884 0.0331 0 0 0 0.0184 0.0025 0 0 0 
0.3485 0.2221 0.0203 0.0116 0.0142 0 0 0 0 0 0.0022 0.0009 0 0 0 0 0 0.0014 0.001 0 0.3061 0.0521 0 0 0 0.0169 0.0028 0 0 0 
0.269 0.1711 0.0101 0.0054 0.0064 0 0 0 0 0 0.0012 0.0006 0 0 0 0 0 0.0008 0.0006 0 0.4454 0.0629 0 0 0 0.022 0.0045 0 0 0 
0.19 0.1056 0.0049 0.0024 0.0027 0 0 0 0 0 0.0007 0.0004 0 0 0 0 0 0.0004 0.0003 0 0.5578 0.0858 0 0 0 0.0398 0.0091 0 0 0 
0.1321 0.0777 0.0048 0.0025 0.0029 0 0 0 0 0 0.0006 0.0003 0 0 0 0 0 0.0004 0.0003 0 0.6251 0.1256 0 0 0 0.0225 0.0053 0 0 0 
0.2282 0.1391 0.012 0.0066 0.0079 0 0 0 0 0 0.0014 0.0006 0 0 0 0 0 0.0008 0.0006 0 0.4963 0.085 0 0 0 0.0182 0.0033 0 0 0 
0.3486 0.1885 0.0217 0.0121 0.0142 0 0 0 0 0 0.0027 0.001 0 0 0 0 0 0.0012 0.0009 0 0.3211 0.0611 0 0 0 0.0234 0.0033 0 0 0 
0.1053 0.0608 0.0051 0.0027 0.0032 0 0 0 0 0 0.0007 0.0003 0 0 0 0 0 0.0003 0.0002 0 0.6442 0.1588 0 0 0 0.0152 0.0032 0 0 0 
0.2439 0.1313 0.0146 0.0079 0.0091 0 0 0 0 0 0.0019 0.0007 0 0 0 0 0 0.0008 0.0006 0 0.4634 0.0967 0 0 0 0.0252 0.0038 0 0 0 
0.113 0.0587 0.0064 0.0033 0.0038 0 0 0 0 0 0.0009 0.0004 0 0 0 0 0 0.0004 0.0003 0 0.6293 0.1599 0 0 0 0.0202 0.0035 0 0 0 
0.1184 0.0594 0.0024 0.001 0.0011 0 0 0 0 0 0.0005 0.0003 0 0 0 0 0 0.0002 0.0001 0 0.5885 0.11 0 0 0 0.094 0.0239 0 0 0 
0.1628 0.0751 0.0027 0.001 0.001 0 0 0 0 0 0.0007 0.0005 0 0 0 0 0 0.0003 0.0002 0 0.4783 0.0736 0 0 0 0.1672 0.0368 0 0 0 
0.0821 0.0372 0.0014 0.0005 0.0005 0 0 0 0 0 0.0004 0.0003 0 0 0 0 0 0.0001 0.0001 0 0.4596 0.1244 0 0 0 0.2299 0.0634 0 0 0 
0.0433 0.0208 0.0009 0.0003 0.0004 0 0 0 0 0 0.0002 0.0001 0 0 0 0 0 0.0001 0.0001 0 0.5538 0.2281 0.0001 0 0 0.1108 0.041 0 0 0 
0.0807 0.0433 0.0021 0.001 0.0011 0 0 0 0 0 0.0003 0.0002 0 0 0 0 0 0.0002 0.0001 0 0.6498 0.1655 0 0 0 0.0435 0.012 0 0 0 
0.0274 0.0143 0.0007 0.0003 0.0004 0 0 0 0 0 0.0001 0.0001 0 0 0 0 0 0.0001 0 0 0.5828 0.3255 0.0001 0 0 0.0352 0.013 0 0 0 
0.0117 0.0056 0.0003 0.0001 0.0001 0 0 0 0 0 0.0001 0 0 0 0 0 0 0 0 0 0.1992 0.6988 0.0002 0 0 0.0547 0.0292 0 0 0 
0.0531 0.03 0.0019 0.001 0.0011 0 0 0 0 0 0.0003 0.0001 0 0 0 0 0 0.0001 0.0001 0 0.6492 0.2406 0 0 0 0.0176 0.0049 0 0 0 
0.0409 0.0183 0.0007 0.0002 0.0002 0 0 0 0 0 0.0002 0.0002 0 0 0 0 0 0.0001 0 0 0.3725 0.1905 0 0 0 0.2671 0.1089 0 0 0 
0.0284 0.013 0.0005 0.0002 0.0002 0 0 0 0 0 0.0002 0.0001 0 0 0 0 0 0.0001 0 0 0.3918 0.2917 0.0001 0 0 0.1832 0.0905 0 0 0 
0.0118 0.0054 0.0002 0.0001 0.0001 0 0 0 0 0 0.0001 0 0 0 0 0 0 0 0 0 0.1808 0.6358 0.0002 0 0 0.1032 0.0625 0 0 0 
0.0155 0.0068 0.0003 0.0001 0.0001 0 0 0 0 0 0.0001 0.0001 0 0 0 0 0 0 0 0 0.2493 0.2987 0.0001 0 0 0.2496 0.1794 0 0 0 
0.0089 0.0037 0.0002 0.0001 0.0001 0 0 0 0 0 0.0001 0 0 0 0 0 0 0 0 0 0.1341 0.5903 0.0001 0 0 0.1567 0.1058 0 0 0 
0.0041 0.0016 0.0001 0 0 0 0 0 0 0 0 0 0 0 0 0 0 0 0 0 0.0648 0.8235 0.0003 0 0 0.0641 0.0413 0 0 0 
0.0073 0.0023 0.0002 0.0001 0.0001 0 0 0 0 0 0.0001 0 0 0 0 0 0 0 0 0 0.0979 0.5638 0.0001 0 0 0.1996 0.1285 0 0 0 
0.0042 0.0013 0.0001 0 0 0 0 0 0 0 0 0 0 0 0 0 0 0 0 0 0.0622 0.8057 0.0002 0 0 0.0779 0.0482 0 0 0 
0.0145 0.0039 0.0006 0.0002 0.0002 0 0 0 0 0 0.0001 0.0001 0 0 0 0 0 0 0 0 0.2294 0.5168 0.0002 0 0 0.1573 0.0767 0 0 0 
0.0074 0.0021 0.0003 0.0001 0.0001 0 0 0 0 0 0.0001 0 0 0 0 0 0 0 0 0 0.1188 0.7522 0.0004 0 0 0.0783 0.0404 0 0 0 
0.0043 0.0019 0.0001 0 0 0 0 0 0 0 0 0 0 0 0 0 0 0 0 0 0.0734 0.8561 0.0004 0 0 0.0394 0.0242 0 0 0 
0.0016 0.0006 0 0 0 0 0 0 0 0 0 0 0 0 0 0 0 0 0 0 0.0276 0.9375 0.0007 0 0 0.0197 0.0121 0 0 0 
0.0017 0.0006 0.0001 0 0 0 0 0 0 0 0 0 0 0 0 0 0 0 0 0 0.0271 0.9328 0.0005 0 0 0.0234 0.0138 0 0 0 
0.0021 0.0006 0.0001 0 0 0 0 0 0 0 0 0 0 0 0 0 0 0 0 0 0.0351 0.9297 0.0006 0 0 0.0208 0.0109 0 0 0 
0.0007 0.0002 0 0 0 0 0 0 0 0 0 0 0 0 0 0 0 0 0 0 0.0124 0.9758 0.0015 0 0 0.0061 0.0032 0 0 0 
0.0006 0.0002 0 0 0 0 0 0 0 0 0 0 0 0 0 0 0 0 0 0 0.01 0.9777 0.0014 0 0 0.0065 0.0037 0 0 0 
0.0006 0.0002 0 0 0 0 0 0 0 0 0 0 0 0 0 0 0 0 0 0 0.0103 0.9778 0.0021 0 0 0.0056 0.0033 0 0 0 
0.0016 0.0007 0 0 0 0 0 0 0 0 0 0 0 0 0 0 0 0 0 0 0.0308 0.9438 0.0013 0 0 0.0136 0.0082 0 0 0 
0.004 0.0019 0.0001 0 0 0 0 0 0 0 0 0 0 0 0 0 0 0 0 0 0.0807 0.8765 0.0007 0 0 0.0228 0.0132 0 0 0 
0.0088 0.0045 0.0002 0.0001 0.0001 0 0 0 0 0 0 0 0 0 0 0 0 0 0 0 0.2074 0.7439 0.0003 0 0 0.0231 0.0115 0 0 0 
0.0113 0.0062 0.0004 0.0002 0.0002 0 0 0 0 0 0.0001 0 0 0 0 0 0 0 0 0 0.4966 0.4745 0 0 0 0.0077 0.0027 0 0 0 
0.0408 0.0226 0.0019 0.001 0.0012 0 0 0 0 0 0.0003 0.0001 0 0 0 0 0 0.0001 0.0001 0 0.6345 0.2857 0 0 0 0.0095 0.0023 0 0 0 
0.0088 0.0047 0.0004 0.0002 0.0002 0 0 0 0 0 0.0001 0 0 0 0 0 0 0 0 0 0.4865 0.4944 0 0 0 0.0035 0.001 0 0 0 
0.0056 0.0029 0.0002 0.0001 0.0001 0 0 0 0 0 0 0 0 0 0 0 0 0 0 0 0.2022 0.7759 0.0003 0 0 0.0087 0.004 0 0 0 
0.004 0.002 0.0001 0 0.0001 0 0 0 0 0 0 0 0 0 0 0 0 0 0 0 0.1007 0.8687 0.0011 0 0 0.0151 0.0083 0 0 0 
0.0017 0.0008 0 0 0 0 0 0 0 0 0 0 0 0 0 0 0 0 0 0 0.0389 0.9395 0.0022 0 0 0.0106 0.0062 0 0 0 
0.0006 0.0003 0 0 0 0 0 0 0 0 0 0 0 0 0 0 0 0 0 0 0.0123 0.9761 0.0037 0 0 0.0044 0.0026 0 0 0 
0.0002 0.0001 0 0 0 0 0 0 0 0 0 0 0 0 0 0 0 0 0 0 0.004 0.987 0.006 0 0 0.0018 0.001 0 0 0 
0.0006 0.0003 0 0 0 0 0 0 0 0 0 0 0 0 0 0 0 0 0 0 0.0145 0.9734 0.0056 0 0 0.0035 0.002 0 0 0 
0.0002 0.0001 0 0 0 0 0 0 0 0 0 0 0 0 0 0 0 0 0 0 0.0048 0.982 0.0106 0 0 0.0015 0.0009 0 0 0 
0.0015 0.0007 0 0 0 0 0 0 0 0 0 0 0 0 0 0 0 0 0 0 0.0387 0.946 0.0026 0 0 0.0066 0.0037 0 0 0 
0.0032 0.0016 0.0001 0 0.0001 0 0 0 0 0 0 0 0 0 0 0 0 0 0 0 0.1012 0.8795 0.0012 0 0 0.0086 0.0045 0 0 0 
0.0044 0.0022 0.0002 0.0001 0.0001 0 0 0 0 0 0 0 0 0 0 0 0 0 0 0 0.1958 0.7909 0.0002 0 0 0.0044 0.0017 0 0 0 
0.0109 0.005 0.0006 0.0003 0.0003 0 0 0 0 0 0.0001 0 0 0 0 0 0 0 0 0 0.4912 0.4835 0 0 0 0.0064 0.0016 0 0 0 
0.0483 0.0239 0.0026 0.0013 0.0015 0 0 0 0 0 0.0004 0.0002 0 0 0 0 0 0.0001 0.0001 0 0.6265 0.2782 0 0 0 0.0141 0.0028 0 0 0 
0.0015 0.0007 0 0 0 0 0 0 0 0 0 0 0 0 0 0 0 0 0 0 0.044 0.9428 0.003 0 0 0.0051 0.0027 0 0 0 
0.0007 0.0003 0 0 0 0 0 0 0 0 0 0 0 0 0 0 0 0 0 0 0.0181 0.9682 0.0076 0 0 0.0032 0.0018 0 0 0 
0.0002 0.0001 0 0 0 0 0 0 0 0 0 0 0 0 0 0 0 0 0 0 0.0056 0.9773 0.0146 0 0 0.0013 0.0008 0 0 0 
0.0001 0 0 0 0 0 0 0 0 0 0 0 0 0 0 0 0 0 0 0 0.0017 0.964 0.0335 0 0 0.0005 0.0003 0 0 0 
0.0001 0 0 0 0 0 0 0 0 0 0 0 0 0 0 0 0 0 0 0 0.0013 0.9794 0.0184 0 0 0.0005 0.0003 0 0 0 
0 0 0 0 0 0 0 0 0 0 0 0 0 0 0 0 0 0 0 0 0.0005 0.9532 0.046 0 0 0.0002 0.0001 0 0 0 
0 0 0 0 0 0 0 0 0 0 0 0 0 0 0 0 0 0 0 0 0 0.3107 0.6893 0 0 0 0 0 0 0 
0 0 0 0 0 0 0 0 0 0 0 0 0 0 0 0 0 0 0 0 0.0001 0.7154 0.2845 0 0 0 0 0 0 0 
0 0 0 0 0 0 0 0 0 0 0 0 0 0 0 0 0 0 0 0 0.0002 0.8518 0.1479 0 0 0.0001 0 0 0 0 
0 0 0 0 0 0 0 0 0 0 0 0 0 0 0 0 0 0 0 0 0.0003 0.7904 0.2092 0 0 0.0001 0 0 0 0 
0 0 0 0 0 0 0 0 0 0 0 0 0 0 0 0 0 0 0 0 0.0007 0.9109 0.088 0 0 0.0002 0.0001 0 0 0 
0.0001 0 0 0 0 0 0 0 0 0 0 0 0 0 0 0 0 0 0 0 0.0021 0.9527 0.0443 0 0 0.0005 0.0003 0 0 0 
0.0003 0.0001 0 0 0 0 0 0 0 0 0 0 0 0 0 0 0 0 0 0 0.0064 0.9758 0.0156 0 0 0.0012 0.0007 0 0 0 
0.0007 0.0003 0 0 0 0 0 0 0 0 0 0 0 0 0 0 0 0 0 0 0.0188 0.969 0.0071 0 0 0.0027 0.0014 0 0 0 
0 0 0 0 0 0 0 0 0 0 0 0 0 0 0 0 0 0 0 0 0.0003 0.9442 0.0553 0 0 0.0001 0 0 0 0 
0 0 0 0 0 0 0 0 0 0 0 0 0 0 0 0 0 0 0 0 0.0001 0.8248 0.1751 0 0 0 0 0 0 0 
0 0 0 0 0 0 0 0 0 0 0 0 0 0 0 0 0 0 0 0 0 0.059 0.941 0 0 0 0 0 0 0 
0 0 0 0 0 0 0 0 0 0 0 0 0 0 0 0 0 0 0 0 0 0.0479 0.952 0 0 0 0 0 0 0 
0 0 0 0 0 0 0 0 0 0 0 0 0 0 0 0 0 0 0 0 0 0.0183 0.9815 0.0002 0 0 0 0 0 0 
0 0 0 0 0 0 0 0 0 0 0 0 0 0 0 0 0 0 0 0 0 0.0497 0.9503 0 0 0 0 0 0 0 
0 0 0 0 0 0 0 0 0 0 0 0 0 0 0 0 0 0 0 0 0.0001 0.2161 0.7837 0 0 0 0 0 0 0 
0 0 0 0 0 0 0 0 0 0 0 0 0 0 0 0 0 0 0 0 0.0001 0.2238 0.7761 0 0 0 0 0 0 0 
0 0 0 0 0 0 0 0 0 0 0 0 0 0 0 0 0 0 0 0 0.0004 0.7315 0.268 0 0 0.0001 0 0 0 0 
0 0 0 0 0 0 0 0 0 0 0 0 0 0 0 0 0 0 0 0 0.001 0.8613 0.1373 0 0 0.0002 0.0001 0 0 0 
0.0001 0 0 0 0 0 0 0 0 0 0 0 0 0 0 0 0 0 0 0 0.0023 0.9527 0.0441 0 0 0.0005 0.0002 0 0 0 
0 0 0 0 0 0 0 0 0 0 0 0 0 0 0 0 0 0 0 0 0 0.015 0.9849 0.0001 0 0 0 0 0 0 
0 0 0 0 0 0 0 0 0 0 0 0 0 0 0 0 0 0 0 0 0 0.0565 0.9435 0 0 0 0 0 0 0 
0.0003 0.0001 0 0 0 0 0 0 0 0 0 0 0 0 0 0 0 0 0 0 0.0067 0.9786 0.0127 0 0 0.001 0.0006 0 0 0 
0.0001 0 0 0 0 0 0 0 0 0 0 0 0 0 0 0 0 0 0 0 0.0023 0.9649 0.0321 0 0 0.0004 0.0002 0 0 0 
0 0 0 0 0 0 0 0 0 0 0 0 0 0 0 0 0 0 0 0 0.0011 0.8609 0.1376 0 0 0.0002 0.0001 0 0 0 
0 0 0 0 0 0 0 0 0 0 0 0 0 0 0 0 0 0 0 0 0.0005 0.6942 0.3052 0 0 0.0001 0.0001 0 0 0 
0 0 0 0 0 0 0 0 0 0 0 0 0 0 0 0 0 0 0 0 0.0001 0.2087 0.7911 0 0 0 0 0 0 0 
0 0 0 0 0 0 0 0 0 0 0 0 0 0 0 0 0 0 0 0 0.0001 0.1901 0.8098 0 0 0 0 0 0 0 
0 0 0 0 0 0 0 0 0 0 0 0 0 0 0 0 0 0 0 0 0 0.0419 0.958 0 0 0 0 0 0 0 
0 0 0 0 0 0 0 0 0 0 0 0 0 0 0 0 0 0 0 0 0 0.0434 0.9566 0 0 0 0 0 0 0 
0 0 0 0 0 0 0 0 0 0 0 0 0 0 0 0 0 0 0 0 0 0.0009 0.9973 0.0017 0 0 0 0 0 0 
0 0 0 0 0 0 0 0 0 0 0 0 0 0 0 0 0 0 0 0 0 0.0008 0.9958 0.0033 0.0001 0 0 0 0 0 
0 0 0 0 0 0 0 0 0 0 0 0 0 0 0 0 0 0 0 0 0 0.0062 0.9934 0.0004 0 0 0 0 0 0 
0 0 0 0 0 0 0 0 0 0 0 0 0 0 0 0 0 0 0 0 0 0.0043 0.9951 0.0006 0 0 0 0 0 0 
0 0 0 0 0 0 0 0 0 0 0 0 0 0 0 0 0 0 0 0 0 0.0299 0.9699 0.0002 0 0 0 0 0 0 
0 0 0 0 0 0 0 0 0 0 0 0 0 0 0 0 0 0 0 0 0 0.0161 0.9837 0.0002 0 0 0 0 0 0 
0 0 0 0 0 0 0 0 0 0 0 0 0 0 0 0 0 0 0 0 0 0.0136 0.9862 0.0002 0 0 0 0 0 0 
0 0 0 0 0 0 0 0 0 0 0 0 0 0 0 0 0 0 0 0 0 0.0154 0.9844 0.0002 0 0 0 0 0 0 
0 0 0 0 0 0 0 0 0 0 0 0 0 0 0 0 0 0 0 0 0 0.0009 0.9949 0.0041 0.0001 0 0 0 0 0 
0 0 0 0 0 0 0 0 0 0 0 0 0 0 0 0 0 0 0 0 0 0.0041 0.9952 0.0007 0 0 0 0 0 0 
0 0 0 0 0 0 0 0 0 0 0 0 0 0 0 0 0 0 0 0 0 0.0011 0.995 0.0038 0.0001 0 0 0 0 0 
0 0 0 0 0 0 0 0 0 0 0 0 0 0 0 0 0 0 0 0 0 0.0042 0.995 0.0007 0 0 0 0 0 0 
0 0 0 0 0 0 0 0 0 0 0 0 0 0 0 0 0 0 0 0 0 0.0001 0.9786 0.0207 0.0005 0 0 0 0 0 
0 0 0 0 0 0 0 0 0 0 0 0 0 0 0 0 0 0 0 0 0 0.0002 0.9722 0.0269 0.0007 0 0 0 0 0 
0 0 0 0 0 0 0 0 0 0 0 0 0 0 0 0 0 0 0 0 0 0.0003 0.976 0.0231 0.0006 0 0 0 0 0 
0 0 0 0 0 0 0 0 0 0 0 0 0 0 0 0 0 0 0 0 0 0.0003 0.9822 0.0171 0.0004 0 0 0 0 0 
0 0 0 0 0 0 0 0 0 0 0 0 0 0 0 0 0 0 0 0 0 0.0012 0.9955 0.0032 0.0001 0 0 0 0 0 
0 0 0 0 0 0 0 0 0 0 0 0 0 0 0 0 0 0 0 0 0 0.0048 0.9946 0.0006 0 0 0 0 0 0 
0 0 0 0 0 0 0 0 0 0 0 0 0 0 0 0 0 0 0 0 0 0 0.8168 0.1793 0.0038 0 0 0 0 0 
0 0 0 0 0 0 0 0 0 0 0 0 0 0 0 0 0 0 0 0 0 0 0.8274 0.1679 0.0046 0 0 0 0 0 
0 0 0 0 0 0 0 0 0 0 0 0 0 0 0 0 0 0 0 0 0 0.0001 0.8629 0.1335 0.0036 0 0 0 0 0 
0 0 0 0 0 0 0 0 0 0 0 0 0 0 0 0 0 0 0 0 0 0.0001 0.9027 0.0949 0.0023 0 0 0 0 0 
0 0 0 0 0 0 0 0 0 0 0 0 0 0 0 0 0 0 0 0 0 0.0001 0.9599 0.0392 0.0008 0 0 0 0 0 
0 0 0 0 0 0 0 0 0 0 0 0 0 0 0 0 0 0 0 0 0 0.0004 0.9891 0.0103 0.0002 0 0 0 0 0 
0 0 0 0 0 0 0 0 0 0 0 0 0 0 0 0 0 0 0 0 0 0.0003 0.9926 0.0069 0.0001 0 0 0 0 0 
0 0 0 0 0 0 0 0 0 0 0 0 0 0 0 0 0 0 0 0 0 0.0014 0.997 0.0016 0 0 0 0 0 0 
0 0 0 0 0 0 0 0 0 0 0 0 0 0 0 0 0 0 0 0 0 0 0.1077 0.8811 0.0112 0 0 0 0 0 
0 0 0 0 0 0 0 0 0 0 0 0 0 0 0 0 0 0 0 0 0 0 0.2236 0.76 0.0164 0 0 0 0 0 
0 0 0 0 0 0 0 0 0 0 0 0 0 0 0 0 0 0 0 0 0 0 0.2808 0.7149 0.0043 0 0 0 0 0 
0 0 0 0 0 0 0 0 0 0 0 0 0 0 0 0 0 0 0 0 0 0 0.3159 0.6563 0.0277 0 0 0 0 0 
0 0 0 0 0 0 0 0 0 0 0 0 0 0 0 0 0 0 0 0 0 0 0.4417 0.5424 0.0159 0 0 0 0 0 
0 0 0 0 0 0 0 0 0 0 0 0 0 0 0 0 0 0 0 0 0 0 0.6357 0.3559 0.0084 0 0 0 0 0 
0 0 0 0 0 0 0 0 0 0 0 0 0 0 0 0 0 0 0 0 0 0 0.7685 0.2284 0.0032 0 0 0 0 0 
0 0 0 0 0 0 0 0 0 0 0 0 0 0 0 0 0 0 0 0 0 0 0.7276 0.2711 0.0012 0 0 0 0 0 
0 0 0 0 0 0 0 0 0 0 0 0 0 0 0 0 0 0 0 0 0 0 0.9843 0.0156 0.0001 0 0 0 0 0 
0 0 0 0 0 0 0 0 0 0 0 0 0 0 0 0 0 0 0 0 0 0 0.8463 0.1528 0.0008 0 0 0 0 0 
0 0 0 0 0 0 0 0 0 0 0 0 0 0 0 0 0 0 0 0 0 0 0.888 0.1117 0.0003 0 0 0 0 0 
0 0 0 0 0 0 0 0 0 0 0 0 0 0 0 0 0 0 0 0 0 0 0.9765 0.0232 0.0003 0 0 0 0 0 
0 0 0 0 0 0 0 0 0 0 0 0 0 0 0 0 0 0 0 0 0 0.0002 0.9958 0.0039 0.0001 0 0 0 0 0 
0 0 0 0 0 0 0 0 0 0 0 0 0 0 0 0 0 0 0 0 0 0.0019 0.9972 0.001 0 0 0 0 0 0 
0 0 0 0 0 0 0 0 0 0 0 0 0 0 0 0 0 0 0 0 0 0.0023 0.9971 0.0006 0 0 0 0 0 0 
0 0 0 0 0 0 0 0 0 0 0 0 0 0 0 0 0 0 0 0 0 0.0197 0.98 0.0003 0 0 0 0 0 0 
0 0 0 0 0 0 0 0 0 0 0 0 0 0 0 0 0 0 0 0 0 0.0002 0.9973 0.0025 0 0 0 0 0 0 
0 0 0 0 0 0 0 0 0 0 0 0 0 0 0 0 0 0 0 0 0 0.0108 0.9889 0.0003 0 0 0 0 0 0 
0 0 0 0 0 0 0 0 0 0 0 0 0 0 0 0 0 0 0 0 0 0.0459 0.954 0.0001 0 0 0 0 0 0 
0 0 0 0 0 0 0 0 0 0 0 0 0 0 0 0 0 0 0 0 0 0.0694 0.9304 0.0001 0 0 0 0 0 0 
0 0 0 0 0 0 0 0 0 0 0 0 0 0 0 0 0 0 0 0 0 0.2031 0.7969 0 0 0 0 0 0 0 
0 0 0 0 0 0 0 0 0 0 0 0 0 0 0 0 0 0 0 0 0 0.1022 0.8977 0 0 0 0 0 0 0 
0 0 0 0 0 0 0 0 0 0 0 0 0 0 0 0 0 0 0 0 0 0.0187 0.9812 0.0001 0 0 0 0 0 0 
0 0 0 0 0 0 0 0 0 0 0 0 0 0 0 0 0 0 0 0 0 0.0057 0.9939 0.0004 0 0 0 0 0 0 
0 0 0 0 0 0 0 0 0 0 0 0 0 0 0 0 0 0 0 0 0 0.0043 0.9951 0.0006 0 0 0 0 0 0 
0 0 0 0 0 0 0 0 0 0 0 0 0 0 0 0 0 0 0 0 0 0.0012 0.9962 0.0025 0.0001 0 0 0 0 0 
0 0 0 0 0 0.0006 0.9308 0.0486 0.0158 0.0042 0 0 0 0 0 0 0 0 0 0 0 0 0 0 0 0 0 0 0 0 
0 0 0 0 0 0.0003 0.8373 0.118 0.0383 0.0062 0 0 0 0 0 0 0 0 0 0 0 0 0 0 0 0 0 0 0 0 
0 0 0 0 0 0.0005 0.9401 0.0359 0.0187 0.0047 0 0 0 0 0 0 0 0 0 0 0 0 0 0 0 0 0 0 0 0 
0 0 0 0 0 0.0022 0.9851 0.0085 0.0027 0.0015 0 0 0 0 0 0 0 0 0 0 0 0 0 0 0 0 0 0 0 0 
0 0 0 0 0 0.0017 0.9859 0.0057 0.004 0.0027 0 0 0 0 0 0 0 0 0 0 0 0 0 0 0 0 0 0 0 0 
0 0 0 0 0 0.0001 0.6678 0.2589 0.0637 0.0095 0 0 0 0 0 0 0 0 0 0 0 0 0 0 0 0 0 0 0 0 
0 0 0 0 0 0.0002 0.7989 0.1265 0.0671 0.0073 0 0 0 0 0 0 0 0 0 0 0 0 0 0 0 0 0 0 0 0 
0 0 0 0 0 0.0004 0.9343 0.0295 0.0266 0.0092 0 0 0 0 0 0 0 0 0 0 0 0 0 0 0 0 0 0 0 0 
0 0 0 0 0 0.0025 0.9676 0.0072 0.0099 0.0127 0 0 0 0 0 0 0 0 0 0 0 0 0 0 0 0 0 0 0 0 
0 0 0 0 0 0.0004 0.6677 0.0554 0.1338 0.1426 0 0 0 0 0 0 0 0 0 0 0 0 0 0 0 0 0 0 0 0 
0 0 0 0 0 0.0014 0.8271 0.0223 0.0445 0.1047 0 0 0 0 0 0 0 0 0 0 0 0 0 0 0 0 0 0 0 0 
0 0 0 0 0 0.001 0.8635 0.0263 0.0491 0.0601 0 0 0 0 0 0 0 0 0 0 0 0 0 0 0 0 0 0 0 0 
0 0 0 0 0.0001 0.0047 0.9542 0.0065 0.0099 0.0248 0 0 0 0 0 0 0 0 0 0 0 0 0 0 0 0 0 0 0 0 
0 0 0 0 0 0.0007 0.8993 0.0287 0.0428 0.0285 0 0 0 0 0 0 0 0 0 0 0 0 0 0 0 0 0 0 0 0 
0 0 0 0 0 0.0001 0.746 0.1264 0.1126 0.0149 0 0 0 0 0 0 0 0 0 0 0 0 0 0 0 0 0 0 0 0 
0 0 0 0 0 0.0001 0.593 0.2354 0.1626 0.0089 0 0 0 0 0 0 0 0 0 0 0 0 0 0 0 0 0 0 0 0 
0 0 0 0 0 0 0.3357 0.3308 0.327 0.0065 0 0 0 0 0 0 0 0 0 0 0 0 0 0 0 0 0 0 0 0 
0 0 0 0 0 0.0002 0.7107 0.0853 0.1464 0.0573 0 0 0 0 0 0 0 0 0 0 0 0 0 0 0 0 0 0 0 0 
0 0 0 0 0 0.0001 0.2607 0.1663 0.4495 0.1234 0 0 0 0 0 0 0 0 0 0 0 0 0 0 0 0 0 0 0 0 
0 0 0 0 0 0 0.3916 0.3798 0.2174 0.0111 0 0 0 0 0 0 0 0 0 0 0 0 0 0 0 0 0 0 0 0 
0 0 0 0 0 0 0.0834 0.718 0.0729 0.1257 0 0 0 0 0 0 0 0 0 0 0 0 0 0 0 0 0 0 0 0 
0 0 0 0 0 0 0.1305 0.7746 0.0639 0.031 0 0 0 0 0 0 0 0 0 0 0 0 0 0 0 0 0 0 0 0 
0 0 0 0 0 0 0.3148 0.5546 0.1121 0.0185 0 0 0 0 0 0 0 0 0 0 0 0 0 0 0 0 0 0 0 0 
0 0 0 0 0 0 0.2177 0.6994 0.0602 0.0227 0 0 0 0 0 0 0 0 0 0 0 0 0 0 0 0 0 0 0 0 
0 0 0 0 0 0.0001 0.3279 0.5772 0.0769 0.0179 0 0 0 0 0 0 0 0 0 0 0 0 0 0 0 0 0 0 0 0 
0 0 0 0 0 0 0.0848 0.8592 0.0284 0.0276 0 0 0 0 0 0 0 0 0 0 0 0 0 0 0 0 0 0 0 0 
0 0 0 0 0 0.0001 0.644 0.2329 0.1144 0.0087 0 0 0 0 0 0 0 0 0 0 0 0 0 0 0 0 0 0 0 0 
0 0 0 0 0 0.0001 0.4573 0.3934 0.137 0.0122 0 0 0 0 0 0 0 0 0 0 0 0 0 0 0 0 0 0 0 0 
0 0 0 0 0 0.0001 0.3773 0.5035 0.1035 0.0157 0 0 0 0 0 0 0 0 0 0 0 0 0 0 0 0 0 0 0 0 
0 0 0 0 0 0.0001 0.388 0.5159 0.0809 0.0152 0 0 0 0 0 0 0 0 0 0 0 0 0 0 0 0 0 0 0 0 
0 0 0 0 0 0.0001 0.4088 0.4874 0.0893 0.0144 0 0 0 0 0 0 0 0 0 0 0 0 0 0 0 0 0 0 0 0 
0 0 0 0 0 0.0001 0.4086 0.4981 0.0791 0.0142 0 0 0 0 0 0 0 0 0 0 0 0 0 0 0 0 0 0 0 0 
0 0 0 0 0 0.0001 0.4154 0.4896 0.081 0.0139 0 0 0 0 0 0 0 0 0 0 0 0 0 0 0 0 0 0 0 0 
0 0 0 0 0 0.0001 0.6216 0.2746 0.0941 0.0096 0 0 0 0 0 0 0 0 0 0 0 0 0 0 0 0 0 0 0 0 
0 0 0 0 0 0.0001 0.5403 0.3605 0.0881 0.011 0 0 0 0 0 0 0 0 0 0 0 0 0 0 0 0 0 0 0 0 
0 0 0 0 0 0.0001 0.4572 0.4409 0.0892 0.0127 0 0 0 0 0 0 0 0 0 0 0 0 0 0 0 0 0 0 0 0 
0 0 0 0 0 0.0001 0.425 0.4817 0.0798 0.0134 0 0 0 0 0 0 0 0 0 0 0 0 0 0 0 0 0 0 0 0 
0 0 0 0 0 0.0001 0.4169 0.4908 0.0785 0.0137 0 0 0 0 0 0 0 0 0 0 0 0 0 0 0 0 0 0 0 0 
0 0 0 0 0 0.0001 0.4177 0.4909 0.0777 0.0137 0 0 0 0 0 0 0 0 0 0 0 0 0 0 0 0 0 0 0 0 
0 0 0 0 0 0.0001 0.4189 0.49 0.0774 0.0136 0 0 0 0 0 0 0 0 0 0 0 0 0 0 0 0 0 0 0 0 
0 0 0 0 0 0.0001 0.4177 0.4911 0.0775 0.0137 0 0 0 0 0 0 0 0 0 0 0 0 0 0 0 0 0 0 0 0 
0 0 0 0 0 0.0001 0.4189 0.4893 0.0781 0.0136 0 0 0 0 0 0 0 0 0 0 0 0 0 0 0 0 0 0 0 0 
0 0 0 0 0 0.0001 0.4245 0.4854 0.0768 0.0133 0 0 0 0 0 0 0 0 0 0 0 0 0 0 0 0 0 0 0 0 
0 0 0 0 0 0.0001 0.4416 0.4721 0.0741 0.0122 0 0 0 0 0 0 0 0 0 0 0 0 0 0 0 0 0 0 0 0 
0 0 0 0 0 0.0001 0.5376 0.3785 0.0726 0.0112 0 0 0 0 0 0 0 0 0 0 0 0 0 0 0 0 0 0 0 0 
0 0 0 0 0 0.0001 0.417 0.4914 0.0779 0.0137 0 0 0 0 0 0 0 0 0 0 0 0 0 0 0 0 0 0 0 0 
0 0 0 0 0 0.0001 0.4172 0.4914 0.0776 0.0137 0 0 0 0 0 0 0 0 0 0 0 0 0 0 0 0 0 0 0 0 
0 0 0 0 0 0.0001 0.4149 0.4931 0.0781 0.0138 0 0 0 0 0 0 0 0 0 0 0 0 0 0 0 0 0 0 0 0 
0 0 0 0 0 0.0001 0.4163 0.4922 0.0777 0.0137 0 0 0 0 0 0 0 0 0 0 0 0 0 0 0 0 0 0 0 0 
0 0 0 0 0 0.0001 0.4169 0.4917 0.0777 0.0137 0 0 0 0 0 0 0 0 0 0 0 0 0 0 0 0 0 0 0 0 
0 0 0 0 0 0.0001 0.4169 0.4919 0.0775 0.0137 0 0 0 0 0 0 0 0 0 0 0 0 0 0 0 0 0 0 0 0 
0 0 0 0 0 0.0001 0.4172 0.4915 0.0775 0.0137 0 0 0 0 0 0 0 0 0 0 0 0 0 0 0 0 0 0 0 0 
0 0 0 0 0 0.0001 0.4163 0.4924 0.0775 0.0137 0 0 0 0 0 0 0 0 0 0 0 0 0 0 0 0 0 0 0 0 
0 0 0 0 0 0.0001 0.0516 0.0774 0.0302 0.8407 0 0 0 0 0 0 0 0 0 0 0 0 0 0 0 0 0 0 0 0 
0 0 0 0 0 0 0.0523 0.0804 0.038 0.8292 0 0 0 0 0 0 0 0 0 0 0 0 0 0 0 0 0 0 0 0 
0 0 0 0 0 0 0.0435 0.0932 0.031 0.8322 0 0 0 0 0 0 0 0 0 0 0 0 0 0 0 0 0 0 0 0 
0 0 0 0 0 0 0.0543 0.0728 0.0369 0.836 0 0 0 0 0 0 0 0 0 0 0 0 0 0 0 0 0 0 0 0 
0 0 0 0 0 0.0001 0.07 0.065 0.0394 0.8255 0 0 0 0 0 0 0 0 0 0 0 0 0 0 0 0 0 0 0 0 
0 0 0 0 0 0.0001 0.0557 0.0648 0.0371 0.8424 0 0 0 0 0 0 0 0 0 0 0 0 0 0 0 0 0 0 0 0 
0 0 0 0 0 0.0001 0.0578 0.0617 0.0393 0.8412 0 0 0 0 0 0 0 0 0 0 0 0 0 0 0 0 0 0 0 0 
0 0 0 0 0 0.0001 0.0759 0.0577 0.0469 0.8194 0 0 0 0 0 0 0 0 0 0 0 0 0 0 0 0 0 0 0 0 
0 0 0 0 0 0.0001 0.1164 0.0528 0.0469 0.7838 0 0 0 0 0 0 0 0 0 0 0 0 0 0 0 0 0 0 0 0 
0 0 0 0 0 0.0001 0.1025 0.0544 0.0584 0.7846 0 0 0 0 0 0 0 0 0 0 0 0 0 0 0 0 0 0 0 0 
0 0 0 0 0 0.0001 0.1215 0.0461 0.0616 0.7707 0 0 0 0 0 0 0 0 0 0 0 0 0 0 0 0 0 0 0 0 
0 0 0 0 0 0.0001 0.114 0.0502 0.0651 0.7706 0 0 0 0 0 0 0 0 0 0 0 0 0 0 0 0 0 0 0 0 
0 0 0 0 0 0 0.0542 0.0657 0.0386 0.8415 0 0 0 0 0 0 0 0 0 0 0 0 0 0 0 0 0 0 0 0 
0 0 0 0 0 0 0.0546 0.0679 0.0386 0.8388 0 0 0 0 0 0 0 0 0 0 0 0 0 0 0 0 0 0 0 0 
0 0 0 0 0 0 0.0546 0.0708 0.0389 0.8356 0 0 0 0 0 0 0 0 0 0 0 0 0 0 0 0 0 0 0 0 
0 0 0 0 0 0 0.0546 0.0738 0.0397 0.8319 0 0 0 0 0 0 0 0 0 0 0 0 0 0 0 0 0 0 0 0 
0 0 0 0 0 0 0.0271 0.1065 0.019 0.8474 0 0 0 0 0 0 0 0 0 0 0 0 0 0 0 0 0 0 0 0 
0 0 0 0 0 0 0.0245 0.0778 0.0088 0.8889 0 0 0 0 0 0 0 0 0 0 0 0 0 0 0 0 0 0 0 0 
0 0 0 0 0 0.0001 0.0826 0.0393 0.0071 0.8708 0 0 0 0 0 0 0 0 0 0 0 0 0 0 0 0 0 0 0 0 
0 0 0 0 0 0.0003 0.201 0.041 0.0451 0.7126 0 0 0 0 0 0 0 0 0 0 0 0 0 0 0 0 0 0 0 0 
0 0 0 0 0 0.0007 0.387 0.0334 0.0314 0.5474 0 0 0 0 0 0 0 0 0 0 0 0 0 0 0 0 0 0 0 0 
0 0 0 0 0 0.0003 0.278 0.0374 0.0738 0.6105 0 0 0 0 0 0 0 0 0 0 0 0 0 0 0 0 0 0 0 0 
0 0 0 0 0 0.0007 0.5271 0.0325 0.0635 0.3762 0 0 0 0 0 0 0 0 0 0 0 0 0 0 0 0 0 0 0 0 
0 0 0 0 0 0.0016 0.7905 0.0199 0.0332 0.1547 0 0 0 0 0 0 0 0 0 0 0 0 0 0 0 0 0 0 0 0 
0 0 0 0 0 0.0021 0.8049 0.0189 0.0164 0.1577 0 0 0 0 0 0 0 0 0 0 0 0 0 0 0 0 0 0 0 0 
0 0 0 0 0.0001 0.0055 0.9394 0.007 0.0095 0.0385 0 0 0 0 0 0 0 0 0 0 0 0 0 0 0 0 0 0 0 0 
0 0 0 0 0.0001 0.0066 0.9371 0.0071 0.0068 0.0423 0 0 0 0 0 0 0 0 0 0 0 0 0 0 0 0 0 0 0 0 
0 0 0 0 0.0003 0.0271 0.9628 0.0017 0.001 0.0071 0 0 0 0 0 0 0 0 0 0 0 0 0 0 0 0 0 0 0 0 
0 0 0 0 0.0001 0.0055 0.9478 0.0089 0.003 0.0348 0 0 0 0 0 0 0 0 0 0 0 0 0 0 0 0 0 0 0 0 
0 0 0 0 0.0001 0.0064 0.9395 0.0076 0.005 0.0415 0 0 0 0 0 0 0 0 0 0 0 0 0 0 0 0 0 0 0 0 
0 0 0 0 0.0003 0.028 0.9611 0.0016 0.0013 0.0076 0 0 0 0 0 0 0 0 0 0 0 0 0 0 0 0 0 0 0 0 
0 0 0 0 0.0003 0.0266 0.9632 0.0015 0.0016 0.0068 0 0 0 0 0 0 0 0 0 0 0 0 0 0 0 0 0 0 0 0 
0 0 0 0 0.0421 0.9034 0.0545 0 0 0 0 0 0 0 0 0 0 0 0 0 0 0 0 0 0 0 0 0 0 0 
0 0 0 0 0.0117 0.8053 0.1828 0 0 0.0001 0 0 0 0 0 0 0 0 0 0 0 0 0 0 0 0 0 0 0 0 
0 0 0 0 0.0024 0.1565 0.8407 0.0002 0.0001 0.0002 0 0 0 0 0 0 0 0 0 0 0 0 0 0 0 0 0 0 0 0 
0 0 0 0 0.0002 0.0163 0.9814 0.0008 0.0005 0.0007 0 0 0 0 0 0 0 0 0 0 0 0 0 0 0 0 0 0 0 0 
0.3091 0.0369 0.0065 0.0016 0.0012 0 0 0 0 0 0.0018 0.0011 0 0 0 0 0 0.0002 0.0002 0 0.322 0.0161 0 0 0 0.2874 0.0161 0 0 0 
0.1977 0.0316 0.0054 0.0014 0.001 0 0 0 0 0 0.0015 0.001 0 0 0 0 0 0.0002 0.0001 0 0.4017 0.0357 0 0 0 0.2871 0.0357 0 0 0 
0.2495 0.0577 0.0097 0.0031 0.0026 0 0 0 0 0 0.0021 0.0011 0 0 0 0 0 0.0003 0.0003 0 0.4525 0.0434 0 0 0 0.1621 0.0156 0 0 0 
0.1176 0.022 0.0036 0.001 0.0007 0 0 0 0 0 0.001 0.0007 0 0 0 0 0 0.0001 0.0001 0 0.4183 0.0601 0 0 0 0.3147 0.0601 0 0 0 
0.1563 0.0363 0.0059 0.0019 0.0017 0 0 0 0 0 0.0013 0.0007 0 0 0 0 0 0.0002 0.0002 0 0.5352 0.0707 0 0 0 0.1652 0.0244 0 0 0 
0.1997 0.0692 0.0105 0.0042 0.004 0 0 0 0 0 0.0019 0.0009 0 0 0 0 0 0.0004 0.0003 0 0.519 0.0842 0 0 0 0.0936 0.0122 0 0 0 
0.0651 0.0151 0.0024 0.0008 0.0006 0 0 0 0 0 0.0006 0.0004 0 0 0 0 0 0.0001 0.0001 0 0.5023 0.1387 0 0 0 0.2183 0.0554 0 0 0 
0.0971 0.0227 0.0036 0.0012 0.001 0 0 0 0 0 0.0008 0.0005 0 0 0 0 0 0.0001 0.0001 0 0.5492 0.1076 0 0 0 0.1792 0.0369 0 0 0 
0.1153 0.0373 0.0056 0.0022 0.0021 0 0 0 0 0 0.001 0.0005 0 0 0 0 0 0.0002 0.0002 0 0.6108 0.1209 0 0 0 0.0885 0.0153 0 0 0 
0.1437 0.0636 0.0084 0.0039 0.0041 0 0 0 0 0 0.0013 0.0006 0 0 0 0 0 0.0004 0.0003 0 0.6051 0.1191 0 0 0 0.0429 0.0065 0 0 0 
0.073 0.0301 0.004 0.0018 0.0019 0 0 0 0 0 0.0006 0.0003 0 0 0 0 0 0.0002 0.0001 0 0.6535 0.1899 0 0 0 0.0374 0.0072 0 0 0 
0.0506 0.0134 0.0021 0.0007 0.0006 0 0 0 0 0 0.0005 0.0003 0 0 0 0 0 0.0001 0.0001 0 0.5438 0.2079 0.0001 0 0 0.1411 0.0389 0 0 0 
0.069 0.0205 0.0031 0.0012 0.0011 0 0 0 0 0 0.0006 0.0003 0 0 0 0 0 0.0001 0.0001 0 0.6068 0.1761 0 0 0 0.0985 0.0226 0 0 0 
0.0325 0.0117 0.0016 0.0007 0.0007 0 0 0 0 0 0.0003 0.0001 0 0 0 0 0 0.0001 0.0001 0 0.5686 0.3317 0.0001 0 0 0.041 0.011 0 0 0 
0.0305 0.0086 0.0013 0.0005 0.0004 0 0 0 0 0 0.0003 0.0002 0 0 0 0 0 0.0001 0 0 0.5011 0.3231 0.0001 0 0 0.1013 0.0326 0 0 0 
0.0424 0.0104 0.0016 0.0005 0.0004 0 0 0 0 0 0.0004 0.0002 0 0 0 0 0 0.0001 0 0 0.4812 0.1983 0.0001 0 0 0.202 0.0623 0 0 0 
0.0481 0.0112 0.0018 0.0005 0.0005 0 0 0 0 0 0.0005 0.0003 0 0 0 0 0 0.0001 0.0001 0 0.4482 0.1591 0 0 0 0.2551 0.0746 0 0 0 
0.0249 0.0061 0.0009 0.0003 0.0002 0 0 0 0 0 0.0002 0.0002 0 0 0 0 0 0 0 0 0.3938 0.2572 0.0001 0 0 0.2274 0.0886 0 0 0 
0.0112 0.0039 0.0005 0.0002 0.0002 0 0 0 0 0 0.0001 0.0001 0 0 0 0 0 0 0 0 0.222 0.7251 0.0002 0 0 0.0268 0.0096 0 0 0 
0.0061 0.0026 0.0003 0.0001 0.0001 0 0 0 0 0 0 0 0 0 0 0 0 0 0 0 0.2184 0.7612 0.0002 0 0 0.0081 0.0028 0 0 0 
0.0146 0.0042 0.0006 0.0002 0.0002 0 0 0 0 0 0.0001 0.0001 0 0 0 0 0 0 0 0 0.2466 0.6337 0.0002 0 0 0.0707 0.0287 0 0 0 
0.0072 0.0022 0.0003 0.0001 0.0001 0 0 0 0 0 0.0001 0 0 0 0 0 0 0 0 0 0.1258 0.8007 0.0005 0 0 0.0433 0.0198 0 0 0 
0.0041 0.0014 0.0002 0.0001 0.0001 0 0 0 0 0 0 0 0 0 0 0 0 0 0 0 0.0854 0.887 0.0006 0 0 0.0149 0.0063 0 0 0 
0.0024 0.001 0.0001 0 0 0 0 0 0 0 0 0 0 0 0 0 0 0 0 0 0.0739 0.914 0.0005 0 0 0.0056 0.0023 0 0 0 
0.0021 0.001 0.0001 0 0 0 0 0 0 0 0 0 0 0 0 0 0 0 0 0 0.0744 0.9154 0.0007 0 0 0.0043 0.002 0 0 0 
0.001 0.0005 0 0 0 0 0 0 0 0 0 0 0 0 0 0 0 0 0 0 0.0317 0.9602 0.002 0 0 0.0031 0.0015 0 0 0 
0.001 0.0004 0 0 0 0 0 0 0 0 0 0 0 0 0 0 0 0 0 0 0.0284 0.9633 0.0017 0 0 0.0035 0.0016 0 0 0 
0.0019 0.0007 0.0001 0 0 0 0 0 0 0 0 0 0 0 0 0 0 0 0 0 0.0415 0.942 0.002 0 0 0.0081 0.0036 0 0 0 
0.0021 0.0006 0.0001 0 0 0 0 0 0 0 0 0 0 0 0 0 0 0 0 0 0.0379 0.939 0.001 0 0 0.013 0.0062 0 0 0 
0.001 0.0003 0 0 0 0 0 0 0 0 0 0 0 0 0 0 0 0 0 0 0.0192 0.9675 0.0027 0 0 0.0062 0.003 0 0 0 
0.001 0.0003 0 0 0 0 0 0 0 0 0 0 0 0 0 0 0 0 0 0 0.0215 0.966 0.0045 0 0 0.0045 0.0021 0 0 0 
0.0004 0.0001 0 0 0 0 0 0 0 0 0 0 0 0 0 0 0 0 0 0 0.0079 0.9842 0.0038 0 0 0.0024 0.0012 0 0 0 
0.0001 0 0 0 0 0 0 0 0 0 0 0 0 0 0 0 0 0 0 0 0.003 0.9879 0.0077 0 0 0.0008 0.0004 0 0 0 
0 0 0 0 0 0 0 0 0 0 0 0 0 0 0 0 0 0 0 0 0.001 0.978 0.0205 0 0 0.0003 0.0002 0 0 0 
0.0001 0 0 0 0 0 0 0 0 0 0 0 0 0 0 0 0 0 0 0 0.0011 0.9808 0.0176 0 0 0.0003 0.0002 0 0 0 
0.0001 0 0 0 0 0 0 0 0 0 0 0 0 0 0 0 0 0 0 0 0.0022 0.988 0.0084 0 0 0.0008 0.0004 0 0 0 
0.0003 0.0001 0 0 0 0 0 0 0 0 0 0 0 0 0 0 0 0 0 0 0.0056 0.9872 0.0033 0 0 0.0023 0.0012 0 0 0 
0 0 0 0 0 0 0 0 0 0 0 0 0 0 0 0 0 0 0 0 0.0003 0.9514 0.0481 0 0 0.0001 0 0 0 0 
0.0001 0 0 0 0 0 0 0 0 0 0 0 0 0 0 0 0 0 0 0 0.0013 0.9776 0.0206 0 0 0.0003 0.0001 0 0 0 
0 0 0 0 0 0 0 0 0 0 0 0 0 0 0 0 0 0 0 0 0.0003 0.9442 0.0554 0 0 0.0001 0 0 0 0 
0 0 0 0 0 0 0 0 0 0 0 0 0 0 0 0 0 0 0 0 0.0001 0.8474 0.1525 0 0 0 0 0 0 0 
0 0 0 0 0 0 0 0 0 0 0 0 0 0 0 0 0 0 0 0 0 0.2085 0.7914 0 0 0 0 0 0 0 
0 0 0 0 0 0 0 0 0 0 0 0 0 0 0 0 0 0 0 0 0.0001 0.8259 0.174 0 0 0 0 0 0 0 
0 0 0 0 0 0 0 0 0 0 0 0 0 0 0 0 0 0 0 0 0.0003 0.9194 0.0802 0 0 0.0001 0 0 0 0 
0 0 0 0 0 0 0 0 0 0 0 0 0 0 0 0 0 0 0 0 0.0011 0.9712 0.0274 0 0 0.0002 0.0001 0 0 0 
0.0002 0.0001 0 0 0 0 0 0 0 0 0 0 0 0 0 0 0 0 0 0 0.0037 0.9851 0.0098 0 0 0.0008 0.0004 0 0 0 
0.0005 0.0002 0 0 0 0 0 0 0 0 0 0 0 0 0 0 0 0 0 0 0.0113 0.9775 0.0069 0 0 0.0024 0.0011 0 0 0 
0.0001 0 0 0 0 0 0 0 0 0 0 0 0 0 0 0 0 0 0 0 0.0031 0.9825 0.0134 0 0 0.0006 0.0003 0 0 0 
0.0007 0.0003 0 0 0 0 0 0 0 0 0 0 0 0 0 0 0 0 0 0 0.0176 0.9722 0.0051 0 0 0.0027 0.0013 0 0 0 
0.0004 0.0001 0 0 0 0 0 0 0 0 0 0 0 0 0 0 0 0 0 0 0.0095 0.9787 0.0088 0 0 0.0016 0.0008 0 0 0 
0.0005 0.0002 0 0 0 0 0 0 0 0 0 0 0 0 0 0 0 0 0 0 0.0142 0.9776 0.0047 0 0 0.0019 0.0009 0 0 0 
0.0002 0.0001 0 0 0 0 0 0 0 0 0 0 0 0 0 0 0 0 0 0 0.0065 0.9827 0.009 0 0 0.001 0.0005 0 0 0 
0.0001 0 0 0 0 0 0 0 0 0 0 0 0 0 0 0 0 0 0 0 0.0024 0.9773 0.0196 0 0 0.0004 0.0002 0 0 0 
0 0 0 0 0 0 0 0 0 0 0 0 0 0 0 0 0 0 0 0 0.0009 0.9552 0.0436 0 0 0.0002 0.0001 0 0 0 
0 0 0 0 0 0 0 0 0 0 0 0 0 0 0 0 0 0 0 0 0.0003 0.8706 0.1291 0 0 0 0 0 0 0 
0 0 0 0 0 0 0 0 0 0 0 0 0 0 0 0 0 0 0 0 0.0001 0.7279 0.272 0 0 0 0 0 0 0 
0 0 0 0 0 0 0 0 0 0 0 0 0 0 0 0 0 0 0 0 0.0009 0.9186 0.0802 0 0 0.0002 0.0001 0 0 0 
0 0 0 0 0 0 0 0 0 0 0 0 0 0 0 0 0 0 0 0 0.0003 0.8053 0.1943 0 0 0.0001 0 0 0 0 
0 0 0 0 0 0 0 0 0 0 0 0 0 0 0 0 0 0 0 0 0.0001 0.2731 0.7268 0 0 0 0 0 0 0 
0 0 0 0 0 0 0 0 0 0 0 0 0 0 0 0 0 0 0 0 0 0.0774 0.9225 0 0 0 0 0 0 0 
0 0 0 0 0 0 0 0 0 0 0 0 0 0 0 0 0 0 0 0 0 0.0362 0.9637 0.0001 0 0 0 0 0 0 
0 0 0 0 0 0 0 0 0 0 0 0 0 0 0 0 0 0 0 0 0 0.0087 0.9911 0.0002 0 0 0 0 0 0 
0 0 0 0 0 0 0 0 0 0 0 0 0 0 0 0 0 0 0 0 0 0.0132 0.9866 0.0002 0 0 0 0 0 0 
0 0 0 0 0 0 0 0 0 0 0 0 0 0 0 0 0 0 0 0 0 0.0017 0.9978 0.0005 0 0 0 0 0 0 
0 0 0 0 0 0 0 0 0 0 0 0 0 0 0 0 0 0 0 0 0 0.1342 0.8657 0 0 0 0 0 0 0 
0 0 0 0 0 0 0 0 0 0 0 0 0 0 0 0 0 0 0 0 0 0.0553 0.9446 0.0001 0 0 0 0 0 0 
0 0 0 0 0 0 0 0 0 0 0 0 0 0 0 0 0 0 0 0 0 0.0001 0.9978 0.0021 0 0 0 0 0 0 
0 0 0 0 0 0 0 0 0 0 0 0 0 0 0 0 0 0 0 0 0 0.0012 0.9981 0.0007 0 0 0 0 0 0 
0 0 0 0 0 0 0 0 0 0 0 0 0 0 0 0 0 0 0 0 0 0.0001 0.9971 0.0028 0 0 0 0 0 0 
0 0 0 0 0 0 0 0 0 0 0 0 0 0 0 0 0 0 0 0 0 0 0.9886 0.0113 0.0001 0 0 0 0 0 
0 0 0 0 0 0 0 0 0 0 0 0 0 0 0 0 0 0 0 0 0 0 0.9888 0.011 0.0001 0 0 0 0 0 
0 0 0 0 0 0 0 0 0 0 0 0 0 0 0 0 0 0 0 0 0 0.0001 0.9908 0.0089 0.0002 0 0 0 0 0 
0 0 0 0 0 0 0 0 0 0 0 0 0 0 0 0 0 0 0 0 0 0 0.9481 0.051 0.0008 0 0 0 0 0 
0 0 0 0 0 0 0 0 0 0 0 0 0 0 0 0 0 0 0 0 0 0 0.9132 0.0866 0.0001 0 0 0 0 0 
0 0 0 0 0 0 0 0 0 0 0 0 0 0 0 0 0 0 0 0 0 0 0.9204 0.0795 0.0002 0 0 0 0 0 
0.2717 0.1294 0.0175 0.0085 0.0089 0 0 0 0 0 0.0026 0.0011 0 0 0 0 0 0.0008 0.0006 0 0.4308 0.0771 0 0 0 0.0452 0.0059 0 0 0 
0.305 0.1196 0.0188 0.0075 0.0069 0 0 0 0 0 0.0032 0.0014 0 0 0 0 0 0.0007 0.0006 0 0.4035 0.0486 0 0 0 0.0757 0.0083 0 0 0 
0.3691 0.1855 0.0256 0.0129 0.0135 0 0 0 0 0 0.0037 0.0014 0 0 0 0 0 0.0012 0.0009 0 0.2942 0.0496 0 0 0 0.0377 0.0046 0 0 0 
0.3632 0.289 0.0403 0.0216 0.0229 0 0 0 0 0 0.0055 0.002 0 0 0 0 0 0.0019 0.0014 0 0.189 0.0307 0 0 0 0.029 0.0035 0 0 0 
0.3974 0.1773 0.0287 0.0115 0.0103 0 0 0 0 0 0.0048 0.002 0 0 0 0 0 0.0011 0.0008 0 0.2643 0.0338 0 0 0 0.0614 0.0065 0 0 0 
0.408 0.1083 0.0191 0.0059 0.0047 0 0 0 0 0 0.0039 0.002 0 0 0 0 0 0.0006 0.0005 0 0.2835 0.0278 0 0 0 0.1244 0.0112 0 0 0 
0.4295 0.0995 0.0183 0.0044 0.003 0 0 0 0 0 0.0047 0.0028 0 0 0 0 0 0.0006 0.0004 0 0.2172 0.0154 0 0 0 0.1888 0.0154 0 0 0 
0.4523 0.1719 0.0315 0.0093 0.007 0 0 0 0 0 0.0063 0.0031 0 0 0 0 0 0.001 0.0008 0 0.1939 0.02 0 0 0 0.0939 0.0091 0 0 0 
0.4578 0.168 0.0321 0.0073 0.0048 0 0 0 0 0 0.0079 0.0044 0 0 0 0 0 0.0009 0.0007 0 0.1563 0.0131 0 0 0 0.1336 0.0131 0 0 0 
0.4193 0.2715 0.0543 0.0117 0.0071 0 0 0 0 0 0.0126 0.0066 0 0 0 0 0 0.0015 0.0012 0 0.1052 0.0099 0 0 0 0.0891 0.01 0 0 0 
0.4062 0.2756 0.0523 0.0151 0.0108 0 0 0 0 0 0.0097 0.0044 0 0 0 0 0 0.0015 0.0012 0 0.1343 0.0149 0 0 0 0.0668 0.007 0 0 0 
0.0885 0.4637 0.1746 0.1042 0.0718 0.0001 0 0 0 0 0.0239 0.0065 0 0 0 0 0 0.0066 0.0053 0.0001 0.0365 0.0053 0 0 0 0.0116 0.0014 0 0 0 
0.0318 0.1371 0.3819 0.225 0.0781 0.0001 0 0 0 0 0.0764 0.0149 0 0 0 0 0 0.0202 0.0156 0.0002 0.011 0.0015 0 0 0 0.0055 0.0008 0 0 0 
0.0829 0.3312 0.3413 0.0856 0.0432 0.0001 0 0 0 0 0.041 0.0118 0 0 0 0 0 0.0078 0.0061 0.0001 0.0288 0.0038 0 0 0 0.0143 0.0019 0 0 0 
0.1589 0.4939 0.1514 0.0413 0.0251 0 0 0 0 0 0.0225 0.008 0 0 0 0 0 0.0039 0.003 0 0.0547 0.0069 0 0 0 0.0271 0.0033 0 0 0 
0.1667 0.4978 0.1096 0.0526 0.0414 0.0001 0 0 0 0 0.0155 0.005 0 0 0 0 0 0.0039 0.0031 0.0001 0.0708 0.0101 0 0 0 0.021 0.0025 0 0 0 
0.1658 0.5023 0.0814 0.0561 0.0639 0.0001 0 0 0 0 0.0103 0.0031 0 0 0 0 0 0.0041 0.0033 0.0001 0.0803 0.0127 0 0 0 0.0146 0.0018 0 0 0 
0.2423 0.4437 0.0604 0.0358 0.0389 0 0 0 0 0 0.0079 0.0026 0 0 0 0 0 0.0029 0.0022 0.0001 0.1207 0.0193 0 0 0 0.0207 0.0025 0 0 0 
0.2516 0.4391 0.0727 0.0317 0.0266 0 0 0 0 0 0.0108 0.0039 0 0 0 0 0 0.0026 0.002 0 0.1092 0.0151 0 0 0 0.031 0.0035 0 0 0 
0.3843 0.2755 0.0456 0.0186 0.0162 0 0 0 0 0 0.0072 0.0029 0 0 0 0 0 0.0016 0.0013 0 0.1727 0.023 0 0 0 0.046 0.005 0 0 0 
0.2637 0.436 0.0855 0.0244 0.0165 0 0 0 0 0 0.0144 0.0059 0 0 0 0 0 0.0024 0.0018 0 0.0895 0.0106 0 0 0 0.0441 0.005 0 0 0 
0.0645 0.3112 0.1217 0.1785 0.2429 0.0003 0 0 0 0 0.0178 0.0041 0 0 0 0 0 0.01 0.0085 0.0002 0.0291 0.0046 0 0 0 0.0059 0.0008 0 0 0 
0.0574 0.2915 0.1281 0.1405 0.3126 0.0003 0 0 0 0 0.0116 0.0031 0 0 0 0 0 0.011 0.0092 0.0003 0.0253 0.004 0 0 0 0.0044 0.0006 0 0 0 
0.0371 0.1834 0.0918 0.1868 0.4383 0.0006 0 0 0 0 0.015 0.0033 0 0 0 0 0 0.0111 0.0099 0.0002 0.0163 0.0025 0 0 0 0.0033 0.0004 0 0 0 
0.1018 0.4682 0.1118 0.1001 0.1226 0.0002 0 0 0 0 0.0142 0.0038 0 0 0 0 0 0.0065 0.0053 0.0001 0.0473 0.0074 0 0 0 0.0093 0.0012 0 0 0 
0.0035 0.0158 0.036 0.5075 0.1195 0.0001 0 0 0 0 0.0737 0.0127 0 0 0 0 0 0.1221 0.1058 0.0012 0.0012 0.0002 0 0 0 0.0007 0.0001 0 0 0 
0.0074 0.0322 0.0903 0.4159 0.0628 0.0001 0 0 0 0 0.1818 0.0267 0 0 0 0 0 0.1052 0.0725 0.0008 0.0022 0.0003 0 0 0 0.0016 0.0002 0 0 0 
0.0089 0.0392 0.0978 0.4922 0.0994 0.0001 0 0 0 0 0.1145 0.0173 0 0 0 0 0 0.0705 0.0544 0.0006 0.0029 0.0004 0 0 0 0.0017 0.0002 0 0 0 
0.0118 0.0506 0.1574 0.3586 0.0552 0.0001 0 0 0 0 0.2147 0.0291 0 0 0 0 0 0.0675 0.0476 0.0005 0.0035 0.0005 0 0 0 0.0026 0.0004 0 0 0 
0.0168 0.0716 0.2252 0.3619 0.0633 0.0001 0 0 0 0 0.1505 0.0232 0 0 0 0 0 0.0445 0.0328 0.0004 0.0053 0.0007 0 0 0 0.0034 0.0005 0 0 0 
0.0106 0.0489 0.0856 0.5397 0.1712 0.0002 0 0 0 0 0.0567 0.0091 0 0 0 0 0 0.0383 0.0329 0.0004 0.004 0.0006 0 0 0 0.0016 0.0002 0 0 0 
0.0383 0.1863 0.1615 0.342 0.1828 0.0003 0 0 0 0 0.0333 0.0067 0 0 0 0 0 0.0136 0.0115 0.0002 0.0158 0.0024 0 0 0 0.0047 0.0006 0 0 0 
0.0121 0.0515 0.1682 0.2624 0.0415 0 0 0 0 0 0.3057 0.0382 0 0 0 0 0 0.0665 0.0464 0.0005 0.0033 0.0004 0 0 0 0.0029 0.0004 0 0 0 
0.0205 0.0845 0.3375 0.1968 0.038 0 0 0 0 0 0.2121 0.0351 0 0 0 0 0 0.0366 0.0267 0.0003 0.0056 0.0007 0 0 0 0.0048 0.0007 0 0 0 
0.0071 0.0308 0.0891 0.3077 0.0431 0 0 0 0 0 0.2759 0.0395 0 0 0 0 0 0.123 0.0787 0.0008 0.002 0.0003 0 0 0 0.0017 0.0003 0 0 0 
0.0036 0.0158 0.0425 0.2321 0.042 0 0 0 0 0 0.2274 0.0386 0 0 0 0 0 0.2536 0.1407 0.0014 0.001 0.0001 0 0 0 0.0009 0.0001 0 0 0 
0.0036 0.016 0.0414 0.3784 0.0691 0 0 0 0 0 0.1375 0.0235 0 0 0 0 0 0.1934 0.1334 0.0014 0.0011 0.0001 0 0 0 0.0008 0.0001 0 0 0 
0.0015 0.0068 0.0171 0.1366 0.0348 0 0 0 0 0 0.1368 0.0324 0 0 0 0 0 0.3674 0.2632 0.0025 0.0004 0.0001 0 0 0 0.0004 0.0001 0 0 0 
0.0015 0.0067 0.0163 0.2229 0.0636 0 0 0 0 0 0.0807 0.0179 0 0 0 0 0 0.3323 0.2547 0.0025 0.0005 0.0001 0 0 0 0.0003 0 0 0 0 
0.0005 0.0021 0.0051 0.0571 0.02 0 0 0 0 0 0.0574 0.0186 0 0 0 0 0 0.3651 0.47 0.0039 0.0001 0 0 0 0 0.0001 0 0 0 0 
0.0005 0.0021 0.005 0.0986 0.04 0 0 0 0 0 0.0337 0.0098 0 0 0 0 0 0.3471 0.4588 0.0042 0.0001 0 0 0 0 0.0001 0 0 0 0 
0.0002 0.001 0.0021 0.0747 0.0425 0 0 0 0 0 0.0225 0.0092 0 0 0 0 0 0.1322 0.6957 0.0198 0.0001 0 0 0 0 0 0 0 0 0 
0.0002 0.001 0.002 0.1263 0.0812 0 0 0 0 0 0.0128 0.0048 0 0 0 0 0 0.1037 0.6455 0.0224 0.0001 0 0 0 0 0 0 0 0 0 
0.0002 0.0007 0.0015 0.0612 0.037 0 0 0 0 0 0.0186 0.0082 0 0 0 0 0 0.0894 0.7516 0.0315 0 0 0 0 0 0 0 0 0 0 
0.0003 0.0013 0.0027 0.1546 0.0927 0 0 0 0 0 0.0152 0.0051 0 0 0 0 0 0.1571 0.5579 0.0129 0.0001 0 0 0 0 0.0001 0 0 0 0 
0.0003 0.0014 0.003 0.0849 0.0434 0 0 0 0 0 0.028 0.0103 0 0 0 0 0 0.2016 0.6157 0.0113 0.0001 0 0 0 0 0.0001 0 0 0 0 
0.0004 0.002 0.0042 0.1718 0.0877 0 0 0 0 0 0.0186 0.0051 0 0 0 0 0 0.2816 0.4234 0.005 0.0001 0 0 0 0 0.0001 0 0 0 0 
0.0014 0.0061 0.0133 0.3717 0.1246 0.0001 0 0 0 0 0.043 0.0092 0 0 0 0 0 0.2035 0.2237 0.0026 0.0004 0.0001 0 0 0 0.0003 0 0 0 0 
0.0003 0.0015 0.0026 0.4049 0.2558 0 0 0 0 0 0.008 0.0022 0 0 0 0 0 0.0785 0.2396 0.0063 0.0001 0 0 0 0 0 0 0 0 0 
0.0011 0.0051 0.0094 0.4254 0.2451 0.0001 0 0 0 0 0.0224 0.0048 0 0 0 0 0 0.1181 0.1653 0.0025 0.0004 0.0001 0 0 0 0.0002 0 0 0 0 
0.0033 0.0151 0.0262 0.5469 0.2201 0.0002 0 0 0 0 0.0362 0.0064 0 0 0 0 0 0.0697 0.0731 0.001 0.0012 0.0002 0 0 0 0.0005 0.0001 0 0 0 
0.0104 0.0499 0.0567 0.474 0.318 0.0004 0 0 0 0 0.0301 0.0051 0 0 0 0 0 0.0249 0.0237 0.0003 0.0042 0.0006 0 0 0 0.0013 0.0002 0 0 0 
0.0026 0.0122 0.017 0.4857 0.3667 0.0003 0 0 0 0 0.0192 0.0035 0 0 0 0 0 0.0415 0.0492 0.0007 0.001 0.0001 0 0 0 0.0004 0.0001 0 0 0 
0.0007 0.0033 0.0053 0.49 0.3526 0.0001 0 0 0 0 0.0102 0.0022 0 0 0 0 0 0.051 0.0827 0.0015 0.0003 0 0 0 0 0.0001 0 0 0 0 
0.0002 0.001 0.0015 0.4538 0.4257 0 0 0 0 0 0.0034 0.0009 0 0 0 0 0 0.0265 0.0845 0.0024 0.0001 0 0 0 0 0 0 0 0 0 
0.0002 0.001 0.0015 0.4391 0.4119 0 0 0 0 0 0.002 0.0006 0 0 0 0 0 0.0148 0.1239 0.005 0.0001 0 0 0 0 0 0 0 0 0 
0.0006 0.0037 0.0052 0.4459 0.2695 0 0 0 0 0 0.0037 0.0014 0 0 0 0 0 0.0236 0.2366 0.0095 0.0002 0 0 0 0 0.0001 0 0 0 0 
0.0002 0.0012 0.0018 0.3795 0.338 0 0 0 0 0 0.0029 0.001 0 0 0 0 0 0.0227 0.2424 0.0101 0.0001 0 0 0 0 0 0 0 0 0 
0.0002 0.0012 0.0021 0.2772 0.195 0 0 0 0 0 0.0073 0.0024 0 0 0 0 0 0.0664 0.4336 0.0144 0.0001 0 0 0 0 0 0 0 0 0 
0.0002 0.0013 0.002 0.2852 0.236 0 0 0 0 0 0.004 0.0014 0 0 0 0 0 0.0296 0.4211 0.0191 0.0001 0 0 0 0 0 0 0 0 0 
0.0002 0.0011 0.0018 0.2067 0.1498 0 0 0 0 0 0.007 0.0025 0 0 0 0 0 0.0563 0.5505 0.0241 0.0001 0 0 0 0 0 0 0 0 0 
0.0002 0.0009 0.0015 0.1462 0.1063 0 0 0 0 0 0.0066 0.0025 0 0 0 0 0 0.0457 0.6519 0.0381 0 0 0 0 0 0 0 0 0 0 
0.0002 0.0008 0.0015 0.0973 0.0649 0 0 0 0 0 0.011 0.0045 0 0 0 0 0 0.0711 0.7121 0.0367 0 0 0 0 0 0 0 0 0 0 
0.0001 0.0005 0.0011 0.0468 0.0296 0 0 0 0 0 0.0148 0.007 0 0 0 0 0 0.058 0.7913 0.0506 0 0 0 0 0 0 0 0 0 0 
0.0001 0.0006 0.0011 0.0752 0.0514 0 0 0 0 0 0.009 0.0039 0 0 0 0 0 0.0491 0.7532 0.0562 0 0 0 0 0 0 0 0 0 0 
0.0001 0.0004 0.0007 0.0317 0.0208 0 0 0 0 0 0.0103 0.0052 0 0 0 0 0 0.0327 0.8083 0.0899 0 0 0 0 0 0 0 0 0 0 
0.0001 0.0007 0.0013 0.1043 0.0751 0 0 0 0 0 0.0063 0.0026 0 0 0 0 0 0.0386 0.7152 0.0556 0 0 0 0 0 0 0 0 0 0 
0.0001 0.0004 0.0008 0.0506 0.0353 0 0 0 0 0 0.0063 0.0029 0 0 0 0 0 0.0283 0.7782 0.0971 0 0 0 0 0 0 0 0 0 0 
0.0001 0.0005 0.0008 0.0444 0.0318 0 0 0 0 0 0.0032 0.0014 0 0 0 0 0 0.0148 0.7547 0.1483 0 0 0 0 0 0 0 0 0 0 
0.0001 0.0003 0.0006 0.0328 0.0229 0 0 0 0 0 0.0047 0.0023 0 0 0 0 0 0.018 0.7596 0.1588 0 0 0 0 0 0 0 0 0 0 
0.0001 0.0003 0.0005 0.026 0.0183 0 0 0 0 0 0.0025 0.0012 0 0 0 0 0 0.0097 0.7019 0.2395 0 0 0 0 0 0 0 0 0 0 
0 0.0003 0.0005 0.0213 0.0142 0 0 0 0 0 0.0074 0.0039 0 0 0 0 0 0.0199 0.7857 0.1468 0 0 0 0 0 0 0 0 0 0 
0 0.0002 0.0004 0.0204 0.0142 0 0 0 0 0 0.0035 0.0018 0 0 0 0 0 0.0114 0.6997 0.2484 0 0 0 0 0 0 0 0 0 0 
0.0001 0.0003 0.0007 0.0181 0.011 0 0 0 0 0 0.0177 0.0097 0 0 0 0 0 0.034 0.8238 0.0847 0 0 0 0 0 0 0 0 0 0 
0 0.0002 0.0004 0.0126 0.0079 0 0 0 0 0 0.0122 0.0069 0 0 0 0 0 0.0204 0.8004 0.1388 0 0 0 0 0 0 0 0 0 0 
0 0.0002 0.0003 0.014 0.0094 0 0 0 0 0 0.0054 0.0029 0 0 0 0 0 0.0125 0.7212 0.2339 0 0 0 0 0 0 0 0 0 0 
0 0.0002 0.0003 0.0124 0.0086 0 0 0 0 0 0.0026 0.0014 0 0 0 0 0 0.0072 0.5721 0.3953 0 0 0 0 0 0 0 0 0 0 
0 0.0001 0.0002 0.0078 0.0054 0 0 0 0 0 0.0019 0.001 0 0 0 0 0 0.0046 0.3719 0.6072 0 0 0 0 0 0 0 0 0 0 
0 0.0002 0.0003 0.0093 0.0059 0 0 0 0 0 0.0089 0.0051 0 0 0 0 0 0.0133 0.7254 0.2316 0 0 0 0 0 0 0 0 0 0 
0 0.0001 0.0002 0.0064 0.0041 0 0 0 0 0 0.0061 0.0035 0 0 0 0 0 0.0083 0.602 0.3692 0 0 0 0 0 0 0 0 0 0 
0 0.0001 0.0002 0.0092 0.0062 0 0 0 0 0 0.004 0.0022 0 0 0 0 0 0.008 0.5883 0.3816 0 0 0 0 0 0 0 0 0 0 
0 0.0001 0.0002 0.006 0.0041 0 0 0 0 0 0.0028 0.0016 0 0 0 0 0 0.005 0.3803 0.6 0 0 0 0 0 0 0 0 0 0 
0 0.0001 0.0001 0.0036 0.0025 0 0 0 0 0 0.0018 0.001 0 0 0 0 0 0.0029 0.2268 0.7613 0 0 0 0 0 0 0 0 0 0 
0 0 0 0.0007 0.0005 0 0 0 0 0 0.0007 0.0004 0 0 0 0 0 0.0007 0.0599 0.937 0 0 0 0 0 0 0 0 0 0 
0 0 0.0001 0.0015 0.001 0 0 0 0 0 0.0014 0.0008 0 0 0 0 0 0.0015 0.1228 0.8708 0 0 0 0 0 0 0 0 0 0 
0 0.0001 0.0001 0.0027 0.0018 0 0 0 0 0 0.0025 0.0015 0 0 0 0 0 0.003 0.2313 0.7571 0 0 0 0 0 0 0 0 0 0 
0 0.0001 0.0002 0.0043 0.0028 0 0 0 0 0 0.0041 0.0024 0 0 0 0 0 0.0052 0.3875 0.5934 0 0 0 0 0 0 0 0 0 0 
0 0 0 0 0.0028 0.1725 0.8244 0.0002 0.0001 0.0001 0 0 0 0 0 0 0 0 0 0 0 0 0 0 0 0 0 0 0 0 
0 0 0 0 0.0004 0.0272 0.9705 0.0012 0.0002 0.0005 0 0 0 0 0 0 0 0 0 0 0 0 0 0 0 0 0 0 0 0 
0 0 0 0 0.0004 0.0244 0.9736 0.0009 0.0003 0.0004 0 0 0 0 0 0 0 0 0 0 0 0 0 0 0 0 0 0 0 0 
0 0 0 0 0.0001 0.0041 0.9852 0.0076 0.0013 0.0018 0 0 0 0 0 0 0 0 0 0 0 0 0 0 0 0 0 0 0 0 
0 0 0 0 0.0135 0.8104 0.176 0 0 0 0 0 0 0 0 0 0 0 0 0 0 0 0 0 0 0 0 0 0 0 
0 0 0 0 0 0.0004 0.9024 0.0748 0.0169 0.0056 0 0 0 0 0 0 0 0 0 0 0 0 0 0 0 0 0 0 0 0 
0 0 0 0 0 0.0006 0.9151 0.068 0.0085 0.0077 0 0 0 0 0 0 0 0 0 0 0 0 0 0 0 0 0 0 0 0 
0 0 0 0 0 0.0009 0.9213 0.0606 0.0043 0.0129 0 0 0 0 0 0 0 0 0 0 0 0 0 0 0 0 0 0 0 0 
0 0 0 0 0.0001 0.005 0.9823 0.0085 0.0009 0.0032 0 0 0 0 0 0 0 0 0 0 0 0 0 0 0 0 0 0 0 0 
0 0 0 0 0.0001 0.0049 0.9791 0.0092 0.0008 0.006 0 0 0 0 0 0 0 0 0 0 0 0 0 0 0 0 0 0 0 0 
0 0 0 0 0.0001 0.0048 0.9729 0.0097 0.0009 0.0116 0 0 0 0 0 0 0 0 0 0 0 0 0 0 0 0 0 0 0 0 
0 0 0 0 0 0.0011 0.9142 0.0575 0.0028 0.0243 0 0 0 0 0 0 0 0 0 0 0 0 0 0 0 0 0 0 0 0 
0 0 0 0 0 0.0003 0.707 0.2548 0.0099 0.028 0 0 0 0 0 0 0 0 0 0 0 0 0 0 0 0 0 0 0 0 
0 0 0 0 0 0.0002 0.6641 0.2978 0.0225 0.0154 0 0 0 0 0 0 0 0 0 0 0 0 0 0 0 0 0 0 0 0 
0 0 0 0 0 0.0004 0.7239 0.2181 0.005 0.0526 0 0 0 0 0 0 0 0 0 0 0 0 0 0 0 0 0 0 0 0 
0 0 0 0 0 0.0012 0.9027 0.048 0.0024 0.0456 0 0 0 0 0 0 0 0 0 0 0 0 0 0 0 0 0 0 0 0 
0 0 0 0 0.0001 0.0049 0.9633 0.0097 0.0015 0.0206 0 0 0 0 0 0 0 0 0 0 0 0 0 0 0 0 0 0 0 0 
0 0 0 0 0 0.0017 0.8052 0.0293 0.0081 0.1556 0 0 0 0 0 0 0 0 0 0 0 0 0 0 0 0 0 0 0 0 
0 0 0 0 0 0.0013 0.8762 0.0404 0.0035 0.0786 0 0 0 0 0 0 0 0 0 0 0 0 0 0 0 0 0 0 0 0 
0 0 0 0 0 0.0004 0.6694 0.1533 0.0036 0.1732 0 0 0 0 0 0 0 0 0 0 0 0 0 0 0 0 0 0 0 0 
0 0 0 0 0 0.0001 0.2405 0.6341 0.0038 0.1214 0 0 0 0 0 0 0 0 0 0 0 0 0 0 0 0 0 0 0 0 
0 0 0 0 0 0.0001 0.2982 0.6316 0.0076 0.0625 0 0 0 0 0 0 0 0 0 0 0 0 0 0 0 0 0 0 0 0 
0 0 0 0 0 0.0001 0.1388 0.8073 0.011 0.0429 0 0 0 0 0 0 0 0 0 0 0 0 0 0 0 0 0 0 0 0 
0 0 0 0 0 0 0.0702 0.7978 0.0028 0.1292 0 0 0 0 0 0 0 0 0 0 0 0 0 0 0 0 0 0 0 0 
0 0 0 0 0 0.0001 0.0712 0.1869 0.0018 0.74 0 0 0 0 0 0 0 0 0 0 0 0 0 0 0 0 0 0 0 0 
0 0 0 0 0 0.0007 0.4598 0.0623 0.0128 0.4644 0 0 0 0 0 0 0 0 0 0 0 0 0 0 0 0 0 0 0 0 
0 0 0 0 0 0 0.0133 0.7716 0.0032 0.2118 0 0 0 0 0 0 0 0 0 0 0 0 0 0 0 0 0 0 0 0 
0 0 0 0 0 0 0.0126 0.951 0.0018 0.0345 0 0 0 0 0 0 0 0 0 0 0 0 0 0 0 0 0 0 0 0 
0 0 0 0 0 0 0.0454 0.9211 0.0091 0.0244 0 0 0 0 0 0 0 0 0 0 0 0 0 0 0 0 0 0 0 0 
0 0 0 0 0 0 0.1781 0.7672 0.0321 0.0226 0 0 0 0 0 0 0 0 0 0 0 0 0 0 0 0 0 0 0 0 
0 0 0 0 0 0.0001 0.2324 0.7189 0.0214 0.0273 0 0 0 0 0 0 0 0 0 0 0 0 0 0 0 0 0 0 0 0 
0 0 0 0 0 0.0001 0.3353 0.6116 0.0336 0.0194 0 0 0 0 0 0 0 0 0 0 0 0 0 0 0 0 0 0 0 0 
0 0 0 0 0 0.0001 0.3362 0.5888 0.0573 0.0176 0 0 0 0 0 0 0 0 0 0 0 0 0 0 0 0 0 0 0 0 
0 0 0 0 0 0.0001 0.3676 0.5846 0.0142 0.0335 0 0 0 0 0 0 0 0 0 0 0 0 0 0 0 0 0 0 0 0 
0 0 0 0 0 0.0001 0.423 0.5322 0.0229 0.0218 0 0 0 0 0 0 0 0 0 0 0 0 0 0 0 0 0 0 0 0 
0 0 0 0 0 0.0001 0.4078 0.5328 0.0449 0.0144 0 0 0 0 0 0 0 0 0 0 0 0 0 0 0 0 0 0 0 0 
0 0 0 0 0 0.0001 0.41 0.5091 0.067 0.0139 0 0 0 0 0 0 0 0 0 0 0 0 0 0 0 0 0 0 0 0 
0 0 0 0 0 0.0001 0.3877 0.5251 0.072 0.0151 0 0 0 0 0 0 0 0 0 0 0 0 0 0 0 0 0 0 0 0 
0 0 0 0 0 0.0001 0.4137 0.498 0.0745 0.0138 0 0 0 0 0 0 0 0 0 0 0 0 0 0 0 0 0 0 0 0 
0 0 0 0 0 0.0002 0.7007 0.2505 0.0383 0.0103 0 0 0 0 0 0 0 0 0 0 0 0 0 0 0 0 0 0 0 0 
0 0 0 0 0 0.0001 0.5306 0.4031 0.0545 0.0116 0 0 0 0 0 0 0 0 0 0 0 0 0 0 0 0 0 0 0 0 
0 0 0 0 0 0.0001 0.4269 0.4934 0.0669 0.0126 0 0 0 0 0 0 0 0 0 0 0 0 0 0 0 0 0 0 0 0 
0 0 0 0 0 0.0001 0.4195 0.4924 0.0746 0.0134 0 0 0 0 0 0 0 0 0 0 0 0 0 0 0 0 0 0 0 0 
0 0 0 0 0 0.0001 0.4162 0.4932 0.0769 0.0137 0 0 0 0 0 0 0 0 0 0 0 0 0 0 0 0 0 0 0 0 
0 0 0 0 0 0.0001 0.4178 0.4916 0.0769 0.0136 0 0 0 0 0 0 0 0 0 0 0 0 0 0 0 0 0 0 0 0 
0 0 0 0 0 0.0001 0.4148 0.494 0.0773 0.0138 0 0 0 0 0 0 0 0 0 0 0 0 0 0 0 0 0 0 0 0 
0 0 0 0 0 0.0001 0.4081 0.5015 0.0763 0.0141 0 0 0 0 0 0 0 0 0 0 0 0 0 0 0 0 0 0 0 0 
0 0 0 0 0 0.0001 0.4167 0.4922 0.0773 0.0137 0 0 0 0 0 0 0 0 0 0 0 0 0 0 0 0 0 0 0 0 
0 0 0 0 0 0.0001 0.4173 0.4917 0.0773 0.0137 0 0 0 0 0 0 0 0 0 0 0 0 0 0 0 0 0 0 0 0 
0 0 0 0 0 0.0001 0.4171 0.4917 0.0774 0.0137 0 0 0 0 0 0 0 0 0 0 0 0 0 0 0 0 0 0 0 0 
0 0 0 0 0 0.0001 0.4169 0.4919 0.0774 0.0137 0 0 0 0 0 0 0 0 0 0 0 0 0 0 0 0 0 0 0 0 
0.0025 0.0135 0.0095 0.0422 0.9215 0.0011 0 0 0 0 0.0011 0.0004 0 0 0 0 0 0.003 0.0037 0.0001 0.001 0.0002 0 0 0 0.0002 0 0 0 0 
0.0012 0.0063 0.0043 0.0187 0.9629 0.0025 0 0 0 0 0.0005 0.0002 0 0 0 0 0 0.0013 0.0015 0.0001 0.0005 0.0001 0 0 0 0.0001 0 0 0 0 
0.0033 0.0179 0.012 0.0402 0.9149 0.0011 0 0 0 0 0.0014 0.0004 0 0 0 0 0 0.0031 0.0035 0.0001 0.0013 0.0002 0 0 0 0.0003 0 0 0 0 
0.0016 0.0085 0.0056 0.0192 0.9579 0.0024 0 0 0 0 0.0007 0.0002 0 0 0 0 0 0.0014 0.0016 0.0001 0.0006 0.0001 0 0 0 0.0001 0 0 0 0 
0.0004 0.0022 0.0015 0.0069 0.9807 0.0067 0 0 0 0 0.0002 0.0001 0 0 0 0 0 0.0004 0.0005 0 0.0002 0 0 0 0 0 0 0 0 0 
0.0005 0.0027 0.0018 0.0068 0.9806 0.0059 0 0 0 0 0.0003 0.0001 0 0 0 0 0 0.0005 0.0005 0 0.0002 0 0 0 0 0 0 0 0 0 
0 0.0002 0.0001 0.0005 0.9177 0.0811 0.0004 0 0 0 0 0 0 0 0 0 0 0 0 0 0 0 0 0 0 0 0 0 0 0 
0.0001 0.0007 0.0005 0.0019 0.9761 0.0202 0.0001 0 0 0 0.0001 0 0 0 0 0 0 0.0001 0.0001 0 0.0001 0 0 0 0 0 0 0 0 0 
0.0001 0.0007 0.0005 0.002 0.977 0.019 0.0001 0 0 0 0.0001 0 0 0 0 0 0 0.0001 0.0002 0 0.0001 0 0 0 0 0 0 0 0 0 
0.0001 0.0007 0.0005 0.0022 0.9763 0.0196 0.0002 0 0 0 0.0001 0 0 0 0 0 0 0.0001 0.0002 0 0.0001 0 0 0 0 0 0 0 0 0 
0 0.0002 0.0001 0.0007 0.9367 0.0616 0.0005 0 0 0 0 0 0 0 0 0 0 0 0.0001 0 0 0 0 0 0 0 0 0 0 0 
0 0.0002 0.0001 0.0006 0.933 0.0655 0.0005 0 0 0 0 0 0 0 0 0 0 0 0 0 0 0 0 0 0 0 0 0 0 0 
0.0001 0.0005 0.0004 0.0022 0.9747 0.0215 0.0002 0 0 0 0.0001 0 0 0 0 0 0 0.0001 0.0002 0 0 0 0 0 0 0 0 0 0 0 
0.0002 0.0011 0.0008 0.0061 0.9834 0.0075 0.0001 0 0 0 0.0001 0 0 0 0 0 0 0.0003 0.0004 0 0.0001 0 0 0 0 0 0 0 0 0 
0.0003 0.0014 0.0011 0.0167 0.9757 0.0027 0 0 0 0 0.0002 0.0001 0 0 0 0 0 0.0006 0.0011 0 0.0001 0 0 0 0 0 0 0 0 0 
0 0.0002 0.0001 0.0008 0.9282 0.0699 0.0006 0 0 0 0 0 0 0 0 0 0 0 0.0001 0 0 0 0 0 0 0 0 0 0 0 
0.0001 0.0004 0.0002 0.0019 0.9724 0.0245 0.0002 0 0 0 0 0 0 0 0 0 0 0.0001 0.0001 0 0 0 0 0 0 0 0 0 0 0 
0.0001 0.0006 0.0004 0.0054 0.9846 0.008 0.0001 0 0 0 0.0001 0 0 0 0 0 0 0.0002 0.0004 0 0 0 0 0 0 0 0 0 0 0 
0 0.0002 0.0001 0.0016 0.9697 0.0279 0.0002 0 0 0 0 0 0 0 0 0 0 0.0001 0.0001 0 0 0 0 0 0 0 0 0 0 0 
0 0.0001 0.0001 0.0008 0.909 0.0891 0.0008 0 0 0 0 0 0 0 0 0 0 0 0.0001 0 0 0 0 0 0 0 0 0 0 0 
0 0 0 0.0002 0.7974 0.2003 0.002 0 0 0 0 0 0 0 0 0 0 0 0 0 0 0 0 0 0 0 0 0 0 0 
0 0.0001 0 0.0002 0.8012 0.1967 0.0018 0 0 0 0 0 0 0 0 0 0 0 0 0 0 0 0 0 0 0 0 0 0 0 
0 0 0 0.0001 0.7769 0.2211 0.0018 0 0 0 0 0 0 0 0 0 0 0 0 0 0 0 0 0 0 0 0 0 0 0 
0 0.0002 0.0001 0.0017 0.9614 0.0362 0.0002 0 0 0 0 0 0 0 0 0 0 0.0001 0.0001 0 0 0 0 0 0 0 0 0 0 0 
0 0.0001 0.0001 0.0006 0.9067 0.0917 0.0007 0 0 0 0 0 0 0 0 0 0 0 0 0 0 0 0 0 0 0 0 0 0 0 
0 0 0 0.0002 0.7768 0.2206 0.0022 0 0 0 0 0 0 0 0 0 0 0 0 0 0 0 0 0 0 0 0 0 0 0 
0 0 0 0.0001 0.2296 0.762 0.0083 0 0 0 0 0 0 0 0 0 0 0 0 0 0 0 0 0 0 0 0 0 0 0 
0 0 0 0 0.2202 0.7712 0.0085 0 0 0 0 0 0 0 0 0 0 0 0 0 0 0 0 0 0 0 0 0 0 0 
0 0 0 0 0.0584 0.9045 0.0371 0 0 0 0 0 0 0 0 0 0 0 0 0 0 0 0 0 0 0 0 0 0 0 
0 0 0 0 0.0601 0.8995 0.0404 0 0 0 0 0 0 0 0 0 0 0 0 0 0 0 0 0 0 0 0 0 0 0 
0 0.0001 0 0.0005 0.8717 0.1269 0.0007 0 0 0 0 0 0 0 0 0 0 0 0 0 0 0 0 0 0 0 0 0 0 0 
0 0 0 0.0002 0.7306 0.2667 0.0024 0 0 0 0 0 0 0 0 0 0 0 0 0 0 0 0 0 0 0 0 0 0 0 
0 0 0 0.0001 0.2178 0.7732 0.0089 0 0 0 0 0 0 0 0 0 0 0 0 0 0 0 0 0 0 0 0 0 0 0 
0 0 0 0 0.2 0.7906 0.0093 0 0 0 0 0 0 0 0 0 0 0 0 0 0 0 0 0 0 0 0 0 0 0 
0 0 0 0 0.0573 0.8968 0.0458 0 0 0 0 0 0 0 0 0 0 0 0 0 0 0 0 0 0 0 0 0 0 0 
0 0 0 0 0.0607 0.8778 0.0615 0 0 0 0 0 0 0 0 0 0 0 0 0 0 0 0 0 0 0 0 0 0 0 
0 0 0 0 0.1664 0.8228 0.0108 0 0 0 0 0 0 0 0 0 0 0 0 0 0 0 0 0 0 0 0 0 0 0 
0 0 0 0.0001 0.7079 0.2903 0.0016 0 0 0 0 0 0 0 0 0 0 0 0 0 0 0 0 0 0 0 0 0 0 0 
0 0 0 0 0 0 0 0 0 0 0 0 0 0 0 0 0 0 0 0 0 0 0.064 0.8704 0.0656 0 0 0 0 0 
0 0 0 0 0 0 0 0 0 0 0 0 0 0 0 0 0 0 0 0 0 0 0.0558 0.8999 0.0443 0 0 0 0 0 
0 0 0 0 0 0 0 0 0 0 0 0 0 0 0 0 0 0 0 0 0 0 0.0485 0.9228 0.0287 0 0 0 0 0 
0 0 0 0 0 0 0 0 0 0 0 0 0 0 0 0 0 0 0 0 0 0 0.0127 0.823 0.1643 0 0 0 0 0 
0 0 0 0 0 0 0 0 0 0 0 0 0 0 0 0 0 0 0 0 0 0 0.0236 0.9316 0.0447 0 0 0 0 0 
0 0 0 0 0 0 0 0 0 0 0 0 0 0 0 0 0 0 0 0 0 0 0.0426 0.944 0.0134 0 0 0 0 0 
0 0 0 0 0 0 0 0 0 0 0 0 0 0 0 0 0 0 0 0 0 0 0.0921 0.9036 0.0043 0 0 0 0 0 
0 0 0 0 0 0 0 0 0 0 0 0 0 0 0 0 0 0 0 0 0 0 0.2252 0.7735 0.0014 0 0 0 0 0 
0 0 0 0 0 0 0 0 0 0 0 0 0 0 0 0 0 0 0 0 0 0 0.0108 0.8996 0.0895 0 0 0 0 0 
0 0 0 0 0 0 0 0 0 0 0 0 0 0 0 0 0 0 0 0 0 0 0.0055 0.6578 0.3367 0 0 0 0 0 
0 0 0 0 0 0 0 0 0 0 0 0 0 0 0 0 0 0 0 0 0 0 0.0246 0.9509 0.0244 0 0 0 0 0 
0 0 0 0 0 0 0 0 0 0 0 0 0 0 0 0 0 0 0 0 0 0 0.0655 0.9258 0.0086 0 0 0 0 0 
0 0 0 0 0 0 0 0 0 0 0 0 0 0 0 0 0 0 0 0 0 0 0.1706 0.8253 0.0042 0 0 0 0 0 
0 0 0 0 0 0 0 0 0 0 0 0 0 0 0 0 0 0 0 0 0 0 0.4879 0.5118 0.0003 0 0 0 0 0 
0 0 0 0 0 0 0 0 0 0 0 0 0 0 0 0 0 0 0 0 0 0 0.0031 0.4032 0.5937 0 0 0 0 0 
0 0 0 0 0 0 0 0 0 0 0 0 0 0 0 0 0 0 0 0 0 0 0.0067 0.8318 0.1615 0 0 0 0 0 
0 0 0 0 0 0 0 0 0 0 0 0 0 0 0 0 0 0 0 0 0 0 0.0187 0.9328 0.0485 0 0 0 0 0 
0 0 0 0 0 0 0 0 0 0 0 0 0 0 0 0 0 0 0 0 0 0 0.0561 0.9264 0.0175 0 0 0 0 0 
0 0 0 0 0 0 0 0 0 0 0 0 0 0 0 0 0 0 0 0 0 0 0.1353 0.856 0.0086 0 0 0 0 0 
0 0 0 0 0 0 0 0 0 0 0 0 0 0 0 0 0 0 0 0 0 0 0.3386 0.6582 0.0032 0 0 0 0 0 
0 0 0 0 0 0 0 0 0 0 0 0 0 0 0 0 0 0 0 0 0 0 0.0023 0.344 0.6537 0 0 0 0 0 
0 0 0 0 0 0 0 0 0 0 0 0 0 0 0 0 0 0 0 0 0 0 0.0046 0.7491 0.2464 0 0 0 0 0 
0 0 0 0 0 0 0 0 0 0 0 0 0 0 0 0 0 0 0 0 0 0 0.0158 0.9059 0.0783 0 0 0 0 0 
0 0 0 0 0 0 0 0 0 0 0 0 0 0 0 0 0 0 0 0 0 0 0.0519 0.9207 0.0274 0 0 0 0 0 
0 0 0 0 0 0 0 0 0 0 0 0 0 0 0 0 0 0 0 0 0 0 0.1205 0.8654 0.0141 0 0 0 0 0 
0 0 0 0 0 0 0 0 0 0 0 0 0 0 0 0 0 0 0 0 0 0 0.1767 0.8143 0.009 0 0 0 0 0 
0 0 0 0 0 0 0 0 0 0 0 0 0 0 0 0 0 0 0 0 0 0 0.2444 0.7494 0.0062 0 0 0 0 0 
0 0 0 0 0 0 0 0 0 0 0 0 0 0 0 0 0 0 0 0 0 0 0.3755 0.6219 0.0026 0 0 0 0 0 
0 0 0 0 0 0 0 0 0 0 0 0 0 0 0 0 0 0 0 0 0 0 0.4979 0.5017 0.0004 0 0 0 0 0 
0 0 0 0 0 0 0 0 0 0 0 0 0 0 0 0 0 0 0 0 0 0 0.3987 0.5995 0.0018 0 0 0 0 0 
0 0 0 0 0 0 0 0 0 0 0 0 0 0 0 0 0 0 0 0 0 0 0.4696 0.5294 0.001 0 0 0 0 0 
0 0 0 0 0 0 0 0 0 0 0 0 0 0 0 0 0 0 0 0 0 0 0.1971 0.7995 0.0034 0 0 0 0 0 
0 0 0 0 0 0 0 0 0 0 0 0 0 0 0 0 0 0 0 0 0 0 0.2453 0.7532 0.0015 0 0 0 0 0 
0 0 0 0 0 0 0 0 0 0 0 0 0 0 0 0 0 0 0 0 0 0 0.1938 0.7986 0.0076 0 0 0 0 0 
0 0 0 0 0 0 0 0 0 0 0 0 0 0 0 0 0 0 0 0 0 0 0.269 0.7258 0.0052 0 0 0 0 0 
0 0 0 0 0 0 0 0 0 0 0 0 0 0 0 0 0 0 0 0 0 0 0.2424 0.7527 0.0049 0 0 0 0 0 
0 0 0 0 0 0 0 0 0 0 0 0 0 0 0 0 0 0 0 0 0 0 0.1556 0.8379 0.0065 0 0 0 0 0 
0 0 0 0 0 0 0 0 0 0 0 0 0 0 0 0 0 0 0 0 0 0 0.1758 0.8163 0.008 0 0 0 0 0 
0 0 0 0 0 0 0 0 0 0 0 0 0 0 0 0 0 0 0 0 0 0 0.1271 0.8622 0.0107 0 0 0 0 0 
0 0 0 0 0 0 0 0 0 0 0 0 0 0 0 0 0 0 0 0 0 0 0.0923 0.8475 0.0603 0 0 0 0 0 
0 0 0 0 0 0 0 0 0 0 0 0 0 0 0 0 0 0 0 0 0 0 0.0792 0.8396 0.0811 0 0 0 0 0 
0 0 0 0 0 0 0 0 0 0 0 0 0 0 0 0 0 0 0 0 0 0 0.0147 0.6696 0.3157 0 0 0 0 0 
0 0 0 0 0 0 0 0 0 0 0 0 0 0 0 0 0 0 0 0 0 0 0.0188 0.7015 0.2797 0 0 0 0 0 
0 0 0 0 0 0 0 0 0 0 0 0 0 0 0 0 0 0 0 0 0 0 0.0159 0.7604 0.2237 0 0 0 0 0 
0 0 0 0 0 0 0 0 0 0 0 0 0 0 0 0 0 0 0 0 0 0 0.0027 0.1359 0.8614 0 0 0 0 0 
0 0 0 0 0 0 0 0 0 0 0 0 0 0 0 0 0 0 0 0 0 0 0.0041 0.1884 0.8075 0 0 0 0 0 
0 0 0 0 0 0 0 0 0 0 0 0 0 0 0 0 0 0 0 0 0 0 0.0048 0.2718 0.7233 0 0 0 0 0 
0 0 0 0 0 0 0 0 0 0 0 0 0 0 0 0 0 0 0 0 0 0 0.0053 0.3977 0.597 0 0 0 0 0 
0 0 0 0 0 0 0 0 0 0 0 0 0 0 0 0 0 0 0 0 0 0 0.0034 0.294 0.7027 0 0 0 0 0 
0 0 0 0 0 0 0 0 0 0 0 0 0 0 0 0 0 0 0 0 0 0 0.0015 0.103 0.8955 0 0 0 0 0 
0 0 0 0 0 0 0 0 0 0 0 0 0 0 0 0 0 0 0 0 0 0 0.0006 0.0368 0.9626 0 0 0 0 0 
0 0 0 0 0 0 0 0 0 0 0 0 0 0 0 0 0 0 0 0 0 0 0.0005 0.0312 0.9683 0 0 0 0 0 
0 0 0 0 0 0 0 0 0 0 0 0 0 0 0 0 0 0 0 0 0 0 0.0017 0.1214 0.8769 0 0 0 0 0 
0 0 0 0 0 0 0 0 0 0 0 0 0 0 0 0 0 0 0 0 0 0 0.0007 0.0661 0.9332 0 0 0 0 0 
0 0 0 0 0 0 0 0 0 0 0 0 0 0 0 0 0 0 0 0 0 0 0.0012 0.1339 0.8649 0 0 0 0 0 
0 0 0 0 0 0 0 0 0 0 0 0 0 0 0 0 0 0 0 0 0 0 0.0004 0.0437 0.9559 0 0 0 0 0 
0 0 0 0 0 0 0 0 0 0 0 0 0 0 0 0 0 0 0 0 0 0 0.0001 0.0117 0.9882 0 0 0 0 0 
0 0 0 0 0 0 0 0 0 0 0 0 0 0 0 0 0 0 0 0 0 0 0.0004 0.0276 0.9721 0 0 0 0 0 
0 0 0 0 0 0 0 0 0 0 0 0 0 0 0 0 0 0 0 0 0 0 0.0005 0.0464 0.953 0 0 0 0 0 
0 0 0 0 0 0 0 0 0 0 0 0 0 0 0 0 0 0 0 0 0 0 0.0016 0.1641 0.8343 0 0 0 0 0 
0 0 0 0 0 0 0 0 0 0 0 0 0 0 0 0 0 0 0 0 0 0 0.0009 0.1127 0.8864 0 0 0 0 0 
0 0 0 0 0 0 0 0 0 0 0 0 0 0 0 0 0 0 0 0 0 0 0.0003 0.0316 0.9682 0 0 0 0 0 
0 0 0 0 0 0 0 0 0 0 0 0 0 0 0 0 0 0 0 0 0 0 0.0002 0.0205 0.9793 0 0 0 0 0 
0 0 0 0 0 0 0 0 0 0 0 0 0 0 0 0 0 0 0 0 0 0 0.0001 0.0159 0.984 0 0 0 0 0 
0 0 0 0 0 0 0 0 0 0 0 0 0 0 0 0 0 0 0 0 0 0 0.0003 0.0332 0.9665 0 0 0 0 0 
0 0 0 0 0 0 0 0 0 0 0 0 0 0 0 0 0 0 0 0 0 0 0.0009 0.1256 0.8735 0 0 0 0 0 
0 0 0 0 0 0 0 0 0 0 0 0 0 0 0 0 0 0 0 0 0 0 0.0018 0.2766 0.7216 0 0 0 0 0 
0 0 0 0 0 0 0 0 0 0 0 0 0 0 0 0 0 0 0 0 0 0 0.0033 0.2985 0.6982 0 0 0 0 0 
0 0 0 0 0 0 0 0 0 0 0 0 0 0 0 0 0 0 0 0 0 0 0.0044 0.7257 0.2699 0 0 0 0 0 
0 0 0 0 0 0 0 0 0 0 0 0 0 0 0 0 0 0 0 0 0 0 0.0101 0.8062 0.1837 0 0 0 0 0 
0 0 0 0 0 0 0 0 0 0 0 0 0 0 0 0 0 0 0 0 0 0 0.0098 0.9026 0.0876 0 0 0 0 0 
0 0 0 0 0 0 0 0 0 0 0 0 0 0 0 0 0 0 0 0 0 0 0.0205 0.9344 0.0451 0 0 0 0 0 
0 0 0 0 0 0 0 0 0 0 0 0 0 0 0 0 0 0 0 0 0 0 0.0403 0.9401 0.0196 0 0 0 0 0 
0 0 0 0 0 0 0 0 0 0 0 0 0 0 0 0 0 0 0 0 0 0 0.0514 0.9247 0.0239 0 0 0 0 0 
0 0 0 0 0 0 0 0 0 0 0 0 0 0 0 0 0 0 0 0 0 0 0.0279 0.8528 0.1193 0 0 0 0 0 
0 0 0 0 0 0 0 0 0 0 0 0 0 0 0 0 0 0 0 0 0 0 0.0074 0.3978 0.5947 0 0 0 0 0 
0 0 0 0 0 0 0 0 0 0 0 0 0 0 0 0 0 0 0 0 0 0 0.0819 0.9072 0.011 0 0 0 0 0 
0 0 0 0 0 0 0 0 0 0 0 0 0 0 0 0 0 0 0 0 0 0 0.0781 0.9142 0.0077 0 0 0 0 0 
0 0 0 0 0 0 0 0 0 0 0 0 0 0 0 0 0 0 0 0 0 0 0.1999 0.7952 0.0049 0 0 0 0 0 
0 0 0 0 0 0 0 0 0 0 0 0 0 0 0 0 0 0 0 0 0 0 0.1799 0.8037 0.0164 0 0 0 0 0 
0 0 0 0 0 0 0 0 0 0 0 0 0 0 0 0 0 0 0 0 0 0 0.0276 0.9366 0.0358 0 0 0 0 0 
0 0 0 0 0 0 0 0 0 0 0 0 0 0 0 0 0 0 0 0 0 0 0.0662 0.9166 0.0172 0 0 0 0 0 
0 0 0 0 0 0.0002 0.2061 0.0399 0.0763 0.6775 0 0 0 0 0 0 0 0 0 0 0 0 0 0 0 0 0 0 0 0 
0 0 0 0 0 0.0002 0.1573 0.0411 0.0718 0.7297 0 0 0 0 0 0 0 0 0 0 0 0 0 0 0 0 0 0 0 0 
0 0 0 0 0 0.0002 0.176 0.0398 0.0573 0.7266 0 0 0 0 0 0 0 0 0 0 0 0 0 0 0 0 0 0 0 0 
0 0 0 0 0 0.0002 0.143 0.0421 0.0582 0.7565 0 0 0 0 0 0 0 0 0 0 0 0 0 0 0 0 0 0 0 0 
0 0 0 0 0 0.0001 0.1247 0.0427 0.0623 0.7701 0 0 0 0 0 0 0 0 0 0 0 0 0 0 0 0 0 0 0 0 
0 0 0 0 0 0.0001 0.1334 0.0421 0.069 0.7553 0 0 0 0 0 0 0 0 0 0 0 0 0 0 0 0 0 0 0 0 
0 0 0 0 0 0.0001 0.1184 0.0414 0.0657 0.7744 0 0 0 0 0 0 0 0 0 0 0 0 0 0 0 0 0 0 0 0 
0 0 0 0 0 0.0001 0.116 0.0418 0.0641 0.778 0 0 0 0 0 0 0 0 0 0 0 0 0 0 0 0 0 0 0 0 
0 0 0 0 0 0.0001 0.117 0.0431 0.0647 0.7751 0 0 0 0 0 0 0 0 0 0 0 0 0 0 0 0 0 0 0 0 
0 0 0 0 0 0.0001 0.1173 0.0456 0.0673 0.7697 0 0 0 0 0 0 0 0 0 0 0 0 0 0 0 0 0 0 0 0 
0 0 0 0.0001 0 0 0 0 0 0 0.0001 0.0001 0 0 0 0 0 0.0001 0.0099 0.9897 0 0 0 0 0 0 0 0 0 0 
0 0 0 0.0001 0.0001 0 0 0 0 0 0.0002 0.0001 0 0 0 0 0 0.0001 0.0132 0.9862 0 0 0 0 0 0 0 0 0 0 
0 0 0 0.0001 0 0 0 0 0 0 0.0001 0.0001 0 0 0 0 0 0.0001 0.0084 0.9912 0 0 0 0 0 0 0 0 0 0 
0 0 0 0.0001 0 0 0 0 0 0 0.0001 0.0001 0 0 0 0 0 0.0001 0.0072 0.9925 0 0 0 0 0 0 0 0 0 0 
0 0 0 0.0001 0 0 0 0 0 0 0.0001 0.0001 0 0 0 0 0 0.0001 0.0083 0.9914 0 0 0 0 0 0 0 0 0 0 
0 0 0 0.0001 0.0001 0 0 0 0 0 0.0003 0.0002 0 0 0 0 0 0.0002 0.0199 0.9792 0 0 0 0 0 0 0 0 0 0 
0 0 0 0.0001 0 0 0 0 0 0 0.0002 0.0001 0 0 0 0 0 0.0001 0.0111 0.9884 0 0 0 0 0 0 0 0 0 0 
0 0 0 0.0001 0 0 0 0 0 0 0.0001 0.0001 0 0 0 0 0 0.0001 0.0075 0.9922 0 0 0 0 0 0 0 0 0 0 
0 0 0 0.0001 0 0 0 0 0 0 0.0001 0 0 0 0 0 0 0.0001 0.0067 0.993 0 0 0 0 0 0 0 0 0 0 
0 0 0 0.0001 0 0 0 0 0 0 0.0001 0 0 0 0 0 0 0.0001 0.0066 0.9931 0 0 0 0 0 0 0 0 0 0 
0 0 0 0.0001 0 0 0 0 0 0 0.0001 0 0 0 0 0 0 0.0001 0.0076 0.9921 0 0 0 0 0 0 0 0 0 0 
0 0 0 0.0001 0.0001 0 0 0 0 0 0.0001 0.0001 0 0 0 0 0 0.0001 0.01 0.9896 0 0 0 0 0 0 0 0 0 0 
0 0 0 0.0001 0.0001 0 0 0 0 0 0.0001 0.0001 0 0 0 0 0 0.0001 0.009 0.9905 0 0 0 0 0 0 0 0 0 0 
0 0 0 0.0001 0.0001 0 0 0 0 0 0.0003 0.0002 0 0 0 0 0 0.0002 0.0172 0.982 0 0 0 0 0 0 0 0 0 0 
0 0 0 0.0001 0 0 0 0 0 0 0.0001 0.0001 0 0 0 0 0 0.0001 0.0098 0.9897 0 0 0 0 0 0 0 0 0 0 
0 0 0 0.0001 0 0 0 0 0 0 0.0001 0 0 0 0 0 0 0.0001 0.0068 0.9929 0 0 0 0 0 0 0 0 0 0 
0 0 0 0.0001 0 0 0 0 0 0 0.0001 0 0 0 0 0 0 0.0001 0.0063 0.9934 0 0 0 0 0 0 0 0 0 0 
0 0 0 0.0002 0.0001 0 0 0 0 0 0.0006 0.0003 0 0 0 0 0 0.0003 0.0338 0.9647 0 0 0 0 0 0 0 0 0 0 
0 0 0 0.0002 0.0001 0 0 0 0 0 0.0005 0.0003 0 0 0 0 0 0.0003 0.0297 0.9689 0 0 0 0 0 0 0 0 0 0 
0 0 0 0.0001 0.0001 0 0 0 0 0 0.0003 0.0001 0 0 0 0 0 0.0002 0.0157 0.9835 0 0 0 0 0 0 0 0 0 0 
0 0 0 0.0001 0.0001 0 0 0 0 0 0.0001 0.0001 0 0 0 0 0 0.0001 0.0091 0.9904 0 0 0 0 0 0 0 0 0 0 
0 0 0 0.0002 0.0001 0 0 0 0 0 0.0005 0.0003 0 0 0 0 0 0.0003 0.0281 0.9705 0 0 0 0 0 0 0 0 0 0 
0 0 0 0.0001 0.0001 0 0 0 0 0 0.0002 0.0001 0 0 0 0 0 0.0002 0.0152 0.9841 0 0 0 0 0 0 0 0 0 0 
0 0 0 0.0003 0.0002 0 0 0 0 0 0.0004 0.0002 0 0 0 0 0 0.0003 0.0282 0.9704 0 0 0 0 0 0 0 0 0 0 
0 0 0 0.0003 0.0002 0 0 0 0 0 0.001 0.0006 0 0 0 0 0 0.0006 0.055 0.9423 0 0 0 0 0 0 0 0 0 0 
0 0 0 0.0004 0.0002 0 0 0 0 0 0.001 0.0006 0 0 0 0 0 0.0006 0.0551 0.9421 0 0 0 0 0 0 0 0 0 0 
0 0 0 0.0005 0.0003 0 0 0 0 0 0.0008 0.0005 0 0 0 0 0 0.0007 0.0568 0.9403 0 0 0 0 0 0 0 0 0 0 
0 0 0.0001 0.001 0.0006 0 0 0 0 0 0.0017 0.001 0 0 0 0 0 0.0014 0.1167 0.8774 0 0 0 0 0 0 0 0 0 0 
0 0.0001 0.0001 0.0018 0.0012 0 0 0 0 0 0.0033 0.002 0 0 0 0 0 0.0028 0.223 0.7658 0 0 0 0 0 0 0 0 0 0 
0 0.0001 0.0003 0.0026 0.0015 0 0 0 0 0 0.0114 0.007 0 0 0 0 0 0.0069 0.5775 0.3926 0 0 0 0 0 0 0 0 0 0 
0 0.0002 0.0003 0.0017 0.0009 0 0 0 0 0 0.0133 0.0082 0 0 0 0 0 0.0057 0.5832 0.3864 0 0 0 0 0 0 0 0 0 0 
0 0.0002 0.0004 0.0035 0.002 0 0 0 0 0 0.019 0.0118 0 0 0 0 0 0.0111 0.7084 0.2435 0 0 0 0 0 0 0 0 0 0 
0 0.0001 0.0002 0.0018 0.0011 0 0 0 0 0 0.007 0.0043 0 0 0 0 0 0.0043 0.3686 0.6125 0 0 0 0 0 0 0 0 0 0 
0 0.0001 0.0002 0.0029 0.0018 0 0 0 0 0 0.0055 0.0033 0 0 0 0 0 0.0049 0.3783 0.603 0 0 0 0 0 0 0 0 0 0 
0 0.0001 0.0001 0.0012 0.0007 0 0 0 0 0 0.004 0.0024 0 0 0 0 0 0.0025 0.2167 0.7722 0 0 0 0 0 0 0 0 0 0 
0 0 0.0001 0.0007 0.0004 0 0 0 0 0 0.002 0.0012 0 0 0 0 0 0.0013 0.1129 0.8814 0 0 0 0 0 0 0 0 0 0 
0 0 0.0001 0.0005 0.0003 0 0 0 0 0 0.0022 0.0013 0 0 0 0 0 0.0011 0.1114 0.883 0 0 0 0 0 0 0 0 0 0 
0 0.0001 0.0002 0.0012 0.0007 0 0 0 0 0 0.0079 0.0049 0 0 0 0 0 0.0036 0.3606 0.6207 0 0 0 0 0 0 0 0 0 0 
0 0.0002 0.0003 0.001 0.0005 0 0 0 0 0 0.0081 0.0048 0 0 0 0 0 0.0031 0.347 0.6349 0 0 0 0 0 0 0 0 0 0 
0 0.0001 0.0001 0.0008 0.0005 0 0 0 0 0 0.0044 0.0027 0 0 0 0 0 0.0021 0.2059 0.7835 0 0 0 0 0 0 0 0 0 0 
0 0.0001 0.0001 0.0004 0.0002 0 0 0 0 0 0.0021 0.0013 0 0 0 0 0 0.001 0.1062 0.8885 0 0 0 0 0 0 0 0 0 0 
0 0.0001 0.0002 0.0007 0.0004 0 0 0 0 0 0.0045 0.0026 0 0 0 0 0 0.0019 0.2062 0.7835 0 0 0 0 0 0 0 0 0 0 
0 0.0001 0.0002 0.0007 0.0004 0 0 0 0 0 0.0032 0.0019 0 0 0 0 0 0.0015 0.1674 0.8247 0 0 0 0 0 0 0 0 0 0 
0 0.0002 0.0003 0.0011 0.0006 0 0 0 0 0 0.0052 0.003 0 0 0 0 0 0.0024 0.2817 0.7054 0 0 0 0 0 0 0 0 0 0 
0 0.0001 0.0002 0.0008 0.0005 0 0 0 0 0 0.0036 0.002 0 0 0 0 0 0.0018 0.2025 0.7884 0 0 0 0 0 0 0 0 0 0 
0 0.0001 0.0002 0.0006 0.0003 0 0 0 0 0 0.0022 0.0013 0 0 0 0 0 0.0012 0.13 0.8642 0 0 0 0 0 0 0 0 0 0 
0 0.0001 0.0001 0.0005 0.0003 0 0 0 0 0 0.0021 0.0012 0 0 0 0 0 0.001 0.1106 0.8842 0 0 0 0 0 0 0 0 0 0 
0 0.0001 0.0001 0.0005 0.0003 0 0 0 0 0 0.0014 0.0008 0 0 0 0 0 0.0008 0.0857 0.9105 0 0 0 0 0 0 0 0 0 0 
0.0001 0.0005 0.0008 0.0021 0.001 0 0 0 0 0 0.0258 0.0157 0 0 0 0 0 0.008 0.7141 0.2319 0 0 0 0 0 0 0 0 0 0 
0 0.0003 0.0005 0.0015 0.0008 0 0 0 0 0 0.0147 0.0089 0 0 0 0 0 0.0051 0.5898 0.3785 0 0 0 0 0 0 0 0 0 0 
0.0001 0.0007 0.0012 0.0026 0.0013 0 0 0 0 0 0.0239 0.0137 0 0 0 0 0 0.0083 0.7331 0.2151 0 0 0 0 0 0 0 0 0 0 
0.0001 0.0004 0.0007 0.0019 0.001 0 0 0 0 0 0.0136 0.0078 0 0 0 0 0 0.0053 0.609 0.3601 0 0 0 0 0 0 0 0 0 0 
0 0.0003 0.0005 0.0014 0.0008 0 0 0 0 0 0.008 0.0045 0 0 0 0 0 0.0035 0.4011 0.5799 0 0 0 0 0 0 0 0 0 0 
0.0002 0.0013 0.0022 0.0038 0.0017 0 0 0 0 0 0.0991 0.0616 0 0 0 0 0 0.0198 0.7436 0.0665 0 0 0 0 0 0 0 0 0 0 
0.0002 0.0013 0.0022 0.0049 0.002 0 0 0 0 0 0.1819 0.1224 0 0 0 0 0 0.0328 0.6168 0.0353 0 0 0 0 0 0.0001 0 0 0 0 
0.0001 0.0008 0.0013 0.0044 0.002 0 0 0 0 0 0.0816 0.0525 0 0 0 0 0 0.0243 0.7566 0.0763 0 0 0 0 0 0 0 0 0 0 
0.0001 0.0007 0.0013 0.0028 0.0013 0 0 0 0 0 0.0469 0.0288 0 0 0 0 0 0.0124 0.7729 0.1327 0 0 0 0 0 0 0 0 0 0 
0.0002 0.0012 0.002 0.0036 0.0018 0 0 0 0 0 0.0451 0.0259 0 0 0 0 0 0.0134 0.7842 0.1226 0 0 0 0 0 0 0 0 0 0 
0.0001 0.0005 0.0008 0.0032 0.0016 0 0 0 0 0 0.0423 0.0267 0 0 0 0 0 0.0146 0.7673 0.1428 0 0 0 0 0 0 0 0 0 0 
0.0001 0.0003 0.0005 0.0024 0.0013 0 0 0 0 0 0.0242 0.0151 0 0 0 0 0 0.0094 0.7137 0.2329 0 0 0 0 0 0 0 0 0 0 
0.0003 0.0016 0.0026 0.0046 0.0018 0 0 0 0 0 0.2851 0.2035 0 0 0 0 0 0.0335 0.447 0.02 0 0 0 0 0 0.0001 0 0 0 0 
0.0002 0.0012 0.0021 0.0073 0.0029 0 0 0 0 0 0.2039 0.1327 0 0 0 0 0 0.0587 0.567 0.0239 0 0 0 0 0 0.0001 0 0 0 0 
0.0002 0.001 0.0017 0.0068 0.0029 0 0 0 0 0 0.1435 0.0931 0 0 0 0 0 0.0471 0.6664 0.0372 0 0 0 0 0 0 0 0 0 0 
0.0001 0.0008 0.0014 0.0065 0.0029 0 0 0 0 0 0.1018 0.0653 0 0 0 0 0 0.0393 0.7279 0.0538 0 0 0 0 0 0 0 0 0 0 
0.0001 0.0005 0.0008 0.0063 0.0032 0 0 0 0 0 0.0488 0.0303 0 0 0 0 0 0.0282 0.7878 0.094 0 0 0 0 0 0 0 0 0 0 
0.0001 0.0003 0.0006 0.0047 0.0025 0 0 0 0 0 0.0312 0.0193 0 0 0 0 0 0.0177 0.7691 0.1544 0 0 0 0 0 0 0 0 0 0 
0 0.0003 0.0005 0.0075 0.0044 0 0 0 0 0 0.0203 0.0121 0 0 0 0 0 0.0197 0.7909 0.1443 0 0 0 0 0 0 0 0 0 0 
0 0.0002 0.0003 0.0055 0.0033 0 0 0 0 0 0.0132 0.0079 0 0 0 0 0 0.0123 0.7261 0.2311 0 0 0 0 0 0 0 0 0 0 
0 0.0001 0.0002 0.0041 0.0025 0 0 0 0 0 0.0086 0.0052 0 0 0 0 0 0.0078 0.5912 0.3802 0 0 0 0 0 0 0 0 0 0 
0.0001 0.0004 0.0007 0.0104 0.0058 0 0 0 0 0 0.0306 0.018 0 0 0 0 0 0.0325 0.8133 0.0882 0 0 0 0 0 0 0 0 0 0 
0.0001 0.0006 0.0012 0.0092 0.0044 0 0 0 0 0 0.0733 0.045 0 0 0 0 0 0.0493 0.7622 0.0545 0 0 0 0 0 0 0 0 0 0 
0.0002 0.0008 0.0016 0.0112 0.005 0 0 0 0 0 0.0955 0.0575 0 0 0 0 0 0.0717 0.7207 0.0358 0 0 0 0 0 0 0 0 0 0 
0.0002 0.001 0.0021 0.0131 0.0053 0 0 0 0 0 0.1248 0.0732 0 0 0 0 0 0.1047 0.6535 0.0219 0 0 0 0 0 0.0001 0 0 0 0 
0.0003 0.0013 0.0024 0.0078 0.0027 0 0 0 0 0 0.274 0.1761 0 0 0 0 0 0.0699 0.4509 0.0146 0 0 0 0 0 0.0001 0 0 0 0 
0.0003 0.0015 0.0025 0.0037 0.0014 0 0 0 0 0 0.3825 0.2904 0 0 0 0 0 0.0281 0.2777 0.0117 0 0 0 0 0 0.0001 0 0 0 0 
0.0005 0.0034 0.0054 0.0049 0.0021 0 0 0 0 0 0.3433 0.2073 0 0 0 0 0 0.0301 0.3846 0.0182 0.0001 0 0 0 0 0.0001 0 0 0 0 
0.0003 0.0016 0.0029 0.0086 0.0025 0 0 0 0 0 0.3984 0.2437 0 0 0 0 0 0.0823 0.253 0.0065 0.0001 0 0 0 0 0.0001 0 0 0 0 
0.0003 0.0014 0.0028 0.0155 0.0056 0 0 0 0 0 0.1539 0.0854 0 0 0 0 0 0.1582 0.5642 0.0128 0.0001 0 0 0 0 0.0001 0 0 0 0 
0.0011 0.005 0.0092 0.0224 0.0052 0 0 0 0 0 0.4393 0.229 0 0 0 0 0 0.118 0.1676 0.0026 0.0002 0 0 0 0 0.0003 0.0001 0 0 0 
0.0004 0.002 0.0042 0.0188 0.0055 0 0 0 0 0 0.1737 0.0826 0 0 0 0 0 0.2814 0.4259 0.005 0.0001 0 0 0 0 0.0001 0 0 0 0 
0.0003 0.0014 0.0031 0.0281 0.0112 0 0 0 0 0 0.0851 0.04 0 0 0 0 0 0.2018 0.6177 0.0112 0.0001 0 0 0 0 0.0001 0 0 0 0 
0.0002 0.001 0.0022 0.0227 0.0101 0 0 0 0 0 0.0741 0.0386 0 0 0 0 0 0.1325 0.6989 0.0195 0.0001 0 0 0 0 0.0001 0 0 0 0 
0.0002 0.0007 0.0016 0.0188 0.0091 0 0 0 0 0 0.0603 0.0332 0 0 0 0 0 0.0896 0.7556 0.031 0 0 0 0 0 0 0 0 0 0 
0.0001 0.0005 0.0011 0.015 0.0078 0 0 0 0 0 0.0458 0.0262 0 0 0 0 0 0.058 0.7958 0.0496 0 0 0 0 0 0 0 0 0 0 
0.0001 0.0005 0.0011 0.0266 0.0153 0 0 0 0 0 0.0261 0.0136 0 0 0 0 0 0.0615 0.8079 0.0473 0 0 0 0 0 0 0 0 0 0 
0.0002 0.0007 0.0016 0.0339 0.0183 0 0 0 0 0 0.0336 0.0165 0 0 0 0 0 0.0958 0.77 0.0293 0 0 0 0 0 0 0 0 0 0 
0.0002 0.001 0.0022 0.0409 0.0205 0 0 0 0 0 0.0407 0.0187 0 0 0 0 0 0.1406 0.7166 0.0187 0.0001 0 0 0 0 0 0 0 0 0 
0.0003 0.0014 0.0032 0.0488 0.0216 0 0 0 0 0 0.0488 0.0199 0 0 0 0 0 0.2175 0.6281 0.0103 0.0001 0 0 0 0 0.0001 0 0 0 0 
0.0005 0.0021 0.005 0.0338 0.0106 0 0 0 0 0 0.0998 0.0376 0 0 0 0 0 0.3467 0.4594 0.0042 0.0001 0 0 0 0 0.0001 0 0 0 0 
0.0015 0.0066 0.0162 0.0811 0.0192 0 0 0 0 0 0.2256 0.0594 0 0 0 0 0 0.3316 0.2553 0.0025 0.0004 0 0 0 0 0.0004 0.0001 0 0 0 
0.0036 0.0158 0.0411 0.14 0.0255 0 0 0 0 0 0.3806 0.0631 0 0 0 0 0 0.1931 0.1337 0.0014 0.0009 0.0001 0 0 0 0.0009 0.0001 0 0 0 
0.0074 0.0319 0.0898 0.1879 0.0289 0 0 0 0 0 0.4142 0.0574 0 0 0 0 0 0.105 0.0725 0.0008 0.0018 0.0002 0 0 0 0.0019 0.0003 0 0 0 
0.0118 0.0503 0.1569 0.1957 0.0316 0 0 0 0 0 0.3809 0.0505 0 0 0 0 0 0.0673 0.0476 0.0005 0.003 0.0004 0 0 0 0.003 0.0005 0 0 0 
0.0167 0.0709 0.2243 0.1391 0.025 0 0 0 0 0 0.3789 0.0581 0 0 0 0 0 0.0443 0.0327 0.0004 0.0039 0.0005 0 0 0 0.0045 0.0007 0 0 0 
0.0035 0.0154 0.0354 0.0737 0.0136 0 0 0 0 0 0.5203 0.1073 0 0 0 0 0 0.1215 0.1061 0.0012 0.0008 0.0001 0 0 0 0.001 0.0002 0 0 0 
0.0103 0.0469 0.0831 0.0537 0.0096 0 0 0 0 0 0.5648 0.1555 0.0001 0 0 0 0 0.0373 0.0323 0.0004 0.0018 0.0002 0 0 0 0.0033 0.0006 0 0 0 
0.0087 0.0382 0.0964 0.1119 0.0186 0 0 0 0 0 0.5059 0.0904 0 0 0 0 0 0.0699 0.0542 0.0006 0.0019 0.0002 0 0 0 0.0025 0.0004 0 0 0 
0.0318 0.1357 0.3816 0.0708 0.016 0 0 0 0 0 0.2378 0.0726 0 0 0 0 0 0.0199 0.0154 0.0002 0.0064 0.0008 0 0 0 0.0094 0.0015 0 0 0 
0.038 0.1826 0.1589 0.0307 0.0071 0 0 0 0 0 0.3646 0.1715 0.0001 0 0 0 0 0.0131 0.0111 0.0002 0.0054 0.0006 0 0 0 0.0137 0.0023 0 0 0 
0.0369 0.1804 0.0911 0.014 0.0035 0 0 0 0 0 0.2116 0.4205 0.0002 0 0 0 0 0.0105 0.0096 0.0002 0.0038 0.0004 0 0 0 0.0145 0.0026 0 0 0 
0.0225 0.1094 0.0776 0.0188 0.0041 0 0 0 0 0 0.3026 0.4247 0.0002 0 0 0 0 0.0137 0.013 0.0002 0.0027 0.0003 0 0 0 0.0085 0.0015 0 0 0 
0.0186 0.0922 0.0521 0.0086 0.0021 0 0 0 0 0 0.1527 0.6473 0.0003 0 0 0 0 0.0078 0.0074 0.0002 0.0019 0.0002 0 0 0 0.0072 0.0013 0 0 0 
0.01 0.0474 0.054 0.0279 0.0052 0 0 0 0 0 0.51 0.2924 0.0001 0 0 0 0 0.0238 0.023 0.0003 0.0015 0.0002 0 0 0 0.0035 0.0006 0 0 0 
0.0031 0.0143 0.0251 0.0351 0.0067 0 0 0 0 0 0.5812 0.1907 0 0 0 0 0 0.0684 0.0726 0.001 0.0006 0.0001 0 0 0 0.001 0.0002 0 0 0 
0.0013 0.006 0.0132 0.0433 0.01 0 0 0 0 0 0.3764 0.1168 0 0 0 0 0 0.2037 0.2258 0.0027 0.0003 0 0 0 0 0.0004 0.0001 0 0 0 
0.0117 0.0573 0.041 0.0116 0.0025 0 0 0 0 0 0.2263 0.6207 0.0004 0 0 0 0 0.0106 0.011 0.0002 0.0014 0.0002 0 0 0 0.0044 0.0008 0 0 0 
0.0096 0.0477 0.0284 0.0052 0.0013 0 0 0 0 0 0.1003 0.7917 0.0004 0 0 0 0 0.005 0.005 0.0001 0.001 0.0001 0 0 0 0.0037 0.0006 0 0 0 
0.0073 0.0349 0.0345 0.017 0.0033 0 0 0 0 0 0.3761 0.4836 0.0002 0 0 0 0 0.0186 0.02 0.0003 0.001 0.0001 0 0 0 0.0026 0.0005 0 0 0 
0.0024 0.0111 0.0156 0.0179 0.0035 0 0 0 0 0 0.5591 0.3013 0.0001 0 0 0 0 0.0394 0.0476 0.0007 0.0004 0 0 0 0 0.0008 0.0001 0 0 0 
0.0032 0.016 0.0107 0.0028 0.0006 0 0 0 0 0 0.0718 0.8846 0.0016 0 0 0 0 0.0032 0.0036 0.0001 0.0004 0 0 0 0 0.0012 0.0002 0 0 0 
0.0054 0.0264 0.0184 0.0053 0.0011 0 0 0 0 0 0.1292 0.7977 0.0007 0 0 0 0 0.0059 0.0066 0.0001 0.0006 0.0001 0 0 0 0.002 0.0004 0 0 0 
0.0071 0.0344 0.0263 0.009 0.0019 0 0 0 0 0 0.2113 0.6849 0.0004 0 0 0 0 0.0097 0.0108 0.0002 0.0009 0.0001 0 0 0 0.0027 0.0005 0 0 0 
0.0048 0.023 0.0226 0.012 0.0023 0 0 0 0 0 0.3331 0.5647 0.0002 0 0 0 0 0.0158 0.0184 0.0003 0.0007 0.0001 0 0 0 0.0017 0.0003 0 0 0 
0.0017 0.0078 0.01 0.0103 0.0021 0 0 0 0 0 0.4993 0.411 0.0001 0 0 0 0 0.0243 0.032 0.0005 0.0003 0 0 0 0 0.0006 0.0001 0 0 0 
0.0007 0.0032 0.0052 0.0103 0.0024 0 0 0 0 0 0.5054 0.3323 0 0 0 0 0 0.052 0.0865 0.0016 0.0001 0 0 0 0 0.0002 0 0 0 0 
0.0007 0.0042 0.0064 0.0045 0.0019 0 0 0 0 0 0.4502 0.252 0 0 0 0 0 0.0277 0.2415 0.0106 0.0001 0 0 0 0 0.0002 0 0 0 0 
0.0002 0.0013 0.002 0.0025 0.0009 0 0 0 0 0 0.4412 0.3819 0 0 0 0 0 0.0186 0.1452 0.006 0 0 0 0 0 0.0001 0 0 0 0 
0.0002 0.0011 0.0018 0.0038 0.0011 0 0 0 0 0 0.4557 0.4066 0 0 0 0 0 0.03 0.0968 0.0028 0 0 0 0 0 0.0001 0 0 0 0 
0.0004 0.0019 0.0028 0.0047 0.0011 0 0 0 0 0 0.4783 0.4467 0 0 0 0 0 0.0223 0.0407 0.0009 0.0001 0 0 0 0 0.0001 0 0 0 0 
0.0012 0.0057 0.0067 0.0065 0.0013 0 0 0 0 0 0.4355 0.5042 0.0001 0 0 0 0 0.0157 0.022 0.0004 0.0002 0 0 0 0 0.0004 0.0001 0 0 0 
0.0036 0.017 0.0168 0.0094 0.0019 0 0 0 0 0 0.3225 0.595 0.0002 0 0 0 0 0.014 0.0172 0.0003 0.0005 0.0001 0 0 0 0.0013 0.0002 0 0 0 
0.0002 0.0009 0.0014 0.0022 0.0006 0 0 0 0 0 0.4576 0.4706 0 0 0 0 0 0.0152 0.0497 0.0015 0 0 0 0 0 0.0001 0 0 0 0 
0.0003 0.0015 0.0019 0.0025 0.0006 0 0 0 0 0 0.4496 0.5107 0 0 0 0 0 0.0109 0.0213 0.0005 0 0 0 0 0 0.0001 0 0 0 0 
0.0002 0.0012 0.0017 0.0017 0.0006 0 0 0 0 0 0.4651 0.4386 0 0 0 0 0 0.0117 0.0761 0.0031 0 0 0 0 0 0.0001 0 0 0 0 
0.0007 0.0041 0.0061 0.0033 0.0014 0 0 0 0 0 0.5066 0.3167 0 0 0 0 0 0.0208 0.1342 0.0057 0.0001 0 0 0 0 0.0002 0 0 0 0 
0.0018 0.0112 0.0178 0.0104 0.0046 0 0 0 0 0 0.4152 0.1657 0 0 0 0 0 0.0648 0.2964 0.0114 0.0002 0 0 0 0 0.0004 0.0001 0 0 0 
0.0012 0.0073 0.0121 0.0092 0.0042 0 0 0 0 0 0.2692 0.1247 0 0 0 0 0 0.0523 0.5011 0.0183 0.0001 0 0 0 0 0.0003 0 0 0 0 
0.0019 0.012 0.0208 0.0183 0.0084 0 0 0 0 0 0.1848 0.0794 0 0 0 0 0 0.1008 0.552 0.021 0.0002 0 0 0 0 0.0004 0.0001 0 0 0 
0.001 0.0064 0.011 0.0122 0.0058 0 0 0 0 0 0.1312 0.062 0 0 0 0 0 0.056 0.6817 0.0323 0.0001 0 0 0 0 0.0002 0 0 0 0 
0.0005 0.0032 0.0044 0.002 0.0008 0 0 0 0 0 0.494 0.4106 0 0 0 0 0 0.0126 0.0687 0.0029 0.0001 0 0 0 0 0.0001 0 0 0 0 
0.0015 0.0092 0.0121 0.0038 0.0016 0 0 0 0 0 0.5276 0.3561 0 0 0 0 0 0.0223 0.0625 0.0025 0.0002 0 0 0 0 0.0004 0.0001 0 0 0 
0.0025 0.0156 0.0231 0.0091 0.0039 0 0 0 0 0 0.5157 0.2165 0 0 0 0 0 0.0574 0.1494 0.0059 0.0003 0 0 0 0 0.0006 0.0001 0 0 0 
0.0032 0.0207 0.036 0.0249 0.0111 0 0 0 0 0 0.246 0.0996 0 0 0 0 0 0.1659 0.3766 0.0147 0.0004 0.0001 0 0 0 0.0007 0.0001 0 0 0 
0.0022 0.0143 0.0261 0.0357 0.0168 0 0 0 0 0 0.102 0.0421 0 0 0 0 0 0.1548 0.5802 0.0248 0.0003 0 0 0 0 0.0004 0.0001 0 0 0 
0.0011 0.0073 0.013 0.0192 0.0093 0 0 0 0 0 0.0913 0.0412 0 0 0 0 0 0.072 0.7061 0.039 0.0002 0 0 0 0 0.0002 0 0 0 0 
0.0015 0.0101 0.0182 0.0363 0.0178 0 0 0 0 0 0.0667 0.0282 0 0 0 0 0 0.1083 0.6748 0.0373 0.0002 0 0 0 0 0.0003 0 0 0 0 
0.001 0.0068 0.0121 0.0255 0.0127 0 0 0 0 0 0.0587 0.026 0 0 0 0 0 0.0702 0.7353 0.0513 0.0002 0 0 0 0 0.0002 0 0 0 0 
0.0037 0.0244 0.0454 0.0464 0.021 0 0 0 0 0 0.1344 0.0525 0 0 0 0 0 0.2828 0.3725 0.0154 0.0005 0.0001 0 0 0 0.0007 0.0001 0 0 0 
0.0052 0.0338 0.0586 0.0294 0.0127 0 0 0 0 0 0.2748 0.1084 0 0 0 0 0 0.2388 0.2273 0.009 0.0006 0.0001 0 0 0 0.0011 0.0002 0 0 0 
0.0061 0.0402 0.0771 0.055 0.0237 0 0 0 0 0 0.1654 0.0609 0 0 0 0 0 0.3249 0.2348 0.0096 0.0009 0.0001 0 0 0 0.0011 0.0002 0 0 0 
0.0012 0.0079 0.0141 0.0362 0.0182 0 0 0 0 0 0.0488 0.0209 0 0 0 0 0 0.084 0.7199 0.0484 0.0002 0 0 0 0 0.0002 0 0 0 0 
0.001 0.0062 0.011 0.0303 0.0154 0 0 0 0 0 0.0424 0.0186 0 0 0 0 0 0.0651 0.7491 0.0604 0.0002 0 0 0 0 0.0002 0 0 0 0 
0.0046 0.0282 0.0351 0.0081 0.0034 0 0 0 0 0 0.5115 0.3037 0 0 0 0 0 0.0405 0.0605 0.0024 0.0004 0.0001 0 0 0 0.0013 0.0002 0 0 0 
0.0032 0.0191 0.0216 0.0045 0.0019 0 0 0 0 0 0.4581 0.4312 0 0 0 0 0 0.0215 0.036 0.0014 0.0003 0 0 0 0 0.001 0.0002 0 0 0 
0.0078 0.0494 0.074 0.0209 0.0088 0 0 0 0 0 0.4175 0.1868 0 0 0 0 0 0.1123 0.1148 0.0046 0.0008 0.0001 0 0 0 0.0019 0.0003 0 0 0 
0.0099 0.0648 0.1154 0.0374 0.0155 0 0 0 0 0 0.3401 0.1059 0 0 0 0 0 0.1753 0.1268 0.0051 0.0012 0.0002 0 0 0 0.0021 0.0004 0 0 0 
0.0115 0.0758 0.1566 0.0655 0.0265 0 0 0 0 0 0.1929 0.0636 0 0 0 0 0 0.2676 0.1305 0.0053 0.0015 0.0002 0 0 0 0.0021 0.0004 0 0 0 
0.0028 0.0165 0.0173 0.0032 0.0013 0 0 0 0 0 0.3611 0.5556 0.0001 0 0 0 0 0.0147 0.0251 0.001 0.0003 0 0 0 0 0.0009 0.0002 0 0 0 
0.0062 0.0361 0.0344 0.005 0.002 0 0 0 0 0 0.319 0.5514 0.0001 0 0 0 0 0.0185 0.0235 0.0009 0.0006 0.0001 0 0 0 0.002 0.0004 0 0 0 
0.0079 0.0468 0.0488 0.0076 0.0031 0 0 0 0 0 0.4358 0.3811 0.0001 0 0 0 0 0.0294 0.0345 0.0014 0.0007 0.0001 0 0 0 0.0025 0.0004 0 0 0 
0.0106 0.065 0.0772 0.013 0.0054 0 0 0 0 0 0.4718 0.2487 0 0 0 0 0 0.0511 0.0503 0.002 0.001 0.0001 0 0 0 0.003 0.0005 0 0 0 
0.0138 0.088 0.1264 0.0237 0.0099 0 0 0 0 0 0.4201 0.1543 0 0 0 0 0 0.0866 0.0689 0.0028 0.0014 0.0002 0 0 0 0.0035 0.0006 0 0 0 
0.0162 0.1062 0.1909 0.0402 0.0165 0 0 0 0 0 0.3188 0.0966 0 0 0 0 0 0.1256 0.0797 0.0032 0.0018 0.0003 0 0 0 0.0035 0.0006 0 0 0 
0.018 0.1199 0.2758 0.0657 0.0262 0 0 0 0 0 0.1829 0.0611 0 0 0 0 0 0.1583 0.0823 0.0033 0.0023 0.0003 0 0 0 0.0033 0.0005 0 0 0 
0.0255 0.1692 0.2771 0.0367 0.0155 0 0 0 0 0 0.2397 0.0906 0 0 0 0 0 0.0829 0.0511 0.0021 0.0026 0.0004 0 0 0 0.0056 0.001 0 0 0 
0.0237 0.1518 0.1908 0.0223 0.0095 0 0 0 0 0 0.3494 0.1415 0 0 0 0 0 0.0578 0.0418 0.0017 0.0022 0.0003 0 0 0 0.0062 0.0011 0 0 0 
0.0196 0.1189 0.1214 0.0131 0.0055 0 0 0 0 0 0.4141 0.2286 0.0001 0 0 0 0 0.0371 0.0314 0.0012 0.0017 0.0002 0 0 0 0.0059 0.001 0 0 0 
0.0157 0.0911 0.0819 0.0087 0.0036 0 0 0 0 0 0.3944 0.3475 0.0001 0 0 0 0 0.0249 0.0236 0.0009 0.0014 0.0002 0 0 0 0.0052 0.0009 0 0 0 
0.013 0.0732 0.0606 0.0065 0.0026 0 0 0 0 0 0.2944 0.5051 0.0001 0 0 0 0 0.0183 0.019 0.0007 0.0011 0.0001 0 0 0 0.0045 0.0008 0 0 0 
0.0052 0.0298 0.0265 0.0036 0.0014 0 0 0 0 0 0.2391 0.6617 0.0001 0 0 0 0 0.0127 0.0165 0.0007 0.0005 0.0001 0 0 0 0.0018 0.0003 0 0 0 
0.0199 0.1088 0.0794 0.0073 0.0027 0 0 0 0 0 0.2465 0.4928 0.0002 0 0 0 0 0.016 0.0153 0.0006 0.0017 0.0002 0 0 0 0.0072 0.0013 0 0 0 
0.0339 0.1846 0.1294 0.0094 0.0035 0 0 0 0 0 0.2278 0.3612 0.0001 0 0 0 0 0.017 0.0145 0.0005 0.0028 0.0004 0 0 0 0.0125 0.0022 0 0 0 
0.0328 0.1965 0.1718 0.0129 0.0055 0 0 0 0 0 0.3156 0.199 0.0001 0 0 0 0 0.028 0.0216 0.0008 0.0027 0.0004 0 0 0 0.0105 0.0018 0 0 0 
0.0342 0.2192 0.2438 0.0205 0.0089 0 0 0 0 0 0.2561 0.1285 0 0 0 0 0 0.0434 0.03 0.0012 0.003 0.0004 0 0 0 0.0093 0.0016 0 0 0 
0.0336 0.2243 0.2989 0.0329 0.0144 0 0 0 0 0 0.1963 0.0847 0 0 0 0 0 0.0624 0.0383 0.0015 0.0033 0.0005 0 0 0 0.0075 0.0013 0 0 0 
0.0259 0.1742 0.3305 0.0585 0.0243 0 0 0 0 0 0.1559 0.058 0 0 0 0 0 0.1047 0.0565 0.0023 0.0031 0.0005 0 0 0 0.0047 0.0008 0 0 0 
0.035 0.2375 0.3516 0.05 0.0221 0 0 0 0 0 0.1263 0.0521 0 0 0 0 0 0.072 0.0398 0.0016 0.004 0.0006 0 0 0 0.0062 0.0011 0 0 0 
0.0494 0.3352 0.2607 0.0278 0.0128 0 0 0 0 0 0.149 0.0758 0 0 0 0 0 0.0433 0.0266 0.0011 0.0045 0.0006 0 0 0 0.0112 0.0019 0 0 0 
0.0523 0.3396 0.2271 0.0184 0.0083 0 0 0 0 0 0.1737 0.1054 0 0 0 0 0 0.0315 0.021 0.0008 0.0042 0.0006 0 0 0 0.0146 0.0025 0 0 0 
0.0909 0.5316 0.1387 0.0088 0.004 0 0 0 0 0 0.0837 0.0778 0 0 0 0 0 0.0116 0.008 0.0003 0.0061 0.0008 0 0 0 0.0321 0.0055 0 0 0 
0.1387 0.6196 0.0803 0.0079 0.0041 0 0 0 0 0 0.0437 0.0358 0 0 0 0 0 0.0086 0.0055 0.0002 0.0087 0.0012 0 0 0 0.0392 0.0066 0 0 0 
0.161 0.5768 0.0718 0.0058 0.0027 0 0 0 0 0 0.0436 0.0432 0 0 0 0 0 0.0061 0.0042 0.0002 0.0095 0.0013 0 0 0 0.063 0.0108 0 0 0 
0.1215 0.5282 0.1058 0.0069 0.0028 0 0 0 0 0 0.0699 0.0811 0 0 0 0 0 0.007 0.0052 0.0002 0.0082 0.0011 0 0 0 0.0527 0.0093 0 0 0 
0.0659 0.3439 0.2363 0.0089 0.0035 0 0 0 0 0 0.1256 0.1589 0.0001 0 0 0 0 0.0118 0.009 0.0003 0.005 0.0006 0 0 0 0.0257 0.0045 0 0 0 
0.0545 0.3221 0.2505 0.0116 0.005 0 0 0 0 0 0.1632 0.1328 0 0 0 0 0 0.0195 0.014 0.0005 0.0041 0.0006 0 0 0 0.0183 0.0032 0 0 0 
0.0789 0.5342 0.1504 0.013 0.0063 0 0 0 0 0 0.0904 0.0648 0 0 0 0 0 0.0176 0.0115 0.0004 0.0057 0.0008 0 0 0 0.0221 0.0038 0 0 0 
0.0759 0.5406 0.1637 0.0186 0.0093 0 0 0 0 0 0.0799 0.0484 0 0 0 0 0 0.0226 0.0138 0.0005 0.0062 0.0009 0 0 0 0.0167 0.0028 0 0 0 
0.051 0.3502 0.3174 0.038 0.0183 0 0 0 0 0 0.0933 0.044 0 0 0 0 0 0.0447 0.0254 0.001 0.0054 0.0008 0 0 0 0.0089 0.0015 0 0 0 
0.079 0.5499 0.1794 0.0261 0.014 0 0 0 0 0 0.0573 0.031 0 0 0 0 0 0.0248 0.0144 0.0006 0.0076 0.0011 0 0 0 0.0128 0.0021 0 0 0 
0.1303 0.6398 0.0864 0.011 0.0061 0 0 0 0 0 0.0393 0.0274 0 0 0 0 0 0.0108 0.0066 0.0003 0.0092 0.0013 0 0 0 0.027 0.0045 0 0 0 
0.2491 0.599 0.0372 0.0053 0.0032 0 0 0 0 0 0.0166 0.0129 0 0 0 0 0 0.0043 0.0027 0.0001 0.0145 0.0021 0 0 0 0.0456 0.0074 0 0 0 
0.0361 0.2442 0.3697 0.0813 0.037 0 0 0 0 0 0.0741 0.0299 0 0 0 0 0 0.075 0.0395 0.0016 0.0053 0.0008 0 0 0 0.0048 0.0008 0 0 0 
0.054 0.3659 0.3271 0.0578 0.03 0 0 0 0 0 0.0549 0.0246 0 0 0 0 0 0.0443 0.0243 0.001 0.0073 0.0011 0 0 0 0.0068 0.0011 0 0 0 
0.0835 0.5595 0.1804 0.0374 0.022 0 0 0 0 0 0.0367 0.0183 0 0 0 0 0 0.0247 0.014 0.0006 0.0104 0.0015 0 0 0 0.0096 0.0016 0 0 0 
0.136 0.6444 0.0906 0.0152 0.0091 0 0 0 0 0 0.0303 0.0187 0 0 0 0 0 0.012 0.0071 0.0003 0.0115 0.0016 0 0 0 0.0199 0.0033 0 0 0 
0.2472 0.6191 0.0371 0.0069 0.0045 0 0 0 0 0 0.013 0.0089 0 0 0 0 0 0.0047 0.0028 0.0001 0.0173 0.0024 0 0 0 0.0309 0.005 0 0 0 
0.4283 0.4651 0.0128 0.0025 0.0018 0 0 0 0 0 0.0047 0.0036 0 0 0 0 0 0.0015 0.0009 0 0.024 0.0034 0 0 0 0.0443 0.007 0 0 0 
0.4877 0.2599 0.0084 0.0017 0.0013 0 0 0 0 0 0.0032 0.0026 0 0 0 0 0 0.0009 0.0006 0 0.0702 0.0101 0 0 0 0.1326 0.0206 0 0 0 
0.4275 0.4422 0.0141 0.0022 0.0014 0 0 0 0 0 0.0063 0.0052 0 0 0 0 0 0.0016 0.001 0 0.02 0.003 0 0 0 0.0653 0.0102 0 0 0 
0.4571 0.2199 0.0088 0.0014 0.001 0 0 0 0 0 0.0041 0.0036 0 0 0 0 0 0.0009 0.0006 0 0.0532 0.0084 0 0 0 0.2095 0.0314 0 0 0 
0.4022 0.1809 0.0097 0.0013 0.0008 0 0 0 0 0 0.0052 0.0048 0 0 0 0 0 0.0009 0.0006 0 0.0384 0.0066 0 0 0 0.3026 0.0459 0 0 0 
0.2783 0.1488 0.0109 0.0013 0.0007 0 0 0 0 0 0.0063 0.0062 0 0 0 0 0 0.0009 0.0006 0 0.0262 0.0047 0 0 0 0.4489 0.0662 0 0 0 
0.2376 0.1263 0.0125 0.0014 0.0007 0 0 0 0 0 0.0076 0.0075 0 0 0 0 0 0.0008 0.0006 0 0.0211 0.0034 0 0 0 0.4925 0.0881 0 0 0 
0.1117 0.0554 0.0054 0.0006 0.0003 0 0 0 0 0 0.0031 0.003 0 0 0 0 0 0.0003 0.0002 0 0.017 0.0033 0 0 0 0.6366 0.1629 0 0 0 
0.3607 0.2048 0.0212 0.0022 0.001 0 0 0 0 0 0.0133 0.0135 0 0 0 0 0 0.0014 0.001 0 0.0201 0.003 0 0 0 0.3032 0.0545 0 0 0 
0.41 0.2818 0.0208 0.0022 0.0011 0 0 0 0 0 0.0122 0.012 0 0 0 0 0 0.0017 0.0012 0 0.0193 0.0031 0 0 0 0.2021 0.0324 0 0 0 
0.4364 0.3613 0.0183 0.0023 0.0013 0 0 0 0 0 0.0096 0.0086 0 0 0 0 0 0.0018 0.0012 0 0.0204 0.0032 0 0 0 0.1172 0.0184 0 0 0 
0.2476 0.5672 0.039 0.0044 0.0024 0 0 0 0 0 0.0206 0.018 0 0 0 0 0 0.004 0.0026 0.0001 0.0133 0.002 0 0 0 0.0678 0.0111 0 0 0 
0.2492 0.5085 0.0419 0.0039 0.0019 0 0 0 0 0 0.0253 0.025 0 0 0 0 0 0.0035 0.0024 0.0001 0.0133 0.0019 0 0 0 0.1054 0.0177 0 0 0 
0.2098 0.4773 0.0664 0.0056 0.0023 0 0 0 0 0 0.045 0.0492 0 0 0 0 0 0.0046 0.0033 0.0001 0.013 0.0017 0 0 0 0.1033 0.0184 0 0 0 
0.29 0.3825 0.0441 0.0042 0.0018 0 0 0 0 0 0.0291 0.0306 0 0 0 0 0 0.003 0.0022 0.0001 0.0167 0.0023 0 0 0 0.164 0.0294 0 0 0 
0.2331 0.4576 0.0581 0.0059 0.0022 0 0 0 0 0 0.042 0.0449 0 0 0 0 0 0.0034 0.0026 0.0001 0.0163 0.0019 0 0 0 0.1113 0.0207 0 0 0 
0.3635 0.3021 0.0383 0.0042 0.0017 0 0 0 0 0 0.0253 0.0256 0 0 0 0 0 0.0022 0.0016 0 0.0215 0.0026 0 0 0 0.1771 0.0341 0 0 0 
0.3671 0.1797 0.0221 0.0026 0.0011 0 0 0 0 0 0.0136 0.0133 0 0 0 0 0 0.0012 0.0009 0 0.0272 0.0034 0 0 0 0.305 0.0627 0 0 0 
0.2611 0.124 0.0149 0.0018 0.0008 0 0 0 0 0 0.0088 0.0085 0 0 0 0 0 0.0008 0.0006 0 0.029 0.0039 0 0 0 0.4465 0.0991 0 0 0 
0.1234 0.0554 0.0066 0.0008 0.0004 0 0 0 0 0 0.0038 0.0035 0 0 0 0 0 0.0004 0.0003 0 0.0228 0.0036 0 0 0 0.616 0.163 0 0 0 
0.057 0.2879 0.1288 0.0111 0.0034 0 0 0 0 0 0.1638 0.2955 0.0001 0 0 0 0 0.0104 0.0088 0.0003 0.0051 0.0006 0 0 0 0.0231 0.0041 0 0 0 
0.0904 0.4594 0.1176 0.0094 0.0031 0 0 0 0 0 0.1072 0.1452 0.0001 0 0 0 0 0.0075 0.006 0.0002 0.0075 0.0009 0 0 0 0.0386 0.0069 0 0 0 
0.1564 0.5102 0.08 0.0074 0.0026 0 0 0 0 0 0.0634 0.0733 0 0 0 0 0 0.0049 0.0038 0.0001 0.0119 0.0014 0 0 0 0.0716 0.013 0 0 0 
0.0355 0.1803 0.0933 0.0098 0.0029 0 0 0 0 0 0.1759 0.4615 0.0002 0 0 0 0 0.0106 0.0095 0.0003 0.0033 0.0004 0 0 0 0.014 0.0025 0 0 0 
0.0285 0.1502 0.0935 0.0084 0.0028 0 0 0 0 0 0.193 0.4832 0.0002 0 0 0 0 0.0128 0.0115 0.0004 0.0025 0.0003 0 0 0 0.0108 0.0019 0 0 0 
0.0192 0.0986 0.0575 0.0065 0.0019 0 0 0 0 0 0.1398 0.6492 0.0003 0 0 0 0 0.0083 0.0078 0.0002 0.0018 0.0002 0 0 0 0.0074 0.0013 0 0 0 
0.0191 0.1019 0.0682 0.0065 0.0023 0 0 0 0 0 0.1893 0.5784 0.0002 0 0 0 0 0.0121 0.0116 0.0004 0.0017 0.0002 0 0 0 0.0071 0.0012 0 0 0 
0.0094 0.0491 0.0306 0.0034 0.0011 0 0 0 0 0 0.0906 0.7994 0.0003 0 0 0 0 0.0053 0.0053 0.0002 0.0009 0.0001 0 0 0 0.0036 0.0006 0 0 0 
0.01 0.0551 0.0415 0.0044 0.0016 0 0 0 0 0 0.1837 0.6751 0.0002 0 0 0 0 0.0109 0.0117 0.0004 0.0009 0.0001 0 0 0 0.0036 0.0006 0 0 0 
0.0058 0.0312 0.0224 0.0025 0.0009 0 0 0 0 0 0.1087 0.8121 0.0003 0 0 0 0 0.0059 0.0068 0.0003 0.0005 0.0001 0 0 0 0.0021 0.0004 0 0 0 
0.0068 0.0374 0.0287 0.0032 0.0012 0 0 0 0 0 0.1606 0.7387 0.0002 0 0 0 0 0.0088 0.0104 0.0004 0.0006 0.0001 0 0 0 0.0024 0.0004 0 0 0 
0.0033 0.0175 0.012 0.0014 0.0005 0 0 0 0 0 0.0569 0.8996 0.0006 0 0 0 0 0.0029 0.0034 0.0001 0.0003 0 0 0 0 0.0012 0.0002 0 0 0 
0.0028 0.0145 0.0093 0.0012 0.0004 0 0 0 0 0 0.0352 0.9304 0.0008 0 0 0 0 0.0019 0.002 0.0001 0.0003 0 0 0 0 0.0011 0.0002 0 0 0 
0.0016 0.0085 0.0057 0.0007 0.0002 0 0 0 0 0 0.0273 0.9509 0.0013 0 0 0 0 0.0013 0.0016 0.0001 0.0002 0 0 0 0 0.0006 0.0001 0 0 0 
0.0006 0.0033 0.0021 0.0003 0.0001 0 0 0 0 0 0.0098 0.98 0.0025 0 0 0 0 0.0005 0.0005 0 0.0001 0 0 0 0 0.0002 0 0 0 0 
0.0005 0.0028 0.0018 0.0003 0.0001 0 0 0 0 0 0.0098 0.9801 0.0033 0 0 0 0 0.0005 0.0005 0 0.0001 0 0 0 0 0.0002 0 0 0 0 
0.0012 0.0061 0.0043 0.0005 0.0002 0 0 0 0 0 0.0268 0.9561 0.0014 0 0 0 0 0.0012 0.0015 0.0001 0.0001 0 0 0 0 0.0004 0.0001 0 0 0 
0.0004 0.0022 0.0015 0.0002 0.0001 0 0 0 0 0 0.0099 0.9805 0.0039 0 0 0 0 0.0004 0.0005 0 0 0 0 0 0 0.0002 0 0 0 0 
0.0008 0.0043 0.0031 0.0004 0.0001 0 0 0 0 0 0.0267 0.9602 0.0014 0 0 0 0 0.001 0.0015 0.0001 0.0001 0 0 0 0 0.0003 0.0001 0 0 0 
0.0024 0.0129 0.0093 0.0011 0.0004 0 0 0 0 0 0.0607 0.9048 0.0006 0 0 0 0 0.0028 0.0036 0.0001 0.0002 0 0 0 0 0.0009 0.0002 0 0 0 
0.0037 0.0205 0.0158 0.0019 0.0007 0 0 0 0 0 0.1147 0.8274 0.0003 0 0 0 0 0.0055 0.0071 0.0003 0.0003 0 0 0 0 0.0013 0.0002 0 0 0 
0.0046 0.0255 0.0212 0.0027 0.0011 0 0 0 0 0 0.1794 0.7419 0.0002 0 0 0 0 0.0089 0.0118 0.0005 0.0004 0.0001 0 0 0 0.0016 0.0003 0 0 0 
0.0015 0.0084 0.0064 0.0008 0.0003 0 0 0 0 0 0.0623 0.9128 0.0006 0 0 0 0 0.0024 0.0035 0.0001 0.0001 0 0 0 0 0.0006 0.0001 0 0 0 
0.0021 0.0118 0.0098 0.0013 0.0005 0 0 0 0 0 0.1216 0.8396 0.0003 0 0 0 0 0.0045 0.007 0.0003 0.0002 0 0 0 0 0.0007 0.0001 0 0 0 
0.0025 0.0143 0.0128 0.0019 0.0008 0 0 0 0 0 0.1997 0.7466 0.0002 0 0 0 0 0.0075 0.0121 0.0005 0.0002 0 0 0 0 0.0008 0.0001 0 0 0 
0.0027 0.0153 0.0149 0.0025 0.001 0 0 0 0 0 0.2776 0.6554 0.0001 0 0 0 0 0.0106 0.0178 0.0007 0.0002 0 0 0 0 0.0009 0.0002 0 0 0 
0.0001 0.0007 0.0005 0.0001 0 0 0 0 0 0 0.0031 0.9828 0.0123 0 0 0 0 0.0001 0.0002 0 0 0 0 0 0 0 0 0 0 0 
0.0003 0.0016 0.0011 0.0002 0.0001 0 0 0 0 0 0.0094 0.9822 0.0041 0 0 0 0 0.0004 0.0005 0 0 0 0 0 0 0.0001 0 0 0 0 
0.0005 0.0026 0.002 0.0003 0.0001 0 0 0 0 0 0.0261 0.9646 0.0013 0 0 0 0 0.0008 0.0013 0.0001 0 0 0 0 0 0.0002 0 0 0 0 
0.0008 0.0043 0.0035 0.0005 0.0002 0 0 0 0 0 0.0616 0.9232 0.0005 0 0 0 0 0.0017 0.0031 0.0001 0.0001 0 0 0 0 0.0003 0 0 0 0 
0.0012 0.0067 0.0058 0.0009 0.0004 0 0 0 0 0 0.1339 0.8398 0.0002 0 0 0 0 0.0035 0.0067 0.0003 0.0001 0 0 0 0 0.0004 0.0001 0 0 0 
0.0013 0.0077 0.0073 0.0013 0.0005 0 0 0 0 0 0.2303 0.7333 0.0001 0 0 0 0 0.0056 0.0115 0.0005 0.0001 0 0 0 0 0.0004 0.0001 0 0 0 
0 0.0002 0.0001 0 0 0 0 0 0 0 0.001 0.9556 0.0428 0.0001 0 0 0 0 0.0001 0 0 0 0 0 0 0 0 0 0 0 
0 0 0 0 0 0 0 0 0 0 0.0003 0.8322 0.1672 0.0003 0 0 0 0 0 0 0 0 0 0 0 0 0 0 0 0 
0 0.0002 0.0001 0 0 0 0 0 0 0 0.001 0.9485 0.0499 0.0001 0 0 0 0 0.0001 0 0 0 0 0 0 0 0 0 0 0 
0.0001 0.0005 0.0004 0.0001 0 0 0 0 0 0 0.003 0.982 0.0137 0 0 0 0 0.0001 0.0002 0 0 0 0 0 0 0 0 0 0 0 
0.0002 0.001 0.0007 0.0001 0 0 0 0 0 0 0.0084 0.9846 0.0041 0 0 0 0 0.0003 0.0004 0 0 0 0 0 0 0.0001 0 0 0 0 
0.0002 0.0013 0.001 0.0002 0.0001 0 0 0 0 0 0.0233 0.971 0.0012 0 0 0 0 0.0006 0.0011 0 0 0 0 0 0 0.0001 0 0 0 0 
0.0004 0.002 0.0017 0.0003 0.0001 0 0 0 0 0 0.0584 0.9326 0.0005 0 0 0 0 0.0012 0.0026 0.0001 0 0 0 0 0 0.0001 0 0 0 0 
0.0006 0.0034 0.0031 0.0006 0.0002 0 0 0 0 0 0.1443 0.8383 0.0002 0 0 0 0 0.0026 0.0061 0.0002 0.0001 0 0 0 0 0.0002 0 0 0 0 
0 0.0001 0.0001 0 0 0 0 0 0 0 0.0007 0.9447 0.0543 0.0001 0 0 0 0 0 0 0 0 0 0 0 0 0 0 0 0 
0 0.0002 0.0001 0 0 0 0 0 0 0 0.0021 0.9827 0.0146 0 0 0 0 0.0001 0.0001 0 0 0 0 0 0 0 0 0 0 0 
0 0.0001 0.0001 0 0 0 0 0 0 0 0.001 0.9366 0.0619 0.0001 0 0 0 0 0.0001 0 0 0 0 0 0 0 0 0 0 0 
0.0001 0.0003 0.0002 0 0 0 0 0 0 0 0.0025 0.9816 0.0149 0 0 0 0 0.0001 0.0001 0 0 0 0 0 0 0 0 0 0 0 
0.0001 0.0005 0.0004 0.0001 0 0 0 0 0 0 0.0071 0.9872 0.0039 0 0 0 0 0.0002 0.0003 0 0 0 0 0 0 0 0 0 0 0 
0.0001 0.0007 0.0006 0.0002 0 0 0 0 0 0 0.0239 0.9715 0.0012 0 0 0 0 0.0005 0.0011 0 0 0 0 0 0 0.0001 0 0 0 0 
0.0002 0.0011 0.001 0.0003 0.0001 0 0 0 0 0 0.061 0.9319 0.0005 0 0 0 0 0.0011 0.0026 0.0001 0 0 0 0 0 0.0001 0 0 0 0 
0.0002 0.0014 0.0013 0.0005 0.0001 0 0 0 0 0 0.1402 0.8481 0.0002 0 0 0 0 0.002 0.0057 0.0002 0 0 0 0 0 0.0001 0 0 0 0 
0.0002 0.0012 0.001 0.0005 0.0001 0 0 0 0 0 0.0772 0.9138 0.0005 0 0 0 0 0.0016 0.0036 0.0001 0 0 0 0 0 0.0001 0 0 0 0 
0.0002 0.0008 0.0007 0.0002 0.0001 0 0 0 0 0 0.0285 0.9661 0.0013 0 0 0 0 0.0006 0.0013 0 0 0 0 0 0 0.0001 0 0 0 0 
0.0001 0.0004 0.0003 0.0001 0 0 0 0 0 0 0.0073 0.9874 0.0039 0 0 0 0 0.0002 0.0003 0 0 0 0 0 0 0 0 0 0 0 
0 0.0001 0.0001 0 0 0 0 0 0 0 0.0021 0.9823 0.0151 0 0 0 0 0.0001 0.0001 0 0 0 0 0 0 0 0 0 0 0 
0.0001 0.0005 0.0004 0.0001 0 0 0 0 0 0 0.01 0.9832 0.0049 0 0 0 0 0.0003 0.0005 0 0 0 0 0 0 0 0 0 0 0 
0 0.0002 0.0001 0 0 0 0 0 0 0 0.0028 0.9799 0.0166 0 0 0 0 0.0001 0.0001 0 0 0 0 0 0 0 0 0 0 0 
0.0003 0.0016 0.0012 0.0005 0.0001 0 0 0 0 0 0.0404 0.9512 0.0016 0 0 0 0 0.001 0.0019 0 0 0 0 0 0 0.0001 0 0 0 0 
0.0002 0.001 0.0008 0.0003 0.0001 0 0 0 0 0 0.0166 0.9738 0.0059 0 0 0 0 0.0005 0.0008 0 0 0 0 0 0 0.0001 0 0 0 0 
0.0001 0.0003 0.0002 0.0001 0 0 0 0 0 0 0.0039 0.9785 0.0165 0 0 0 0 0.0001 0.0002 0 0 0 0 0 0 0 0 0 0 0 
0 0.0001 0.0001 0 0 0 0 0 0 0 0.0011 0.9374 0.061 0.0002 0 0 0 0 0.0001 0 0 0 0 0 0 0 0 0 0 0 
0 0.0001 0.0001 0 0 0 0 0 0 0 0.0008 0.937 0.0617 0.0002 0 0 0 0 0 0 0 0 0 0 0 0 0 0 0 0 
0 0.0001 0 0 0 0 0 0 0 0 0.0007 0.9407 0.0583 0.0001 0 0 0 0 0 0 0 0 0 0 0 0 0 0 0 0 
0 0 0 0 0 0 0 0 0 0 0.0003 0.7969 0.2022 0.0006 0 0 0 0 0 0 0 0 0 0 0 0 0 0 0 0 
0 0 0 0 0 0 0 0 0 0 0.0002 0.8011 0.198 0.0005 0 0 0 0 0 0 0 0 0 0 0 0 0 0 0 0 
0 0 0 0 0 0 0 0 0 0 0.0002 0.7907 0.2085 0.0005 0 0 0 0 0 0 0 0 0 0 0 0 0 0 0 0 
0 0 0 0 0 0 0 0 0 0 0.0002 0.806 0.1933 0.0004 0 0 0 0 0 0 0 0 0 0 0 0 0 0 0 0 
0 0 0 0 0 0 0 0 0 0 0.0003 0.8207 0.1787 0.0003 0 0 0 0 0 0 0 0 0 0 0 0 0 0 0 0 
0 0 0 0 0 0 0 0 0 0 0.0001 0.1944 0.8036 0.002 0 0 0 0 0 0 0 0 0 0 0 0 0 0 0 0 
0 0 0 0 0 0 0 0 0 0 0.0001 0.2134 0.785 0.0015 0 0 0 0 0 0 0 0 0 0 0 0 0 0 0 0 
0 0 0 0 0 0 0 0 0 0 0.0001 0.2298 0.7689 0.0012 0 0 0 0 0 0 0 0 0 0 0 0 0 0 0 0 
0 0 0 0 0 0 0 0 0 0 0.0001 0.2369 0.7619 0.0011 0 0 0 0 0 0 0 0 0 0 0 0 0 0 0 0 
0 0.0001 0 0 0 0 0 0 0 0 0.0003 0.8391 0.1602 0.0002 0 0 0 0 0 0 0 0 0 0 0 0 0 0 0 0 
0 0.0002 0.0001 0 0 0 0 0 0 0 0.0009 0.9572 0.0413 0.0001 0 0 0 0 0 0 0 0 0 0 0 0 0 0 0 0 
0 0 0 0 0 0 0 0 0 0 0.0002 0.8348 0.1645 0.0003 0 0 0 0 0 0 0 0 0 0 0 0 0 0 0 0 
0.0001 0.0008 0.0005 0.0001 0 0 0 0 0 0 0.0029 0.984 0.0111 0 0 0 0 0.0001 0.0002 0 0 0 0 0 0 0.0001 0 0 0 0 
0.0002 0.0008 0.0005 0.0001 0 0 0 0 0 0 0.0028 0.9856 0.0097 0 0 0 0 0.0001 0.0001 0 0 0 0 0 0 0.0001 0 0 0 0 
0 0.0002 0.0001 0 0 0 0 0 0 0 0.0007 0.9589 0.0398 0.0001 0 0 0 0 0 0 0 0 0 0 0 0 0 0 0 0 
0 0 0 0 0 0 0 0 0 0 0.0002 0.8313 0.1681 0.0003 0 0 0 0 0 0 0 0 0 0 0 0 0 0 0 0 
0 0 0 0 0 0 0 0 0 0 0.0001 0.2039 0.7948 0.0012 0 0 0 0 0 0 0 0 0 0 0 0 0 0 0 0 
0 0 0 0 0 0 0 0 0 0 0 0.1703 0.828 0.0016 0 0 0 0 0 0 0 0 0 0 0 0 0 0 0 0 
0 0 0 0 0 0 0 0 0 0 0 0.0523 0.9421 0.0055 0 0 0 0 0 0 0 0 0 0 0 0 0 0 0 0 
0 0 0 0 0 0 0 0 0 0 0 0.0573 0.9343 0.0083 0 0 0 0 0 0 0 0 0 0 0 0 0 0 0 0 
0 0 0 0 0 0 0 0 0 0 0 0.0107 0.9691 0.0202 0 0 0 0 0 0 0 0 0 0 0 0 0 0 0 0 
0 0.0002 0.0001 0 0 0 0 0 0 0 0.0008 0.9581 0.0406 0.0001 0 0 0 0 0 0 0 0 0 0 0 0 0 0 0 0 
0 0 0 0 0 0 0 0 0 0 0.0002 0.8304 0.169 0.0004 0 0 0 0 0 0 0 0 0 0 0 0 0 0 0 0 
0.0002 0.0009 0.0006 0.0001 0 0 0 0 0 0 0.0036 0.9844 0.0098 0 0 0 0 0.0002 0.0002 0 0 0 0 0 0 0.0001 0 0 0 0 
0.0008 0.0041 0.0026 0.0005 0.0001 0 0 0 0 0 0.0141 0.9731 0.0027 0 0 0 0 0.0006 0.0007 0 0.0001 0 0 0 0 0.0003 0.0001 0 0 0 
0 0 0 0 0 0 0 0 0 0 0 0.0019 0.888 0.1098 0.0003 0.0001 0 0 0 0 0 0 0 0 0 0 0 0 0 0 
0 0 0 0 0 0 0 0 0 0 0 0.0003 0.1215 0.8757 0.0021 0.0003 0.0002 0 0 0 0 0 0 0 0 0 0 0 0 0 
0 0 0 0 0 0 0 0 0 0 0 0.0019 0.8791 0.1185 0.0003 0.0001 0.0001 0 0 0 0 0 0 0 0 0 0 0 0 0 
0 0 0 0 0 0 0 0 0 0 0 0.0018 0.8869 0.111 0.0003 0.0001 0 0 0 0 0 0 0 0 0 0 0 0 0 0 
0 0 0 0 0 0 0 0 0 0 0 0.0106 0.9669 0.0224 0 0 0 0 0 0 0 0 0 0 0 0 0 0 0 0 
0 0 0 0 0 0 0 0 0 0 0 0.0401 0.951 0.0088 0 0 0 0 0 0 0 0 0 0 0 0 0 0 0 0 
0 0 0 0 0 0 0 0 0 0 0 0.1378 0.8602 0.0019 0 0 0 0 0 0 0 0 0 0 0 0 0 0 0 0 
0 0 0 0 0 0 0 0 0 0 0 0.0003 0.1211 0.8761 0.0021 0.0003 0.0002 0 0 0 0 0 0 0 0 0 0 0 0 0 
0 0 0 0 0 0 0 0 0 0 0 0 0.0214 0.9615 0.0147 0.0014 0.001 0 0 0 0 0 0 0 0 0 0 0 0 0 
0 0 0 0 0 0 0 0 0 0 0 0.0018 0.879 0.1188 0.0002 0.0001 0 0 0 0 0 0 0 0 0 0 0 0 0 0 
0 0 0 0 0 0 0 0 0 0 0 0.0105 0.9608 0.0286 0.0001 0 0 0 0 0 0 0 0 0 0 0 0 0 0 0 
0 0 0 0 0 0 0 0 0 0 0 0.0003 0.1206 0.877 0.0016 0.0004 0.0002 0 0 0 0 0 0 0 0 0 0 0 0 0 
0 0 0 0 0 0 0 0 0 0 0 0 0.0132 0.9677 0.0158 0.0022 0.001 0 0 0 0 0 0 0 0 0 0 0 0 0 
0 0 0 0 0 0 0 0 0 0 0 0 0.0044 0.8724 0.1121 0.0064 0.0047 0 0 0 0 0 0 0 0 0 0 0 0 0 
0 0 0 0 0 0 0 0 0 0 0 0 0.0031 0.8653 0.1177 0.0095 0.0043 0 0 0 0 0 0 0 0 0 0 0 0 0 
0 0 0 0 0 0 0 0 0 0 0 0 0.0016 0.6103 0.3662 0.0128 0.0091 0 0 0 0 0 0 0 0 0 0 0 0 0 
0 0 0 0 0 0 0 0 0 0 0 0 0.0015 0.6399 0.3327 0.0177 0.0082 0 0 0 0 0 0 0 0 0 0 0 0 0 
0 0 0 0 0 0 0 0 0 0 0 0 0.0009 0.3723 0.594 0.021 0.0117 0 0 0 0 0 0 0 0 0 0 0 0 0 
0 0 0 0 0 0 0 0 0 0 0 0 0.001 0.4289 0.5359 0.0235 0.0107 0 0 0 0 0 0 0 0 0 0 0 0 0 
0 0 0 0 0 0 0 0 0 0 0 0 0.0008 0.3619 0.596 0.0281 0.0132 0 0 0 0 0 0 0 0 0 0 0 0 0 
0 0 0 0 0 0 0 0 0 0 0 0 0.0008 0.3719 0.5872 0.0277 0.0123 0 0 0 0 0 0 0 0 0 0 0 0 0 
0 0 0 0 0 0 0 0 0 0 0 0 0.0008 0.3726 0.5822 0.0311 0.0134 0 0 0 0 0 0 0 0 0 0 0 0 0 
0 0 0 0 0 0 0 0 0 0 0 0 0.0008 0.3683 0.5871 0.0304 0.0134 0 0 0 0 0 0 0 0 0 0 0 0 0 
0 0 0 0 0 0 0 0 0 0 0 0 0.0008 0.3869 0.57 0.0299 0.0124 0 0 0 0 0 0 0 0 0 0 0 0 0 
0 0 0 0 0 0 0 0 0 0 0 0 0.001 0.4651 0.4933 0.0293 0.0114 0 0 0 0 0 0 0 0 0 0 0 0 0 
0 0 0 0 0 0 0 0 0 0 0 0 0.0014 0.6133 0.3495 0.0265 0.0094 0 0 0 0 0 0 0 0 0 0 0 0 0 
0 0 0 0 0 0 0 0 0 0 0 0 0.0021 0.8026 0.1716 0.0179 0.0057 0 0 0 0 0 0 0 0 0 0 0 0 0 
0 0 0 0 0 0 0 0 0 0 0 0 0.0044 0.9064 0.0769 0.0091 0.0032 0 0 0 0 0 0 0 0 0 0 0 0 0 
0 0 0 0 0 0 0 0 0 0 0 0 0.0008 0.364 0.5911 0.0305 0.0136 0 0 0 0 0 0 0 0 0 0 0 0 0 
0 0 0 0 0 0 0 0 0 0 0 0 0.0008 0.3659 0.5884 0.0312 0.0137 0 0 0 0 0 0 0 0 0 0 0 0 0 
0 0 0 0 0 0 0 0 0 0 0 0 0.0008 0.3672 0.5872 0.0312 0.0136 0 0 0 0 0 0 0 0 0 0 0 0 0 
0 0 0 0 0 0 0 0 0 0 0 0 0.0008 0.3681 0.5861 0.0314 0.0136 0 0 0 0 0 0 0 0 0 0 0 0 0 
0 0 0 0 0 0 0 0 0 0 0 0 0.0008 0.3671 0.587 0.0314 0.0137 0 0 0 0 0 0 0 0 0 0 0 0 0 
0 0 0 0 0 0 0 0 0 0 0 0 0.0011 0.4142 0.5589 0.014 0.0117 0 0 0 0 0 0 0 0 0 0 0 0 0 
0 0 0 0 0 0 0 0 0 0 0 0 0.0009 0.3449 0.6221 0.0187 0.0134 0 0 0 0 0 0 0 0 0 0 0 0 0 
0 0 0 0 0 0 0 0 0 0 0 0 0.0008 0.3162 0.6415 0.0264 0.0152 0 0 0 0 0 0 0 0 0 0 0 0 0 
0 0 0 0 0 0 0 0 0 0 0 0 0.0008 0.3454 0.6093 0.0302 0.0144 0 0 0 0 0 0 0 0 0 0 0 0 0 
0 0 0 0 0 0 0 0 0 0 0 0 0.0008 0.3597 0.5944 0.0312 0.014 0 0 0 0 0 0 0 0 0 0 0 0 0 
0 0 0 0 0 0 0 0 0 0 0 0 0.0008 0.3649 0.5892 0.0314 0.0138 0 0 0 0 0 0 0 0 0 0 0 0 0 
0 0 0 0 0 0 0 0 0 0 0 0 0.0008 0.3598 0.5931 0.0321 0.0142 0 0 0 0 0 0 0 0 0 0 0 0 0 
0 0 0 0 0 0 0 0 0 0 0 0 0.0008 0.3649 0.5888 0.0317 0.0138 0 0 0 0 0 0 0 0 0 0 0 0 0 
0 0 0 0 0 0 0 0 0 0 0 0 0.0007 0.343 0.608 0.0331 0.0151 0 0 0 0 0 0 0 0 0 0 0 0 0 
0 0 0 0 0 0 0 0 0 0 0 0 0.0007 0.2953 0.6536 0.0333 0.0172 0 0 0 0 0 0 0 0 0 0 0 0 0 
0 0 0 0 0 0 0 0 0 0 0 0 0.0005 0.2072 0.7398 0.0317 0.0208 0 0 0 0 0 0 0 0 0 0 0 0 0 
0 0 0 0 0 0 0 0 0 0 0 0 0.0006 0.2117 0.7479 0.0216 0.0183 0 0 0 0 0 0 0 0 0 0 0 0 0 
0 0 0 0 0 0 0 0 0 0 0 0 0.0008 0.2661 0.7022 0.0156 0.0153 0 0 0 0 0 0 0 0 0 0 0 0 0 
0 0 0 0 0 0 0 0 0 0 0 0 0.0002 0.0938 0.857 0.0239 0.0251 0 0 0 0 0 0 0 0 0 0 0 0 0 
0 0 0 0 0 0 0 0 0 0 0 0 0.0021 0.3171 0.5943 0.027 0.0595 0 0 0 0 0 0 0 0 0 0 0 0 0 
0 0 0 0 0 0 0 0 0 0 0 0 0.0008 0.1868 0.7784 0.0092 0.0247 0 0 0 0 0 0 0 0 0 0 0 0 0 
0 0 0 0 0 0 0 0 0 0 0 0 0.0002 0.028 0.9 0.0064 0.0654 0 0 0 0 0 0 0 0 0 0 0 0 0 
0 0 0 0 0 0 0 0 0 0 0 0 0.0024 0.6123 0.3561 0.0103 0.0189 0 0 0 0 0 0 0 0 0 0 0 0 0 
0 0 0 0 0 0 0 0 0 0 0 0 0.001 0.2771 0.6952 0.0094 0.0172 0 0 0 0 0 0 0 0 0 0 0 0 0 
0 0 0 0 0 0 0 0 0 0 0 0 0.0022 0.637 0.3397 0.0093 0.0118 0 0 0 0 0 0 0 0 0 0 0 0 0 
0 0 0 0 0 0 0 0 0 0 0 0 0.0012 0.362 0.6123 0.0112 0.0133 0 0 0 0 0 0 0 0 0 0 0 0 0 
0 0 0 0 0 0 0 0 0 0 0 0 0.0005 0.1643 0.8085 0.0107 0.016 0 0 0 0 0 0 0 0 0 0 0 0 0 
0 0 0 0 0 0 0 0 0 0 0 0 0.0002 0.0713 0.8963 0.0118 0.0204 0 0 0 0 0 0 0 0 0 0 0 0 0 
0 0 0 0 0 0 0 0 0 0 0 0 0.0056 0.8732 0.1093 0.0055 0.0065 0 0 0 0 0 0 0 0 0 0 0 0 0 
0 0 0 0 0 0 0 0 0 0 0 0 0.0001 0.0203 0.9027 0.0199 0.0571 0 0 0 0 0 0 0 0 0 0 0 0 0 
0 0 0 0 0 0 0 0 0 0 0 0 0.0001 0.021 0.9171 0.0141 0.0477 0 0 0 0 0 0 0 0 0 0 0 0 0 
0 0 0 0 0 0 0 0 0 0 0 0 0.0001 0.0306 0.9176 0.0151 0.0366 0 0 0 0 0 0 0 0 0 0 0 0 0 
0 0 0 0 0 0 0 0 0 0 0 0 0.0001 0.0305 0.9342 0.0066 0.0286 0 0 0 0 0 0 0 0 0 0 0 0 0 
0 0 0 0 0 0 0 0 0 0 0 0 0.0003 0.0731 0.8971 0.006 0.0234 0 0 0 0 0 0 0 0 0 0 0 0 0 
0 0 0 0 0 0 0 0 0 0 0 0 0.0001 0.0378 0.9031 0.0205 0.0384 0 0 0 0 0 0 0 0 0 0 0 0 0 
0 0 0 0 0 0 0 0 0 0 0 0 0.0001 0.0217 0.8999 0.0213 0.0571 0 0 0 0 0 0 0 0 0 0 0 0 0 
0 0 0 0 0 0 0 0 0 0 0 0 0.0001 0.0206 0.8913 0.0227 0.0653 0 0 0 0 0 0 0 0 0 0 0 0 0 
0 0 0 0 0 0 0 0 0 0 0 0 0.0001 0.0204 0.8915 0.0225 0.0655 0 0 0 0 0 0 0 0 0 0 0 0 0 
0 0 0 0 0 0 0 0 0 0 0 0 0.0001 0.0203 0.8895 0.023 0.0671 0 0 0 0 0 0 0 0 0 0 0 0 0 
0 0 0 0 0 0 0 0 0 0 0 0 0.0001 0.0203 0.8896 0.023 0.0671 0 0 0 0 0 0 0 0 0 0 0 0 0 
0 0 0 0 0 0 0 0 0 0 0 0 0.0001 0.0202 0.8896 0.023 0.0672 0 0 0 0 0 0 0 0 0 0 0 0 0 
0 0 0 0 0 0 0 0 0 0 0 0 0.0001 0.0202 0.8897 0.0229 0.0671 0 0 0 0 0 0 0 0 0 0 0 0 0 
0 0 0 0 0 0 0 0 0 0 0 0 0.0001 0.0199 0.8932 0.0213 0.0656 0 0 0 0 0 0 0 0 0 0 0 0 0 
0 0 0 0 0 0 0 0 0 0 0 0 0.0001 0.0202 0.8901 0.0227 0.0669 0 0 0 0 0 0 0 0 0 0 0 0 0 
0 0 0 0 0 0 0 0 0 0 0 0 0.0001 0.0203 0.8894 0.023 0.0673 0 0 0 0 0 0 0 0 0 0 0 0 0 
0 0 0 0 0 0 0 0 0 0 0 0 0.0001 0.0202 0.8897 0.0229 0.0671 0 0 0 0 0 0 0 0 0 0 0 0 0 
0 0 0 0 0 0 0 0 0 0 0 0 0.0001 0.0202 0.8896 0.023 0.0672 0 0 0 0 0 0 0 0 0 0 0 0 0 
0 0 0 0 0 0 0 0 0 0 0 0 0.0001 0.0201 0.89 0.0229 0.067 0 0 0 0 0 0 0 0 0 0 0 0 0 
0 0 0 0 0 0 0 0 0 0 0 0 0.0001 0.0202 0.889 0.023 0.0676 0 0 0 0 0 0 0 0 0 0 0 0 0 
0 0 0 0 0 0 0 0 0 0 0 0 0.0001 0.0202 0.8882 0.023 0.0686 0 0 0 0 0 0 0 0 0 0 0 0 0 
0 0 0 0 0 0 0 0 0 0 0 0 0.0001 0.0197 0.8863 0.0228 0.0712 0 0 0 0 0 0 0 0 0 0 0 0 0 
0 0 0 0 0 0 0 0 0 0 0 0 0.0001 0.0174 0.8789 0.0208 0.0828 0 0 0 0 0 0 0 0 0 0 0 0 0 
0 0 0 0 0 0 0 0 0 0 0 0 0.0001 0.0202 0.8895 0.023 0.0673 0 0 0 0 0 0 0 0 0 0 0 0 0 
0 0 0 0 0 0 0 0 0 0 0 0 0.0001 0.0203 0.8886 0.0232 0.0679 0 0 0 0 0 0 0 0 0 0 0 0 0 
0 0 0 0 0 0 0 0 0 0 0 0 0.0001 0.0202 0.8863 0.0236 0.0699 0 0 0 0 0 0 0 0 0 0 0 0 0 
0 0 0 0 0 0 0 0 0 0 0 0 0.0001 0.0197 0.8793 0.0247 0.0763 0 0 0 0 0 0 0 0 0 0 0 0 0 
0 0 0 0 0 0 0 0 0 0 0 0 0 0.0173 0.8546 0.0282 0.0998 0 0 0 0 0 0 0 0 0 0 0 0 0 
0 0 0 0 0 0 0 0 0 0 0 0 0.0001 0.0199 0.8466 0.0358 0.0977 0 0 0 0 0 0 0 0 0 0 0 0 0 
0 0 0 0 0 0 0 0 0 0 0 0 0.0001 0.0203 0.8767 0.0262 0.0768 0 0 0 0 0 0 0 0 0 0 0 0 0 
0 0 0 0 0 0 0 0 0 0 0 0 0.0001 0.0203 0.8857 0.0239 0.0701 0 0 0 0 0 0 0 0 0 0 0 0 0 
0 0 0 0 0 0 0 0 0 0 0 0 0.0001 0.0203 0.8884 0.0232 0.068 0 0 0 0 0 0 0 0 0 0 0 0 0 
0 0 0 0 0 0 0 0 0 0 0 0 0.0001 0.0202 0.8894 0.023 0.0673 0 0 0 0 0 0 0 0 0 0 0 0 0 
0 0 0 0 0 0 0 0 0 0 0 0 0.0001 0.0202 0.8897 0.0229 0.0671 0 0 0 0 0 0 0 0 0 0 0 0 0 
0 0 0 0 0 0 0 0 0 0 0 0 0.0001 0.0202 0.8898 0.0229 0.0671 0 0 0 0 0 0 0 0 0 0 0 0 0 
0 0 0 0 0 0 0 0 0 0 0 0 0.0001 0.0202 0.8898 0.0229 0.067 0 0 0 0 0 0 0 0 0 0 0 0 0 
0 0 0 0 0 0 0 0 0 0 0 0 0.0001 0.0201 0.89 0.0229 0.067 0 0 0 0 0 0 0 0 0 0 0 0 0 
0 0 0 0 0 0 0 0 0 0 0 0 0.0001 0.0201 0.8903 0.0228 0.0668 0 0 0 0 0 0 0 0 0 0 0 0 0 
0 0 0 0 0 0 0 0 0 0 0 0 0.0001 0.0201 0.8899 0.0229 0.067 0 0 0 0 0 0 0 0 0 0 0 0 0 
0 0 0 0 0 0 0 0 0 0 0 0 0.0001 0.0201 0.89 0.0229 0.067 0 0 0 0 0 0 0 0 0 0 0 0 0 
0.0003 0.0014 0.0013 0.0008 0.0002 0 0 0 0 0 0.1564 0.8284 0.0003 0 0 0 0 0.003 0.0076 0.0002 0 0 0 0 0 0.0001 0 0 0 0 
0.0005 0.0022 0.0019 0.001 0.0002 0 0 0 0 0 0.1012 0.885 0.0006 0 0 0 0 0.0024 0.0046 0.0001 0.0001 0 0 0 0 0.0002 0 0 0 0 
0.0005 0.0024 0.0023 0.0015 0.0003 0 0 0 0 0 0.1885 0.7915 0.0003 0 0 0 0 0.0042 0.008 0.0002 0.0001 0 0 0 0 0.0002 0 0 0 0 
0.0002 0.0013 0.0013 0.001 0.0003 0 0 0 0 0 0.243 0.7347 0.0001 0 0 0 0 0.0046 0.0129 0.0004 0 0 0 0 0 0.0001 0 0 0 0 
0.0002 0.0011 0.0014 0.0018 0.0005 0 0 0 0 0 0.4232 0.5257 0 0 0 0 0 0.0108 0.0342 0.001 0 0 0 0 0 0.0001 0 0 0 0 
0.0002 0.001 0.0012 0.0008 0.0003 0 0 0 0 0 0.4528 0.5162 0 0 0 0 0 0.0047 0.022 0.0008 0 0 0 0 0 0 0 0 0 0 
0.0002 0.0012 0.0014 0.0014 0.0004 0 0 0 0 0 0.3601 0.605 0.0001 0 0 0 0 0.0074 0.0221 0.0007 0 0 0 0 0 0.0001 0 0 0 0 
0.0002 0.001 0.0012 0.0006 0.0002 0 0 0 0 0 0.4052 0.574 0 0 0 0 0 0.0035 0.0135 0.0005 0 0 0 0 0 0.0001 0 0 0 0 
0.0002 0.0013 0.0014 0.0006 0.0002 0 0 0 0 0 0.2697 0.7131 0.0001 0 0 0 0 0.003 0.0099 0.0004 0 0 0 0 0 0.0001 0 0 0 0 
0.0006 0.0033 0.0033 0.0008 0.0003 0 0 0 0 0 0.2692 0.7081 0.0001 0 0 0 0 0.0036 0.0101 0.0004 0.0001 0 0 0 0 0.0002 0 0 0 0 
0.0004 0.0025 0.0027 0.0008 0.0003 0 0 0 0 0 0.4076 0.5679 0 0 0 0 0 0.004 0.013 0.0005 0 0 0 0 0 0.0001 0 0 0 0 
0.0004 0.0023 0.0028 0.0009 0.0004 0 0 0 0 0 0.4562 0.5096 0 0 0 0 0 0.0053 0.021 0.0009 0 0 0 0 0 0.0001 0 0 0 0 
0.0004 0.0026 0.0033 0.0013 0.0005 0 0 0 0 0 0.4794 0.4659 0 0 0 0 0 0.0079 0.0369 0.0015 0 0 0 0 0 0.0001 0 0 0 0 
0.0002 0.001 0.0014 0.0011 0.0004 0 0 0 0 0 0.4679 0.479 0 0 0 0 0 0.0073 0.0401 0.0016 0 0 0 0 0 0.0001 0 0 0 0 
0.0012 0.007 0.0073 0.0015 0.0006 0 0 0 0 0 0.3343 0.6231 0.0001 0 0 0 0 0.0072 0.0164 0.0007 0.0001 0 0 0 0 0.0004 0.0001 0 0 0 
0.001 0.0061 0.0068 0.0016 0.0007 0 0 0 0 0 0.4271 0.5256 0 0 0 0 0 0.0084 0.0213 0.0009 0.0001 0 0 0 0 0.0003 0.0001 0 0 0 
0.0011 0.0065 0.0079 0.0022 0.0009 0 0 0 0 0 0.4748 0.4594 0 0 0 0 0 0.0121 0.0332 0.0013 0.0001 0 0 0 0 0.0003 0.0001 0 0 0 
0.0003 0.0016 0.0018 0.0018 0.0004 0 0 0 0 0 0.3994 0.5728 0.0001 0 0 0 0 0.0071 0.0142 0.0003 0 0 0 0 0 0.0001 0 0 0 0 
0.0004 0.0021 0.0022 0.0018 0.0004 0 0 0 0 0 0.2858 0.6895 0.0001 0 0 0 0 0.0057 0.0113 0.0003 0.0001 0 0 0 0 0.0002 0 0 0 0 
0.0012 0.0056 0.0052 0.0032 0.0006 0 0 0 0 0 0.2107 0.7561 0.0003 0 0 0 0 0.0065 0.0098 0.0002 0.0002 0 0 0 0 0.0004 0.0001 0 0 0 
0.0011 0.0052 0.0043 0.0021 0.0004 0 0 0 0 0 0.1238 0.8522 0.0006 0 0 0 0 0.0038 0.0058 0.0001 0.0001 0 0 0 0 0.0004 0.0001 0 0 0 
0.0027 0.0128 0.0124 0.0071 0.0014 0 0 0 0 0 0.2976 0.6369 0.0002 0 0 0 0 0.0117 0.0153 0.0003 0.0004 0 0 0 0 0.001 0.0002 0 0 0 
0.0011 0.0053 0.0058 0.005 0.001 0 0 0 0 0 0.365 0.5857 0.0001 0 0 0 0 0.0121 0.0178 0.0003 0.0002 0 0 0 0 0.0004 0.0001 0 0 0 
0.0011 0.0054 0.0055 0.0041 0.0008 0 0 0 0 0 0.2965 0.6622 0.0002 0 0 0 0 0.0093 0.0139 0.0003 0.0002 0 0 0 0 0.0004 0.0001 0 0 0 
0.0022 0.011 0.0079 0.0025 0.0005 0 0 0 0 0 0.0818 0.8837 0.0016 0 0 0 0 0.0033 0.0041 0.0001 0.0003 0 0 0 0 0.0008 0.0001 0 0 0 
0.0008 0.004 0.003 0.0012 0.0002 0 0 0 0 0 0.0579 0.9263 0.0014 0 0 0 0 0.0019 0.0027 0.0001 0.0001 0 0 0 0 0.0003 0.0001 0 0 0 
0.0031 0.0151 0.0118 0.0046 0.0009 0 0 0 0 0 0.1505 0.7977 0.0006 0 0 0 0 0.0061 0.0076 0.0001 0.0004 0 0 0 0 0.0012 0.0002 0 0 0 
0.0031 0.0151 0.0134 0.0065 0.0013 0 0 0 0 0 0.2388 0.6975 0.0003 0 0 0 0 0.0097 0.0123 0.0002 0.0004 0 0 0 0 0.0012 0.0002 0 0 0 
0.0007 0.0035 0.0024 0.0007 0.0002 0 0 0 0 0 0.0235 0.9626 0.0038 0 0 0 0 0.0009 0.0012 0 0.0001 0 0 0 0 0.0003 0 0 0 0 
0.0011 0.0054 0.0036 0.0009 0.0002 0 0 0 0 0 0.0257 0.956 0.0041 0 0 0 0 0.0011 0.0013 0 0.0001 0 0 0 0 0.0004 0.0001 0 0 0 
0.0002 0.001 0.0006 0.0002 0 0 0 0 0 0 0.0051 0.9813 0.011 0 0 0 0 0.0002 0.0003 0 0 0 0 0 0 0.0001 0 0 0 0 
0.0002 0.0008 0.0006 0.0002 0 0 0 0 0 0 0.0057 0.9788 0.0132 0 0 0 0 0.0002 0.0003 0 0 0 0 0 0 0.0001 0 0 0 0 
0 0.0002 0.0001 0 0 0 0 0 0 0 0.0013 0.9468 0.0513 0.0001 0 0 0 0 0.0001 0 0 0 0 0 0 0 0 0 0 0 
0 0.0002 0.0001 0 0 0 0 0 0 0 0.001 0.954 0.0444 0.0001 0 0 0 0 0 0 0 0 0 0 0 0 0 0 0 0 
0 0 0 0 0 0 0 0 0 0 0.0003 0.8119 0.1871 0.0006 0 0 0 0 0 0 0 0 0 0 0 0 0 0 0 0 
0 0 0 0 0 0 0 0 0 0 0.0002 0.8294 0.1698 0.0005 0 0 0 0 0 0 0 0 0 0 0 0 0 0 0 0 
0 0 0 0 0 0 0 0 0 0 0.0001 0.1725 0.8247 0.0027 0 0 0 0 0 0 0 0 0 0 0 0 0 0 0 0 
0 0 0 0 0 0 0 0 0 0 0 0.1507 0.8466 0.0026 0 0 0 0 0 0 0 0 0 0 0 0 0 0 0 0 
0 0 0 0 0 0 0 0 0 0 0 0.0456 0.9407 0.0135 0 0 0 0 0 0 0 0 0 0 0 0 0 0 0 0 
0 0 0 0 0 0 0 0 0 0 0 0.0511 0.9337 0.0151 0 0 0 0 0 0 0 0 0 0 0 0 0 0 0 0 
0 0 0 0 0 0 0 0 0 0 0 0.0127 0.9422 0.0447 0.0001 0.0002 0.0001 0 0 0 0 0 0 0 0 0 0 0 0 0 
0 0 0 0 0 0 0 0 0 0 0.0001 0.1891 0.8082 0.0026 0 0 0 0 0 0 0 0 0 0 0 0 0 0 0 0 
0 0 0 0 0 0 0 0 0 0 0 0.0466 0.9412 0.0121 0 0 0 0 0 0 0 0 0 0 0 0 0 0 0 0 
0 0 0 0 0 0 0 0 0 0 0 0.0123 0.9415 0.0457 0.0001 0.0002 0.0001 0 0 0 0 0 0 0 0 0 0 0 0 0 
0 0 0 0 0 0 0 0 0 0 0 0.0029 0.8219 0.1738 0.0004 0.0006 0.0003 0 0 0 0 0 0 0 0 0 0 0 0 0 
0 0 0 0 0 0 0 0 0 0 0 0.0134 0.9459 0.0404 0.0001 0.0001 0.0001 0 0 0 0 0 0 0 0 0 0 0 0 0 
0 0 0 0 0 0 0 0 0 0 0 0.0028 0.8405 0.1558 0.0003 0.0004 0.0002 0 0 0 0 0 0 0 0 0 0 0 0 0 
0 0 0 0 0 0 0 0 0 0 0 0.0004 0.1115 0.8842 0.0012 0.0018 0.0009 0 0 0 0 0 0 0 0 0 0 0 0 0 
0 0 0 0 0 0 0 0 0 0 0 0.0004 0.1329 0.8594 0.0017 0.0036 0.0019 0 0 0 0 0 0 0 0 0 0 0 0 0 
0 0 0 0 0 0 0 0 0 0 0 0.0029 0.8138 0.1816 0.0005 0.0008 0.0005 0 0 0 0 0 0 0 0 0 0 0 0 0 
0 0 0 0 0 0 0 0 0 0 0 0.0114 0.9437 0.0445 0.0001 0.0002 0.0001 0 0 0 0 0 0 0 0 0 0 0 0 0 
0 0 0 0 0 0 0 0 0 0 0 0.0453 0.9435 0.0111 0 0 0 0 0 0 0 0 0 0 0 0 0 0 0 0 
0 0 0 0 0 0 0 0 0 0 0 0.002 0.8633 0.1342 0.0002 0.0002 0.0001 0 0 0 0 0 0 0 0 0 0 0 0 0 
0 0 0 0 0 0 0 0 0 0 0 0.0002 0.092 0.9054 0.0013 0.0007 0.0003 0 0 0 0 0 0 0 0 0 0 0 0 0 
0 0 0 0 0 0 0 0 0 0 0 0 0.0102 0.9762 0.0087 0.0036 0.0012 0 0 0 0 0 0 0 0 0 0 0 0 0 
0 0 0 0 0 0 0 0 0 0 0 0 0.0121 0.9662 0.0061 0.0114 0.0042 0 0 0 0 0 0 0 0 0 0 0 0 0 
0 0 0 0 0 0 0 0 0 0 0 0.0001 0.0228 0.943 0.006 0.0194 0.0088 0 0 0 0 0 0 0 0 0 0 0 0 0 
0 0 0 0 0 0 0 0 0 0 0 0.0005 0.1459 0.8437 0.0023 0.0049 0.0028 0 0 0 0 0 0 0 0 0 0 0 0 0 
0 0 0 0 0 0 0 0 0 0 0 0 0.0074 0.7663 0.0848 0.0603 0.0812 0 0 0 0 0 0 0 0 0 0 0 0 0 
0 0 0 0 0 0 0 0 0 0 0 0 0.0063 0.8069 0.1272 0.0236 0.036 0 0 0 0 0 0 0 0 0 0 0 0 0 
0 0 0 0 0 0 0 0 0 0 0 0 0.0031 0.345 0.2116 0.1445 0.2958 0 0 0 0 0 0 0 0 0 0 0 0 0 
0 0 0 0 0 0 0 0 0 0 0 0 0.0094 0.7838 0.0374 0.104 0.0654 0 0 0 0 0 0 0 0 0 0 0 0 0 
0 0 0 0 0 0 0 0 0 0 0 0.0001 0.032 0.9118 0.0157 0.0234 0.0169 0 0 0 0 0 0 0 0 0 0 0 0 0 
0 0 0 0 0 0 0 0 0 0 0 0.0001 0.0332 0.911 0.0121 0.0269 0.0166 0 0 0 0 0 0 0 0 0 0 0 0 0 
0 0 0 0 0 0 0 0 0 0 0 0.0005 0.1529 0.8355 0.003 0.0049 0.0032 0 0 0 0 0 0 0 0 0 0 0 0 0 
0 0 0 0 0 0 0 0 0 0 0 0.0001 0.0271 0.9215 0.0087 0.0281 0.0145 0 0 0 0 0 0 0 0 0 0 0 0 0 
0 0 0 0 0 0 0 0 0 0 0 0 0.0057 0.8353 0.0166 0.1008 0.0417 0 0 0 0 0 0 0 0 0 0 0 0 0 
0 0 0 0 0 0 0 0 0 0 0 0 0.0068 0.7717 0.0224 0.1362 0.0629 0 0 0 0 0 0 0 0 0 0 0 0 0 
0 0 0 0 0 0 0 0 0 0 0 0 0.0025 0.2749 0.0646 0.4367 0.2214 0 0 0 0 0 0 0 0 0 0 0 0 0 
0 0 0 0 0 0 0 0 0 0 0 0 0.0024 0.3739 0.0323 0.4204 0.171 0 0 0 0 0 0 0 0 0 0 0 0 0 
0 0 0 0 0 0 0 0 0 0 0 0 0.001 0.1682 0.0291 0.4631 0.3385 0 0 0 0 0 0 0 0 0 0 0 0 0 
0 0 0 0 0 0 0 0 0 0 0 0 0.002 0.5702 0.0252 0.2845 0.1181 0 0 0 0 0 0 0 0 0 0 0 0 0 
0 0 0 0 0 0 0 0 0 0 0 0 0.0009 0.2165 0.0259 0.5038 0.2529 0 0 0 0 0 0 0 0 0 0 0 0 0 
0 0 0 0 0 0 0 0 0 0 0 0 0.0006 0.1224 0.0232 0.4669 0.3869 0 0 0 0 0 0 0 0 0 0 0 0 0 
0 0 0 0 0 0 0 0 0 0 0 0 0.0006 0.1108 0.0259 0.3647 0.498 0 0 0 0 0 0 0 0 0 0 0 0 0 
0 0 0 0 0 0 0 0 0 0 0 0 0.0004 0.0762 0.0211 0.3659 0.5365 0 0 0 0 0 0 0 0 0 0 0 0 0 
0 0 0 0 0 0 0 0 0 0 0 0 0.0004 0.0748 0.0235 0.3034 0.5979 0 0 0 0 0 0 0 0 0 0 0 0 0 
0 0 0 0 0 0 0 0 0 0 0 0 0.0003 0.0602 0.0215 0.3141 0.604 0 0 0 0 0 0 0 0 0 0 0 0 0 
0 0 0 0 0 0 0 0 0 0 0 0 0.0003 0.0587 0.0223 0.279 0.6396 0 0 0 0 0 0 0 0 0 0 0 0 0 
0 0 0 0 0 0 0 0 0 0 0 0 0.0006 0.0939 0.0319 0.287 0.5866 0 0 0 0 0 0 0 0 0 0 0 0 0 
0 0 0 0 0 0 0 0 0 0 0 0 0.0004 0.0568 0.0382 0.2153 0.6893 0 0 0 0 0 0 0 0 0 0 0 0 0 
0 0 0 0 0 0 0 0 0 0 0 0 0.0004 0.0729 0.0294 0.2728 0.6244 0 0 0 0 0 0 0 0 0 0 0 0 0 
0 0 0 0 0 0 0 0 0 0 0 0 0.0009 0.1205 0.0492 0.2856 0.5438 0 0 0 0 0 0 0 0 0 0 0 0 0 
0 0 0 0 0 0 0 0 0 0 0 0 0.0004 0.0457 0.1021 0.0412 0.8106 0 0 0 0 0 0 0 0 0 0 0 0 0 
0 0 0 0 0 0 0 0 0 0 0 0 0 0.0036 0.0307 0.0118 0.9539 0 0 0 0 0 0 0 0 0 0 0 0 0 
0 0 0 0 0 0 0 0 0 0 0 0 0 0.0081 0.8737 0.0102 0.108 0 0 0 0 0 0 0 0 0 0 0 0 0 
0 0 0 0 0 0 0 0 0 0 0 0 0 0.0094 0.5744 0.0441 0.3721 0 0 0 0 0 0 0 0 0 0 0 0 0 
0 0 0 0 0 0 0 0 0 0 0 0 0 0.0084 0.3321 0.0592 0.6003 0 0 0 0 0 0 0 0 0 0 0 0 0 
0 0 0 0 0 0 0 0 0 0 0 0 0 0.0071 0.1065 0.0663 0.82 0 0 0 0 0 0 0 0 0 0 0 0 0 
0 0 0 0 0 0 0 0 0 0 0 0 0.0001 0.0182 0.0525 0.159 0.7702 0 0 0 0 0 0 0 0 0 0 0 0 0 
0 0 0 0 0 0 0 0 0 0 0 0 0.0001 0.0185 0.0531 0.1563 0.772 0 0 0 0 0 0 0 0 0 0 0 0 0 
0 0 0 0 0 0 0 0 0 0 0 0 0.0001 0.0178 0.055 0.1565 0.7706 0 0 0 0 0 0 0 0 0 0 0 0 0 
0 0 0 0 0 0 0 0 0 0 0 0 0.0001 0.0189 0.0549 0.1478 0.7783 0 0 0 0 0 0 0 0 0 0 0 0 0 
0 0 0 0 0 0 0 0 0 0 0 0 0.0001 0.0167 0.0621 0.1472 0.7739 0 0 0 0 0 0 0 0 0 0 0 0 0 
0 0 0 0 0 0 0 0 0 0 0 0 0.0001 0.0181 0.055 0.1158 0.8111 0 0 0 0 0 0 0 0 0 0 0 0 0 
0 0 0 0 0 0 0 0 0 0 0 0 0.0001 0.0131 0.0798 0.1161 0.791 0 0 0 0 0 0 0 0 0 0 0 0 0 
0 0 0 0 0 0 0 0 0 0 0 0 0 0.0118 0.0943 0.158 0.7359 0 0 0 0 0 0 0 0 0 0 0 0 0 
0 0 0 0 0 0 0 0 0 0 0 0 0 0.0111 0.157 0.1682 0.6637 0 0 0 0 0 0 0 0 0 0 0 0 0 
0 0 0 0 0 0 0 0 0 0 0 0 0 0.0113 0.2651 0.1367 0.587 0 0 0 0 0 0 0 0 0 0 0 0 0 
0 0 0 0 0 0 0 0 0 0 0 0 0 0.0089 0.2563 0.0814 0.6533 0 0 0 0 0 0 0 0 0 0 0 0 0 
0 0 0 0 0 0 0 0 0 0 0 0 0.0002 0.0273 0.0446 0.1585 0.7694 0 0 0 0 0 0 0 0 0 0 0 0 0 
0 0 0 0 0 0 0 0 0 0 0 0 0.0001 0.0207 0.0494 0.1558 0.774 0 0 0 0 0 0 0 0 0 0 0 0 0 
0 0 0 0 0 0 0 0 0 0 0 0 0.0001 0.019 0.0511 0.158 0.7718 0 0 0 0 0 0 0 0 0 0 0 0 0 
0 0 0 0 0 0 0 0 0 0 0 0 0.0001 0.0184 0.0522 0.1589 0.7705 0 0 0 0 0 0 0 0 0 0 0 0 0 
0 0 0 0 0 0 0 0 0 0 0 0 0.0001 0.019 0.0498 0.1598 0.7713 0 0 0 0 0 0 0 0 0 0 0 0 0 
0 0 0 0 0 0 0 0 0 0 0 0 0.0001 0.0185 0.0517 0.1592 0.7706 0 0 0 0 0 0 0 0 0 0 0 0 0 
0 0 0 0 0 0 0 0 0 0 0 0 0.0001 0.0183 0.0519 0.1595 0.7702 0 0 0 0 0 0 0 0 0 0 0 0 0 
0 0 0 0 0 0 0 0 0 0 0 0 0.0001 0.0184 0.0518 0.1595 0.7702 0 0 0 0 0 0 0 0 0 0 0 0 0 
0 0 0 0 0 0 0 0 0 0 0 0 0.0001 0.0183 0.0518 0.1596 0.7701 0 0 0 0 0 0 0 0 0 0 0 0 0 
0 0 0 0 0 0 0 0 0 0 0 0 0.0001 0.0185 0.0514 0.1596 0.7704 0 0 0 0 0 0 0 0 0 0 0 0 0 
0 0 0 0 0 0 0 0 0 0 0 0 0.0001 0.0184 0.0517 0.1596 0.7702 0 0 0 0 0 0 0 0 0 0 0 0 0 
0 0 0 0 0 0 0 0 0 0 0 0 0.0001 0.0184 0.0518 0.1597 0.7701 0 0 0 0 0 0 0 0 0 0 0 0 0 
0 0 0 0 0 0 0 0 0 0 0 0 0.0001 0.0183 0.0518 0.1596 0.7701 0 0 0 0 0 0 0 0 0 0 0 0 0 
0 0 0 0 0 0 0 0 0 0 0 0 0.0001 0.0183 0.0518 0.1596 0.7701 0 0 0 0 0 0 0 0 0 0 0 0 0 
0 0 0 0 0 0 0 0 0 0 0 0 0.0001 0.0183 0.0518 0.1596 0.7701 0 0 0 0 0 0 0 0 0 0 0 0 0 
0 0 0 0 0 0 0 0 0 0 0 0 0.0001 0.0183 0.052 0.1595 0.7701 0 0 0 0 0 0 0 0 0 0 0 0 0 
0 0 0 0 0 0 0 0 0 0 0 0 0.0001 0.0183 0.0518 0.1596 0.7701 0 0 0 0 0 0 0 0 0 0 0 0 0 
0 0 0 0 0 0 0 0 0 0 0 0 0.0001 0.0153 0.0654 0.1601 0.7591 0 0 0 0 0 0 0 0 0 0 0 0 0 
0 0 0 0 0 0 0 0 0 0 0 0 0.0001 0.0174 0.0553 0.1597 0.7675 0 0 0 0 0 0 0 0 0 0 0 0 0 
0 0 0 0 0 0 0 0 0 0 0 0 0.0001 0.0181 0.0525 0.1597 0.7696 0 0 0 0 0 0 0 0 0 0 0 0 0 
0 0 0 0 0 0 0 0 0 0 0 0 0.0001 0.0183 0.052 0.1596 0.77 0 0 0 0 0 0 0 0 0 0 0 0 0 
0 0 0 0 0 0 0 0 0 0 0 0 0.0001 0.0183 0.0519 0.1597 0.7701 0 0 0 0 0 0 0 0 0 0 0 0 0 
0 0 0 0 0 0 0 0 0 0 0 0 0 0 0 0 0 0 0 0 0 0 0.0001 0.0155 0.9844 0 0 0 0 0 
0 0 0 0 0 0 0 0 0 0 0 0 0 0 0 0 0 0 0 0 0 0 0.0002 0.029 0.9708 0 0 0 0 0 
0 0 0 0 0 0 0 0 0 0 0 0 0 0 0 0 0 0 0 0 0 0 0.0001 0.017 0.9828 0 0 0 0 0 
0 0 0 0 0 0 0 0 0 0 0 0 0 0 0 0 0 0 0 0 0 0 0.0002 0.0292 0.9706 0 0 0 0 0 
0 0 0 0 0 0 0 0 0 0 0 0 0 0 0 0 0 0 0 0 0 0 0.0006 0.1218 0.8776 0 0 0 0 0 
0 0 0 0 0 0 0 0 0 0 0 0 0 0 0 0 0 0 0 0 0 0 0.0016 0.3832 0.6152 0 0 0 0 0 
0 0 0 0 0 0 0 0 0 0 0 0 0 0 0 0 0 0 0 0 0 0 0.0027 0.6548 0.3425 0 0 0 0 0 
0 0 0 0 0 0 0 0 0 0 0 0 0 0 0 0 0 0 0 0 0 0 0.0011 0.5274 0.4716 0 0 0 0 0 
0 0 0 0 0 0 0 0 0 0 0 0 0 0 0 0 0 0 0 0 0 0 0.0031 0.6918 0.3051 0 0 0 0 0 
0 0 0 0 0 0 0 0 0 0 0 0 0 0 0 0 0 0 0 0 0 0 0.0012 0.2306 0.7682 0 0 0 0 0 
0 0 0 0 0 0 0 0 0 0 0 0 0 0 0 0 0 0 0 0 0 0 0.0005 0.1442 0.8553 0 0 0 0 0 
0 0 0 0 0 0 0 0 0 0 0 0 0 0 0 0 0 0 0 0 0 0 0.0005 0.0729 0.9266 0 0 0 0 0 
0 0 0 0 0 0 0 0 0 0 0 0 0 0 0 0 0 0 0 0 0 0 0.0002 0.036 0.9638 0 0 0 0 0 
0 0 0 0 0 0 0 0 0 0 0 0 0 0 0 0 0 0 0 0 0 0 0.0141 0.8812 0.1048 0 0 0 0 0 
0 0 0 0 0 0 0 0 0 0 0 0 0 0 0 0 0 0 0 0 0 0 0.0511 0.9148 0.0341 0 0 0 0 0 
0 0 0 0 0 0 0 0 0 0 0 0 0 0 0 0 0 0 0 0 0 0 0.1443 0.844 0.0117 0 0 0 0 0 
0 0 0 0 0 0 0 0 0 0 0 0 0 0 0 0 0 0 0 0 0 0 0.1549 0.8349 0.0102 0 0 0 0 0 
0 0 0 0 0 0 0 0 0 0 0 0 0 0 0 0 0 0 0 0 0 0 0.1328 0.8545 0.0128 0 0 0 0 0 
0 0 0 0 0 0 0 0 0 0 0 0 0 0 0 0 0 0 0 0 0 0 0.1054 0.8773 0.0174 0 0 0 0 0 
0 0 0 0 0 0 0 0 0 0 0 0 0 0 0 0 0 0 0 0 0 0 0.1094 0.8731 0.0174 0 0 0 0 0 
0 0 0 0 0 0 0 0 0 0 0 0 0 0 0 0 0 0 0 0 0 0 0.0728 0.9008 0.0264 0 0 0 0 0 
0 0 0 0 0 0 0 0 0 0 0 0 0 0 0 0 0 0 0 0 0 0 0.043 0.9119 0.0451 0 0 0 0 0 
0 0 0 0 0 0 0 0 0 0 0 0 0 0 0 0 0 0 0 0 0 0 0.0135 0.8689 0.1176 0 0 0 0 0 
0 0 0 0 0 0 0 0 0 0 0 0 0 0 0 0 0 0 0 0 0 0 0.0051 0.8038 0.1911 0 0 0 0 0 
0 0 0 0 0 0 0 0 0 0 0 0 0 0 0 0 0 0 0 0 0 0 0.0188 0.918 0.0633 0 0 0 0 0 
0 0 0 0 0 0 0 0 0 0 0 0 0 0 0 0 0 0 0 0 0 0 0.0597 0.9129 0.0274 0 0 0 0 0 
0 0 0 0 0 0 0 0 0 0 0 0 0 0 0 0 0 0 0 0 0 0 0.0822 0.8957 0.0221 0 0 0 0 0 
0 0 0 0 0 0 0 0 0 0 0 0 0 0 0 0 0 0 0 0 0 0 0.1074 0.8762 0.0164 0 0 0 0 0 
0 0 0 0 0 0 0 0 0 0 0 0 0 0 0 0 0 0 0 0 0 0 0.1135 0.8717 0.0148 0 0 0 0 0 
0 0 0 0 0 0 0 0 0 0 0 0 0 0 0 0 0 0 0 0 0 0 0.1284 0.8586 0.013 0 0 0 0 0 
0 0 0 0 0 0 0 0 0 0 0 0 0 0 0 0 0 0 0 0 0 0 0.1434 0.8457 0.011 0 0 0 0 0 
0.0004 0.0022 0.0036 0.0046 0.002 0 0 0 0 0 0.2016 0.126 0 0 0 0 0 0.0272 0.5994 0.0329 0 0 0 0 0 0.0001 0 0 0 0 
0.0006 0.0041 0.0068 0.0069 0.0032 0 0 0 0 0 0.1713 0.091 0 0 0 0 0 0.0349 0.65 0.0309 0.0001 0 0 0 0 0.0001 0 0 0 0 
0.0003 0.0022 0.0037 0.0051 0.0024 0 0 0 0 0 0.092 0.0519 0 0 0 0 0 0.0223 0.7602 0.0596 0 0 0 0 0 0.0001 0 0 0 0 
0.0005 0.0032 0.0056 0.0081 0.004 0 0 0 0 0 0.0772 0.0397 0 0 0 0 0 0.0305 0.7705 0.0605 0.0001 0 0 0 0 0.0001 0 0 0 0 
0.0003 0.0017 0.0029 0.0056 0.0028 0 0 0 0 0 0.039 0.0208 0 0 0 0 0 0.017 0.7916 0.1183 0 0 0 0 0 0 0 0 0 0 
0.0006 0.0038 0.0067 0.0123 0.0061 0 0 0 0 0 0.0578 0.028 0 0 0 0 0 0.0379 0.779 0.0675 0.0001 0 0 0 0 0.0001 0 0 0 0 
0.0003 0.0021 0.0036 0.0085 0.0044 0 0 0 0 0 0.032 0.0161 0 0 0 0 0 0.021 0.7856 0.1263 0 0 0 0 0 0.0001 0 0 0 0 
0.0002 0.001 0.0017 0.0041 0.0021 0 0 0 0 0 0.0211 0.0114 0 0 0 0 0 0.0104 0.7358 0.2122 0 0 0 0 0 0 0 0 0 0 
0.0002 0.0011 0.002 0.0059 0.0031 0 0 0 0 0 0.0173 0.0089 0 0 0 0 0 0.0119 0.7272 0.2221 0 0 0 0 0 0 0 0 0 0 
0.0006 0.004 0.0071 0.0173 0.0088 0 0 0 0 0 0.041 0.0191 0 0 0 0 0 0.041 0.7795 0.0813 0.0001 0 0 0 0 0.0001 0 0 0 0 
0.0003 0.0022 0.0039 0.0116 0.0061 0 0 0 0 0 0.0247 0.012 0 0 0 0 0 0.0228 0.7762 0.14 0.0001 0 0 0 0 0.0001 0 0 0 0 
0.0002 0.0012 0.0021 0.0076 0.0041 0 0 0 0 0 0.0141 0.007 0 0 0 0 0 0.0125 0.713 0.2381 0 0 0 0 0 0 0 0 0 0 
0.0001 0.0006 0.0011 0.0039 0.0021 0 0 0 0 0 0.0095 0.0049 0 0 0 0 0 0.0068 0.6124 0.3583 0 0 0 0 0 0 0 0 0 0 
0.0001 0.0007 0.0012 0.0049 0.0027 0 0 0 0 0 0.008 0.004 0 0 0 0 0 0.0071 0.5959 0.3754 0 0 0 0 0 0 0 0 0 0 
0.0001 0.0004 0.0007 0.0027 0.0015 0 0 0 0 0 0.0055 0.0028 0 0 0 0 0 0.0041 0.4746 0.5076 0 0 0 0 0 0 0 0 0 0 
0.0001 0.0005 0.0008 0.0038 0.0022 0 0 0 0 0 0.0051 0.0026 0 0 0 0 0 0.0048 0.4446 0.5357 0 0 0 0 0 0 0 0 0 0 
0.0001 0.0003 0.0006 0.0025 0.0014 0 0 0 0 0 0.0045 0.0023 0 0 0 0 0 0.0036 0.3815 0.6032 0 0 0 0 0 0 0 0 0 0 
0.0001 0.0004 0.0006 0.0031 0.0017 0 0 0 0 0 0.004 0.0021 0 0 0 0 0 0.0037 0.3608 0.6236 0 0 0 0 0 0 0 0 0 0 
0.0001 0.0004 0.0007 0.004 0.0023 0 0 0 0 0 0.0043 0.0021 0 0 0 0 0 0.0045 0.4089 0.5726 0 0 0 0 0 0 0 0 0 0 
0.0001 0.0007 0.0012 0.0058 0.0033 0 0 0 0 0 0.0069 0.0034 0 0 0 0 0 0.0072 0.5836 0.3879 0 0 0 0 0 0 0 0 0 0 
0.0002 0.0012 0.0021 0.0091 0.005 0 0 0 0 0 0.0117 0.0057 0 0 0 0 0 0.0126 0.7018 0.2505 0 0 0 0 0 0 0 0 0 0 
0.0003 0.0022 0.0039 0.0143 0.0077 0 0 0 0 0 0.0194 0.0092 0 0 0 0 0 0.0227 0.767 0.1531 0.0001 0 0 0 0 0.0001 0 0 0 0 
0.0006 0.0038 0.0068 0.0215 0.0113 0 0 0 0 0 0.0302 0.0138 0 0 0 0 0 0.0397 0.7787 0.0935 0.0001 0 0 0 0 0.0001 0 0 0 0 
0.0001 0.0007 0.0012 0.0064 0.0037 0 0 0 0 0 0.0062 0.003 0 0 0 0 0 0.0072 0.5805 0.3909 0 0 0 0 0 0 0 0 0 0 
0.0001 0.0004 0.0008 0.0044 0.0025 0 0 0 0 0 0.0042 0.0021 0 0 0 0 0 0.0047 0.4207 0.5601 0 0 0 0 0 0 0 0 0 0 
0 0.0003 0.0005 0.0032 0.0018 0 0 0 0 0 0.0032 0.0016 0 0 0 0 0 0.0033 0.3162 0.6698 0 0 0 0 0 0 0 0 0 0 
0 0.0002 0.0004 0.0025 0.0014 0 0 0 0 0 0.0025 0.0012 0 0 0 0 0 0.0026 0.2483 0.7408 0 0 0 0 0 0 0 0 0 0 
0 0.0003 0.0004 0.002 0.0011 0 0 0 0 0 0.0034 0.0018 0 0 0 0 0 0.0027 0.2878 0.7004 0 0 0 0 0 0 0 0 0 0 
0 0.0003 0.0005 0.0024 0.0014 0 0 0 0 0 0.0031 0.0016 0 0 0 0 0 0.0028 0.2782 0.7098 0 0 0 0 0 0 0 0 0 0 
0 0.0002 0.0003 0.0015 0.0009 0 0 0 0 0 0.0021 0.0011 0 0 0 0 0 0.0018 0.1879 0.8041 0 0 0 0 0 0 0 0 0 0 
0 0.0002 0.0003 0.0016 0.0009 0 0 0 0 0 0.0019 0.001 0 0 0 0 0 0.0018 0.1822 0.8099 0 0 0 0 0 0 0 0 0 0 
0 0.0001 0.0002 0.001 0.0006 0 0 0 0 0 0.0012 0.0006 0 0 0 0 0 0.0011 0.1118 0.8834 0 0 0 0 0 0 0 0 0 0 
0 0.0002 0.0003 0.0017 0.001 0 0 0 0 0 0.0018 0.0009 0 0 0 0 0 0.0018 0.1773 0.815 0 0 0 0 0 0 0 0 0 0 
0 0.0002 0.0004 0.0024 0.0014 0 0 0 0 0 0.0026 0.0013 0 0 0 0 0 0.0026 0.2536 0.7353 0 0 0 0 0 0 0 0 0 0 
0 0.0003 0.0006 0.0031 0.0018 0 0 0 0 0 0.0033 0.0017 0 0 0 0 0 0.0034 0.3211 0.6647 0 0 0 0 0 0 0 0 0 0 
0.0001 0.0003 0.0006 0.0031 0.0018 0 0 0 0 0 0.0036 0.0018 0 0 0 0 0 0.0035 0.3354 0.6498 0 0 0 0 0 0 0 0 0 0 
0 0.0003 0.0004 0.0024 0.0014 0 0 0 0 0 0.0028 0.0014 0 0 0 0 0 0.0027 0.2642 0.7243 0 0 0 0 0 0 0 0 0 0 
0 0 0 0 0 0 0 0 0 0 0 0 0 0 0 0 0 0 0 0 0 0 0 0 0 0 0.0034 0.9959 0.0007 0 
0 0 0 0 0 0 0 0 0 0 0 0 0 0 0 0 0 0 0 0 0 0 0 0 0 0 0.0116 0.9882 0.0002 0 
0 0 0 0 0 0 0 0 0 0 0 0 0.0003 0.0492 0.0228 0.2607 0.667 0 0 0 0 0 0 0 0 0 0 0 0 0 
0 0 0 0 0 0 0 0 0 0 0 0 0.0003 0.0578 0.0254 0.2683 0.6483 0 0 0 0 0 0 0 0 0 0 0 0 0 
0 0 0 0 0 0 0 0 0 0 0 0 0.0003 0.0545 0.0274 0.2615 0.6563 0 0 0 0 0 0 0 0 0 0 0 0 0 
0 0 0 0 0 0 0 0 0 0 0 0 0.0003 0.0491 0.022 0.2582 0.6704 0 0 0 0 0 0 0 0 0 0 0 0 0 
0 0 0 0 0 0 0 0 0 0 0 0 0.0002 0.046 0.0209 0.2518 0.6811 0 0 0 0 0 0 0 0 0 0 0 0 0 
0 0 0 0 0 0 0 0 0 0 0 0 0.0002 0.0457 0.0206 0.2497 0.6837 0 0 0 0 0 0 0 0 0 0 0 0 0 
0 0 0 0 0 0 0 0 0 0 0 0 0.0002 0.0441 0.0199 0.2432 0.6926 0 0 0 0 0 0 0 0 0 0 0 0 0 
0 0 0 0 0 0 0 0 0 0 0 0 0.0002 0.0438 0.0197 0.2415 0.6948 0 0 0 0 0 0 0 0 0 0 0 0 0 
0 0 0 0 0 0 0 0 0 0 0 0 0.0002 0.0428 0.0193 0.2366 0.7012 0 0 0 0 0 0 0 0 0 0 0 0 0 
0 0 0 0 0 0 0 0 0 0 0 0 0.0002 0.042 0.0189 0.2326 0.7062 0 0 0 0 0 0 0 0 0 0 0 0 0 
0 0 0 0 0 0 0 0 0 0 0 0 0.0002 0.0426 0.0192 0.2356 0.7025 0 0 0 0 0 0 0 0 0 0 0 0 0 
0 0 0 0 0 0 0 0 0 0 0 0 0.0002 0.0424 0.0191 0.2343 0.704 0 0 0 0 0 0 0 0 0 0 0 0 0 
0 0 0 0 0 0 0 0 0 0 0 0 0.0002 0.0434 0.0195 0.2397 0.6972 0 0 0 0 0 0 0 0 0 0 0 0 0 
0 0 0 0 0 0 0 0 0 0 0 0 0.0002 0.0454 0.0201 0.2477 0.6865 0 0 0 0 0 0 0 0 0 0 0 0 0 
0 0 0 0 0 0 0 0 0 0 0 0 0.0003 0.0486 0.0207 0.2556 0.6748 0 0 0 0 0 0 0 0 0 0 0 0 0 
0 0 0 0 0 0 0 0 0 0 0 0 0.0003 0.0492 0.0203 0.2674 0.6629 0 0 0 0 0 0 0 0 0 0 0 0 0 
0 0 0 0 0 0 0 0 0 0 0 0 0.0002 0.0447 0.0197 0.2465 0.6888 0 0 0 0 0 0 0 0 0 0 0 0 0 
0 0 0 0 0 0 0 0 0 0 0 0 0.0002 0.0429 0.0192 0.2369 0.7008 0 0 0 0 0 0 0 0 0 0 0 0 0 
0 0 0 0 0 0 0 0 0 0 0 0 0.0002 0.0421 0.0189 0.233 0.7057 0 0 0 0 0 0 0 0 0 0 0 0 0 
0 0 0 0 0 0 0 0 0 0 0 0 0.0002 0.0417 0.0187 0.2306 0.7087 0 0 0 0 0 0 0 0 0 0 0 0 0 
0 0 0 0 0 0 0 0 0 0 0 0 0.0002 0.0416 0.0187 0.2304 0.709 0 0 0 0 0 0 0 0 0 0 0 0 0 
0 0 0 0 0 0 0 0 0 0 0 0 0.0002 0.0418 0.0188 0.2314 0.7077 0 0 0 0 0 0 0 0 0 0 0 0 0 
0 0 0 0 0 0 0 0 0 0 0 0 0.0002 0.0416 0.0187 0.2305 0.7089 0 0 0 0 0 0 0 0 0 0 0 0 0 
0 0 0 0 0 0 0 0 0 0 0 0 0.0002 0.0418 0.0188 0.2317 0.7074 0 0 0 0 0 0 0 0 0 0 0 0 0 
0 0 0 0 0 0 0 0 0 0 0 0 0.0002 0.0422 0.019 0.2339 0.7046 0 0 0 0 0 0 0 0 0 0 0 0 0 
0 0 0 0 0 0 0 0 0 0 0 0 0.0002 0.0429 0.0194 0.2378 0.6997 0 0 0 0 0 0 0 0 0 0 0 0 0 
0 0 0 0 0 0 0 0 0 0 0 0 0.0002 0.0442 0.02 0.2452 0.6903 0 0 0 0 0 0 0 0 0 0 0 0 0 
0 0 0 0 0 0 0 0 0 0 0 0 0.0002 0.0465 0.0228 0.2808 0.6496 0 0 0 0 0 0 0 0 0 0 0 0 0 
0 0 0 0 0 0 0 0 0 0 0 0 0.0003 0.0464 0.0273 0.2637 0.6624 0 0 0 0 0 0 0 0 0 0 0 0 0 
0 0 0 0 0 0 0 0 0 0 0 0 0.0002 0.0421 0.0248 0.2985 0.6344 0 0 0 0 0 0 0 0 0 0 0 0 0 
0 0 0 0 0 0 0 0 0 0 0 0 0.0003 0.0477 0.0234 0.2671 0.6616 0 0 0 0 0 0 0 0 0 0 0 0 0 
0 0 0 0 0 0 0 0 0 0 0 0 0.0002 0.0458 0.0212 0.2608 0.6719 0 0 0 0 0 0 0 0 0 0 0 0 0 
0 0 0 0 0 0 0 0 0 0 0 0 0.0002 0.046 0.0212 0.2559 0.6766 0 0 0 0 0 0 0 0 0 0 0 0 0 
0 0 0 0 0 0 0 0 0 0 0 0 0.0002 0.0443 0.0201 0.2468 0.6887 0 0 0 0 0 0 0 0 0 0 0 0 0 
0 0 0 0 0 0 0 0 0 0 0 0 0.0002 0.0431 0.0194 0.2389 0.6983 0 0 0 0 0 0 0 0 0 0 0 0 0 
0 0 0 0 0 0 0 0 0 0 0 0 0.0002 0.0425 0.0191 0.2352 0.703 0 0 0 0 0 0 0 0 0 0 0 0 0 
0 0 0 0 0 0 0 0 0 0 0 0 0.0002 0.0408 0.0313 0.2358 0.6919 0 0 0 0 0 0 0 0 0 0 0 0 0 
0 0 0 0 0 0 0 0 0 0 0 0 0.0002 0.0319 0.0261 0.2859 0.656 0 0 0 0 0 0 0 0 0 0 0 0 0 
0 0 0 0 0 0 0 0 0 0 0 0 0.0001 0.0234 0.0329 0.2133 0.7303 0 0 0 0 0 0 0 0 0 0 0 0 0 
0 0 0 0 0 0 0 0 0 0 0 0 0.0002 0.0266 0.034 0.1752 0.7641 0 0 0 0 0 0 0 0 0 0 0 0 0 
0 0 0 0 0 0 0 0 0 0 0 0 0.0001 0.0208 0.0448 0.1616 0.7727 0 0 0 0 0 0 0 0 0 0 0 0 0 
0 0 0 0 0 0 0 0 0 0 0 0 0.0001 0.0187 0.0411 0.1642 0.7758 0 0 0 0 0 0 0 0 0 0 0 0 0 
0 0 0 0 0 0 0 0 0 0 0 0 0.0001 0.0187 0.049 0.1617 0.7705 0 0 0 0 0 0 0 0 0 0 0 0 0 
0 0 0 0 0 0 0 0 0 0 0 0 0.0001 0.0184 0.0512 0.1601 0.7701 0 0 0 0 0 0 0 0 0 0 0 0 0 
0 0 0 0 0 0 0 0 0 0 0 0 0.0001 0.0184 0.0517 0.1598 0.7701 0 0 0 0 0 0 0 0 0 0 0 0 0 
0 0 0 0 0 0 0 0 0 0 0 0 0.0001 0.0184 0.0517 0.1597 0.7701 0 0 0 0 0 0 0 0 0 0 0 0 0 
0.0187 0.0936 0.0523 0.1298 0.6665 0.001 0 0 0 0 0.0091 0.002 0 0 0 0 0 0.0081 0.0076 0.0002 0.008 0.0013 0 0 0 0.0017 0.0002 0 0 0 
0.0359 0.1838 0.0936 0.1464 0.484 0.0005 0 0 0 0 0.0103 0.0026 0 0 0 0 0 0.0113 0.0099 0.0003 0.0155 0.0025 0 0 0 0.0029 0.0004 0 0 0 
0.0119 0.0588 0.042 0.1962 0.6453 0.0011 0 0 0 0 0.0124 0.0024 0 0 0 0 0 0.0111 0.0113 0.0002 0.0051 0.0008 0 0 0 0.0012 0.0002 0 0 0 
0.0051 0.0247 0.0243 0.2723 0.6176 0.0008 0 0 0 0 0.0132 0.0023 0 0 0 0 0 0.0169 0.0193 0.0003 0.0021 0.0003 0 0 0 0.0006 0.0001 0 0 0 
0.0015 0.0074 0.0087 0.3057 0.6191 0.0004 0 0 0 0 0.0083 0.0015 0 0 0 0 0 0.0195 0.0265 0.0005 0.0006 0.0001 0 0 0 0.0002 0 0 0 0 
0.0002 0.0009 0.0012 0.4478 0.4908 0.0001 0 0 0 0 0.0019 0.0005 0 0 0 0 0 0.0132 0.0422 0.0012 0.0001 0 0 0 0 0 0 0 0 0 
0.0004 0.002 0.0029 0.4538 0.4745 0.0001 0 0 0 0 0.0046 0.001 0 0 0 0 0 0.0216 0.0381 0.0008 0.0002 0 0 0 0 0.0001 0 0 0 0 
0.0019 0.0092 0.0116 0.361 0.5382 0.0004 0 0 0 0 0.0118 0.0022 0 0 0 0 0 0.0271 0.0349 0.0006 0.0008 0.0001 0 0 0 0.0003 0 0 0 0 
0.0076 0.037 0.0365 0.3306 0.5207 0.0007 0 0 0 0 0.0185 0.0032 0 0 0 0 0 0.0196 0.0207 0.0003 0.0031 0.0005 0 0 0 0.0009 0.0001 0 0 0 
0.0229 0.1122 0.0794 0.2741 0.4448 0.0007 0 0 0 0 0.0203 0.0039 0 0 0 0 0 0.0142 0.0134 0.0002 0.0097 0.0015 0 0 0 0.0024 0.0003 0 0 0 
0 0 0 0 0 0 0 0 0 0 0 0 0 0.0093 0.4068 0.0642 0.5197 0 0 0 0 0 0 0 0 0 0 0 0 0 
0 0 0 0 0 0 0 0 0 0 0 0 0 0.0094 0.3658 0.0728 0.5519 0 0 0 0 0 0 0 0 0 0 0 0 0 
0 0 0 0 0 0 0 0 0 0 0 0 0 0.0096 0.3803 0.0743 0.5358 0 0 0 0 0 0 0 0 0 0 0 0 0 
0 0 0 0 0 0 0 0 0 0 0 0 0 0.0097 0.3712 0.0773 0.5418 0 0 0 0 0 0 0 0 0 0 0 0 0 
0 0 0 0 0 0 0 0 0 0 0 0 0 0.0095 0.3647 0.0761 0.5496 0 0 0 0 0 0 0 0 0 0 0 0 0 
0 0 0 0 0 0 0 0 0 0 0 0 0 0.0098 0.345 0.0839 0.5613 0 0 0 0 0 0 0 0 0 0 0 0 0 
0 0 0 0 0 0 0 0 0 0 0 0 0 0.0099 0.3674 0.081 0.5418 0 0 0 0 0 0 0 0 0 0 0 0 0 
0 0 0 0 0 0 0 0 0 0 0 0 0 0.0096 0.3665 0.0776 0.5462 0 0 0 0 0 0 0 0 0 0 0 0 0 
0 0 0 0 0 0 0 0 0 0 0 0 0 0.0096 0.3657 0.0774 0.5472 0 0 0 0 0 0 0 0 0 0 0 0 0 
0 0 0 0 0 0 0 0 0 0 0 0 0 0.0097 0.3661 0.0777 0.5465 0 0 0 0 0 0 0 0 0 0 0 0 0 
0 0 0 0 0 0 0 0 0 0 0 0 0 0.0096 0.366 0.0777 0.5466 0 0 0 0 0 0 0 0 0 0 0 0 0 
0 0 0 0 0 0 0 0 0 0 0 0 0 0.0097 0.3673 0.0788 0.5441 0 0 0 0 0 0 0 0 0 0 0 0 0 
0 0 0 0 0 0 0 0 0 0 0 0 0 0.0097 0.3664 0.078 0.546 0 0 0 0 0 0 0 0 0 0 0 0 0 
0 0 0 0 0 0 0 0 0 0 0 0 0 0.0106 0.3476 0.099 0.5428 0 0 0 0 0 0 0 0 0 0 0 0 0 
0 0 0 0 0 0 0 0 0 0 0 0 0 0.0101 0.3692 0.0845 0.5361 0 0 0 0 0 0 0 0 0 0 0 0 0 
0 0 0 0 0 0 0 0 0 0 0 0 0 0.0098 0.3683 0.0797 0.5422 0 0 0 0 0 0 0 0 0 0 0 0 0 
0 0 0 0 0 0 0 0 0 0 0 0 0 0.0097 0.3666 0.0782 0.5455 0 0 0 0 0 0 0 0 0 0 0 0 0 
0 0 0 0 0 0 0 0 0 0 0 0 0 0.0097 0.3663 0.0779 0.5461 0 0 0 0 0 0 0 0 0 0 0 0 0 
0 0 0 0 0 0 0 0 0 0 0 0 0 0.0097 0.3662 0.0778 0.5463 0 0 0 0 0 0 0 0 0 0 0 0 0 
0 0 0 0 0 0 0 0 0 0 0 0 0 0.0097 0.3661 0.0778 0.5465 0 0 0 0 0 0 0 0 0 0 0 0 0 
0 0 0 0 0 0 0 0 0 0 0 0 0 0.0097 0.3661 0.0778 0.5464 0 0 0 0 0 0 0 0 0 0 0 0 0 
0 0 0 0 0 0 0 0 0 0 0 0 0 0.0097 0.366 0.0778 0.5465 0 0 0 0 0 0 0 0 0 0 0 0 0 
0 0 0 0 0 0 0 0 0 0 0 0 0 0.0096 0.3659 0.0777 0.5468 0 0 0 0 0 0 0 0 0 0 0 0 0 
0 0 0 0 0 0 0 0 0 0 0 0 0 0.0096 0.3653 0.0773 0.5478 0 0 0 0 0 0 0 0 0 0 0 0 0 
0 0 0 0 0 0 0 0 0 0 0 0 0 0.0094 0.3601 0.0748 0.5557 0 0 0 0 0 0 0 0 0 0 0 0 0 
0 0 0 0 0 0 0 0 0 0 0 0 0 0.0103 0.4003 0.0796 0.5098 0 0 0 0 0 0 0 0 0 0 0 0 0 
0 0 0 0 0 0 0 0 0 0 0 0 0 0.0105 0.4683 0.0695 0.4517 0 0 0 0 0 0 0 0 0 0 0 0 0 
0 0 0 0 0 0 0 0 0 0 0 0 0 0.0119 0.4899 0.0829 0.4152 0 0 0 0 0 0 0 0 0 0 0 0 0 
0 0 0 0 0 0 0 0 0 0 0 0 0 0.0097 0.387 0.0742 0.529 0 0 0 0 0 0 0 0 0 0 0 0 0 
0 0 0 0 0 0 0 0 0 0 0 0 0 0.0095 0.362 0.0758 0.5527 0 0 0 0 0 0 0 0 0 0 0 0 0 
0 0 0 0 0 0 0 0 0 0 0 0 0 0.0096 0.3652 0.0773 0.5478 0 0 0 0 0 0 0 0 0 0 0 0 0 
0 0 0 0 0 0 0 0 0 0 0 0 0 0.0096 0.3658 0.0776 0.5468 0 0 0 0 0 0 0 0 0 0 0 0 0 
0 0 0 0 0 0 0 0 0 0 0 0 0 0.0118 0.6544 0.0526 0.2812 0 0 0 0 0 0 0 0 0 0 0 0 0 
0.0334 0.0077 0.0012 0.0003 0.0003 0 0 0 0 0 0.0004 0.0002 0 0 0 0 0 0 0 0 0.2647 0.1381 0 0 0 0.4155 0.1381 0 0 0 
0.0721 0.0149 0.0024 0.0006 0.0005 0 0 0 0 0 0.0007 0.0005 0 0 0 0 0 0.0001 0.0001 0 0.3417 0.09 0 0 0 0.3865 0.0899 0 0 0 
0 0 0 0 0 0 0 0 0 0 0 0 0.0001 0.0352 0.8895 0.0277 0.0476 0 0 0 0 0 0 0 0 0 0 0 0 0 
0 0 0 0 0 0 0 0 0 0 0 0 0.0001 0.0364 0.7836 0.1065 0.0734 0 0 0 0 0 0 0 0 0 0 0 0 0 
0 0 0 0 0 0 0 0 0 0 0 0 0.0001 0.0249 0.8646 0.0368 0.0736 0 0 0 0 0 0 0 0 0 0 0 0 0 
0 0 0 0 0 0 0 0 0 0 0 0 0.0001 0.0222 0.8886 0.0246 0.0645 0 0 0 0 0 0 0 0 0 0 0 0 0 
0 0 0 0 0 0 0 0 0 0 0 0 0.0001 0.0214 0.8808 0.0263 0.0715 0 0 0 0 0 0 0 0 0 0 0 0 0 
0 0 0 0 0 0 0 0 0 0 0 0 0.0001 0.0204 0.8886 0.0232 0.0677 0 0 0 0 0 0 0 0 0 0 0 0 0 
0 0 0 0 0 0 0 0 0 0 0 0 0.0001 0.0206 0.8869 0.0238 0.0686 0 0 0 0 0 0 0 0 0 0 0 0 0 
0 0 0 0 0 0 0 0 0 0 0 0 0 0.017 0.5907 0.1222 0.27 0 0 0 0 0 0 0 0 0 0 0 0 0 
0 0 0 0 0 0 0 0 0 0 0 0 0 0.0155 0.3774 0.204 0.403 0 0 0 0 0 0 0 0 0 0 0 0 0 
0 0 0 0 0 0 0 0 0 0 0 0 0 0.0125 0.4611 0.0997 0.4268 0 0 0 0 0 0 0 0 0 0 0 0 0 
0 0 0 0 0 0 0 0 0 0 0 0 0 0.0118 0.3908 0.1108 0.4865 0 0 0 0 0 0 0 0 0 0 0 0 0 
0 0 0 0 0 0 0 0 0 0 0 0 0 0.0104 0.3802 0.0877 0.5216 0 0 0 0 0 0 0 0 0 0 0 0 0 
0 0 0 0 0 0 0 0 0 0 0 0 0.0001 0.0231 0.1414 0.6331 0.2023 0 0 0 0 0 0 0 0 0 0 0 0 0 
0 0 0 0 0 0 0 0 0 0 0 0 0.0002 0.1377 0.6858 0.1512 0.0252 0 0 0 0 0 0 0 0 0 0 0 0 0 
0 0 0 0 0 0 0 0 0 0 0 0 0.0002 0.1136 0.8119 0.0459 0.0284 0 0 0 0 0 0 0 0 0 0 0 0 0 
0 0 0 0 0 0 0 0 0 0 0 0 0.0009 0.7642 0.0667 0.1424 0.0257 0 0 0 0 0 0 0 0 0 0 0 0 0 
0 0 0 0 0 0 0 0 0 0 0 0 0.0002 0.1249 0.1275 0.6787 0.0686 0 0 0 0 0 0 0 0 0 0 0 0 0 
0 0 0 0 0 0 0 0 0 0 0 0 0.0001 0.0303 0.0218 0.4606 0.4872 0 0 0 0 0 0 0 0 0 0 0 0 0 
0 0 0 0 0 0 0 0 0 0 0 0 0.0005 0.2637 0.6695 0.046 0.0203 0 0 0 0 0 0 0 0 0 0 0 0 0 
0 0 0 0 0 0 0 0 0 0 0 0 0.0005 0.303 0.5943 0.0818 0.0204 0 0 0 0 0 0 0 0 0 0 0 0 0 
0 0 0 0 0 0 0 0 0 0 0 0 0.0008 0.5172 0.3968 0.0699 0.0153 0 0 0 0 0 0 0 0 0 0 0 0 0 
0 0 0 0 0 0 0 0 0 0 0 0 0.0009 0.766 0.164 0.0578 0.0113 0 0 0 0 0 0 0 0 0 0 0 0 0 
0 0 0 0 0 0 0 0 0 0 0 0 0.0028 0.9258 0.0223 0.0388 0.0103 0 0 0 0 0 0 0 0 0 0 0 0 0 
0 0 0 0 0 0 0 0 0 0 0 0 0.0039 0.8893 0.0173 0.0667 0.0228 0 0 0 0 0 0 0 0 0 0 0 0 0 
0 0 0 0 0 0 0 0 0 0 0 0 0.0015 0.6885 0.033 0.209 0.0681 0 0 0 0 0 0 0 0 0 0 0 0 0 
0 0 0 0 0 0 0 0 0 0 0 0 0.0024 0.9403 0.0357 0.0173 0.0043 0 0 0 0 0 0 0 0 0 0 0 0 0 
0 0 0 0 0 0 0 0 0 0 0 0 0.0014 0.7735 0.1869 0.0306 0.0075 0 0 0 0 0 0 0 0 0 0 0 0 0 
0 0 0 0 0 0 0 0 0 0 0 0 0.001 0.5648 0.3717 0.0499 0.0127 0 0 0 0 0 0 0 0 0 0 0 0 0 
0 0 0 0 0 0 0 0 0 0 0 0 0.0008 0.3969 0.5357 0.0507 0.016 0 0 0 0 0 0 0 0 0 0 0 0 0 
0 0 0 0 0 0 0 0 0 0 0 0 0.0007 0.3269 0.6144 0.041 0.0171 0 0 0 0 0 0 0 0 0 0 0 0 0 
0 0 0 0 0 0 0 0 0 0 0 0 0.0034 0.9277 0.0546 0.0112 0.0031 0 0 0 0 0 0 0 0 0 0 0 0 0 
0 0 0 0 0 0 0 0 0 0 0 0 0.0008 0.401 0.5497 0.0349 0.0136 0 0 0 0 0 0 0 0 0 0 0 0 0 
0 0 0 0 0 0 0 0 0 0 0 0 0.0008 0.3731 0.5803 0.0321 0.0137 0 0 0 0 0 0 0 0 0 0 0 0 0 
0 0 0 0 0 0 0 0 0 0 0 0 0.0009 0.4763 0.4759 0.0346 0.0122 0 0 0 0 0 0 0 0 0 0 0 0 0 
0 0 0 0 0 0 0 0 0 0 0 0 0.0011 0.5601 0.3886 0.0386 0.0115 0 0 0 0 0 0 0 0 0 0 0 0 0 
0 0 0 0 0 0 0 0 0 0 0 0 0.0008 0.3585 0.5901 0.0356 0.015 0 0 0 0 0 0 0 0 0 0 0 0 0 
0 0 0 0 0 0 0 0 0 0 0 0 0.0008 0.3651 0.5874 0.0326 0.0141 0 0 0 0 0 0 0 0 0 0 0 0 0 
0 0 0 0 0 0 0 0 0 0 0 0 0.0008 0.3664 0.5872 0.0318 0.0138 0 0 0 0 0 0 0 0 0 0 0 0 0 
0 0 0 0 0 0 0 0 0 0 0 0 0.0008 0.3681 0.5858 0.0316 0.0137 0 0 0 0 0 0 0 0 0 0 0 0 0 
0 0 0 0 0 0 0 0 0 0 0 0 0.0008 0.3665 0.5873 0.0316 0.0138 0 0 0 0 0 0 0 0 0 0 0 0 0 
0 0 0 0 0 0 0 0 0 0 0 0 0.0008 0.3671 0.5869 0.0315 0.0137 0 0 0 0 0 0 0 0 0 0 0 0 0 
0 0 0 0 0 0 0 0 0 0 0 0 0.0008 0.3668 0.5873 0.0315 0.0137 0 0 0 0 0 0 0 0 0 0 0 0 0 
0 0 0 0 0 0 0 0 0 0 0 0 0.0008 0.3665 0.5875 0.0315 0.0137 0 0 0 0 0 0 0 0 0 0 0 0 0 
0 0 0 0 0 0 0 0 0 0 0 0 0.0008 0.3665 0.5876 0.0315 0.0137 0 0 0 0 0 0 0 0 0 0 0 0 0 
0 0 0 0 0 0 0 0 0 0 0 0 0.0008 0.3667 0.5873 0.0314 0.0137 0 0 0 0 0 0 0 0 0 0 0 0 0 
0 0 0 0 0 0 0 0 0 0 0 0 0.0008 0.366 0.5879 0.0315 0.0138 0 0 0 0 0 0 0 0 0 0 0 0 0 
0 0 0 0 0 0 0 0 0 0 0 0 0.0008 0.366 0.588 0.0314 0.0137 0 0 0 0 0 0 0 0 0 0 0 0 0 
0 0 0 0 0 0 0 0 0 0 0 0 0.0008 0.3663 0.5878 0.0314 0.0137 0 0 0 0 0 0 0 0 0 0 0 0 0 
0 0 0 0 0 0 0 0 0 0 0 0 0.0008 0.3665 0.5876 0.0314 0.0137 0 0 0 0 0 0 0 0 0 0 0 0 0 
0 0 0 0 0 0 0 0 0 0 0 0 0.0008 0.3668 0.5874 0.0314 0.0137 0 0 0 0 0 0 0 0 0 0 0 0 0 
0 0 0 0 0 0 0 0 0 0 0 0 0.0008 0.3667 0.5874 0.0314 0.0137 0 0 0 0 0 0 0 0 0 0 0 0 0 
0 0.0001 0.0001 0.0007 0.0004 0 0 0 0 0 0.0007 0.0004 0 0 0 0 0 0.0007 0.07 0.9269 0 0 0 0 0 0 0 0 0 0 
0 0.0001 0.0002 0.0011 0.0006 0 0 0 0 0 0.0011 0.0006 0 0 0 0 0 0.0011 0.1098 0.8854 0 0 0 0 0 0 0 0 0 0 
0 0.0001 0.0002 0.001 0.0006 0 0 0 0 0 0.0012 0.0006 0 0 0 0 0 0.0011 0.1107 0.8845 0 0 0 0 0 0 0 0 0 0 
0 0.0002 0.0003 0.0017 0.001 0 0 0 0 0 0.0017 0.0009 0 0 0 0 0 0.0018 0.1742 0.8183 0 0 0 0 0 0 0 0 0 0 
0 0.0001 0.0001 0.0006 0.0004 0 0 0 0 0 0.0008 0.0004 0 0 0 0 0 0.0007 0.0696 0.9274 0 0 0 0 0 0 0 0 0 0 
0 0 0.0001 0.0005 0.0003 0 0 0 0 0 0.0005 0.0003 0 0 0 0 0 0.0005 0.0483 0.9496 0 0 0 0 0 0 0 0 0 0 
0 0 0.0001 0.0004 0.0002 0 0 0 0 0 0.0005 0.0003 0 0 0 0 0 0.0004 0.0468 0.9512 0 0 0 0 0 0 0 0 0 0 
0 0 0.0001 0.0003 0.0002 0 0 0 0 0 0.0004 0.0002 0 0 0 0 0 0.0003 0.0359 0.9625 0 0 0 0 0 0 0 0 0 0 
0 0 0 0.0003 0.0002 0 0 0 0 0 0.0004 0.0002 0 0 0 0 0 0.0003 0.0346 0.9639 0 0 0 0 0 0 0 0 0 0 
0 0.0002 0.0003 0.0013 0.0008 0 0 0 0 0 0.0023 0.0012 0 0 0 0 0 0.0018 0.1879 0.8043 0 0 0 0 0 0 0 0 0 0 
0 0.0001 0.0002 0.0009 0.0005 0 0 0 0 0 0.0013 0.0007 0 0 0 0 0 0.0011 0.1129 0.8822 0 0 0 0 0 0 0 0 0 0 
0 0.0001 0.0001 0.0006 0.0003 0 0 0 0 0 0.0008 0.0004 0 0 0 0 0 0.0007 0.0685 0.9286 0 0 0 0 0 0 0 0 0 0 
0 0 0.0001 0.0004 0.0002 0 0 0 0 0 0.0005 0.0003 0 0 0 0 0 0.0004 0.0452 0.9528 0 0 0 0 0 0 0 0 0 0 
0 0 0 0.0003 0.0002 0 0 0 0 0 0.0004 0.0002 0 0 0 0 0 0.0003 0.0332 0.9653 0 0 0 0 0 0 0 0 0 0 
0 0 0 0.0002 0.0001 0 0 0 0 0 0.0003 0.0002 0 0 0 0 0 0.0003 0.0275 0.9713 0 0 0 0 0 0 0 0 0 0 
0 0 0 0.0002 0.0001 0 0 0 0 0 0.0003 0.0002 0 0 0 0 0 0.0002 0.026 0.9729 0 0 0 0 0 0 0 0 0 0 
0 0.0001 0.0002 0.0008 0.0004 0 0 0 0 0 0.0014 0.0007 0 0 0 0 0 0.001 0.1089 0.8865 0 0 0 0 0 0 0 0 0 0 
0 0.0001 0.0001 0.0005 0.0003 0 0 0 0 0 0.0008 0.0005 0 0 0 0 0 0.0006 0.0656 0.9316 0 0 0 0 0 0 0 0 0 0 
0 0 0.0001 0.0003 0.0002 0 0 0 0 0 0.0005 0.0003 0 0 0 0 0 0.0004 0.0424 0.9557 0 0 0 0 0 0 0 0 0 0 
0 0 0 0.0003 0.0001 0 0 0 0 0 0.0004 0.0002 0 0 0 0 0 0.0003 0.0327 0.9658 0 0 0 0 0 0 0 0 0 0 
0 0 0 0.0002 0.0001 0 0 0 0 0 0.0003 0.0002 0 0 0 0 0 0.0002 0.0255 0.9734 0 0 0 0 0 0 0 0 0 0 
0 0 0 0.0003 0.0001 0 0 0 0 0 0.0005 0.0003 0 0 0 0 0 0.0003 0.0366 0.9618 0 0 0 0 0 0 0 0 0 0 
0 0 0 0.0002 0.0001 0 0 0 0 0 0.0003 0.0001 0 0 0 0 0 0.0002 0.0238 0.9752 0 0 0 0 0 0 0 0 0 0 
0 0 0 0.0002 0.0001 0 0 0 0 0 0.0003 0.0001 0 0 0 0 0 0.0002 0.0214 0.9776 0 0 0 0 0 0 0 0 0 0 
0 0 0 0.0002 0.0001 0 0 0 0 0 0.0002 0.0001 0 0 0 0 0 0.0002 0.0184 0.9808 0 0 0 0 0 0 0 0 0 0 
0 0 0 0.0001 0.0001 0 0 0 0 0 0.0003 0.0002 0 0 0 0 0 0.0002 0.02 0.9791 0 0 0 0 0 0 0 0 0 0 
0 0 0 0.0002 0.0001 0 0 0 0 0 0.0004 0.0002 0 0 0 0 0 0.0003 0.0302 0.9684 0 0 0 0 0 0 0 0 0 0 
0 0 0.0001 0.0003 0.0002 0 0 0 0 0 0.0008 0.0005 0 0 0 0 0 0.0005 0.0525 0.9452 0 0 0 0 0 0 0 0 0 0 
0 0 0.0001 0.0004 0.0002 0 0 0 0 0 0.0009 0.0005 0 0 0 0 0 0.0006 0.0622 0.9351 0 0 0 0 0 0 0 0 0 0 
0 0 0 0.0003 0.0002 0 0 0 0 0 0.0003 0.0002 0 0 0 0 0 0.0003 0.0284 0.9704 0 0 0 0 0 0 0 0 0 0 
0 0 0 0.0002 0.0001 0 0 0 0 0 0.0003 0.0001 0 0 0 0 0 0.0002 0.0232 0.9758 0 0 0 0 0 0 0 0 0 0 
0 0 0 0.0002 0.0001 0 0 0 0 0 0.0002 0.0001 0 0 0 0 0 0.0002 0.019 0.9802 0 0 0 0 0 0 0 0 0 0 
0 0 0 0.0001 0.0001 0 0 0 0 0 0.0002 0.0001 0 0 0 0 0 0.0001 0.0154 0.984 0 0 0 0 0 0 0 0 0 0 
0 0 0 0.0001 0.0001 0 0 0 0 0 0.0002 0.0001 0 0 0 0 0 0.0001 0.015 0.9844 0 0 0 0 0 0 0 0 0 0 
0 0 0 0.0001 0.0001 0 0 0 0 0 0.0001 0.0001 0 0 0 0 0 0.0001 0.0123 0.9871 0 0 0 0 0 0 0 0 0 0 
0 0 0 0.0001 0.0001 0 0 0 0 0 0.0002 0.0001 0 0 0 0 0 0.0001 0.012 0.9875 0 0 0 0 0 0 0 0 0 0 
0 0 0 0.0001 0.0001 0 0 0 0 0 0.0002 0.0001 0 0 0 0 0 0.0001 0.0159 0.9834 0 0 0 0 0 0 0 0 0 0 
0 0 0 0.0001 0.0001 0 0 0 0 0 0.0001 0.0001 0 0 0 0 0 0.0001 0.0111 0.9884 0 0 0 0 0 0 0 0 0 0 
0 0 0 0.0001 0.0001 0 0 0 0 0 0.0002 0.0001 0 0 0 0 0 0.0001 0.0139 0.9855 0 0 0 0 0 0 0 0 0 0 
0 0 0 0.0002 0.0001 0 0 0 0 0 0.0002 0.0001 0 0 0 0 0 0.0002 0.0177 0.9815 0 0 0 0 0 0 0 0 0 0 
0 0 0 0.0002 0.0001 0 0 0 0 0 0.0002 0.0001 0 0 0 0 0 0.0002 0.0227 0.9763 0 0 0 0 0 0 0 0 0 0 
0 0 0 0.0003 0.0002 0 0 0 0 0 0.0003 0.0002 0 0 0 0 0 0.0003 0.0289 0.9698 0 0 0 0 0 0 0 0 0 0 
0 0 0.0001 0.0004 0.0002 0 0 0 0 0 0.0004 0.0002 0 0 0 0 0 0.0004 0.0371 0.9613 0 0 0 0 0 0 0 0 0 0 
0 0 0.0001 0.0005 0.0003 0 0 0 0 0 0.0005 0.0003 0 0 0 0 0 0.0005 0.0498 0.948 0 0 0 0 0 0 0 0 0 0 
0 0.0001 0.0001 0.0007 0.0004 0 0 0 0 0 0.0007 0.0004 0 0 0 0 0 0.0007 0.0707 0.9262 0 0 0 0 0 0 0 0 0 0 
0 0 0 0 0 0 0 0 0 0 0 0.0003 0.1347 0.8584 0.0037 0.0015 0.0014 0 0 0 0 0 0 0 0 0 0 0 0 0 
0 0 0 0 0 0 0 0 0 0 0 0.0001 0.0238 0.9441 0.0231 0.004 0.005 0 0 0 0 0 0 0 0 0 0 0 0 0 
0 0 0 0 0 0 0 0 0 0 0 0.0001 0.0242 0.9341 0.025 0.0077 0.0089 0 0 0 0 0 0 0 0 0 0 0 0 0 
0 0 0 0 0 0 0 0 0 0 0 0.0004 0.1511 0.8397 0.0037 0.0028 0.0023 0 0 0 0 0 0 0 0 0 0 0 0 0 
0 0 0 0 0 0 0 0 0 0 0 0.0001 0.0273 0.9198 0.0222 0.0154 0.0153 0 0 0 0 0 0 0 0 0 0 0 0 0 
0 0 0 0 0 0 0 0 0 0 0 0.0004 0.1502 0.8386 0.0036 0.0041 0.003 0 0 0 0 0 0 0 0 0 0 0 0 0 
0 0 0 0 0 0 0 0 0 0 0 0 0.0062 0.8331 0.1287 0.0122 0.0197 0 0 0 0 0 0 0 0 0 0 0 0 0 
0 0 0 0 0 0 0 0 0 0 0 0 0.0063 0.8579 0.1178 0.0071 0.0108 0 0 0 0 0 0 0 0 0 0 0 0 0 
0 0 0 0 0 0 0 0 0 0 0 0.0001 0.0233 0.9519 0.0198 0.0022 0.0027 0 0 0 0 0 0 0 0 0 0 0 0 0 
0 0 0 0 0 0 0 0 0 0 0 0.0003 0.1319 0.8632 0.003 0.0008 0.0008 0 0 0 0 0 0 0 0 0 0 0 0 0 
0 0 0 0 0 0 0 0 0 0 0 0.0018 0.873 0.1246 0.0004 0.0001 0.0001 0 0 0 0 0 0 0 0 0 0 0 0 0 
0 0 0 0 0 0 0 0 0 0 0 0.0003 0.1213 0.8752 0.0024 0.0004 0.0004 0 0 0 0 0 0 0 0 0 0 0 0 0 
0 0 0 0 0 0 0 0 0 0 0 0.0001 0.024 0.9557 0.0172 0.0015 0.0016 0 0 0 0 0 0 0 0 0 0 0 0 0 
0 0 0 0 0 0 0 0 0 0 0 0.0019 0.8507 0.1464 0.0005 0.0002 0.0002 0 0 0 0 0 0 0 0 0 0 0 0 0 
0 0 0 0 0 0 0 0 0 0 0 0.0099 0.9595 0.0304 0.0001 0.0001 0 0 0 0 0 0 0 0 0 0 0 0 0 0 
0 0 0 0 0 0 0 0 0 0 0 0.0096 0.953 0.0372 0.0001 0.0001 0.0001 0 0 0 0 0 0 0 0 0 0 0 0 0 
0 0 0 0 0 0 0 0 0 0 0 0.0429 0.9482 0.0088 0 0 0 0 0 0 0 0 0 0 0 0 0 0 0 0 
0 0 0 0 0 0 0 0 0 0 0 0.0021 0.8353 0.1611 0.0006 0.0005 0.0004 0 0 0 0 0 0 0 0 0 0 0 0 0 
0 0 0 0 0 0 0 0 0 0 0 0.0102 0.947 0.0424 0.0002 0.0001 0.0001 0 0 0 0 0 0 0 0 0 0 0 0 0 
0 0 0 0 0 0 0 0 0 0 0 0.0024 0.8187 0.177 0.0007 0.0007 0.0005 0 0 0 0 0 0 0 0 0 0 0 0 0 
0 0 0 0 0 0 0 0 0 0 0 0.0028 0.806 0.1892 0.0006 0.0009 0.0006 0 0 0 0 0 0 0 0 0 0 0 0 0 
0 0 0 0 0 0 0 0 0 0 0 0.0107 0.9647 0.0244 0.0001 0 0 0 0 0 0 0 0 0 0 0 0 0 0 0 
0 0 0 0 0 0 0 0 0 0 0 0.0469 0.9462 0.0068 0 0 0 0 0 0 0 0 0 0 0 0 0 0 0 0 
0 0 0 0 0 0 0 0 0 0 0.0001 0.1913 0.8063 0.0023 0 0 0 0 0 0 0 0 0 0 0 0 0 0 0 0 
0 0 0 0 0 0 0 0 0 0 0.0001 0.1866 0.811 0.0023 0 0 0 0 0 0 0 0 0 0 0 0 0 0 0 0 
0 0 0 0 0 0 0 0 0 0 0 0.0113 0.9693 0.0193 0 0 0 0 0 0 0 0 0 0 0 0 0 0 0 0 
0 0 0 0 0 0 0 0 0 0 0 0.0117 0.9676 0.0206 0.0001 0 0 0 0 0 0 0 0 0 0 0 0 0 0 0 
0 0 0 0 0 0 0 0 0 0 0 0.0531 0.9416 0.0053 0 0 0 0 0 0 0 0 0 0 0 0 0 0 0 0 
0 0 0 0 0 0 0 0 0 0 0.0001 0.2249 0.7739 0.0011 0 0 0 0 0 0 0 0 0 0 0 0 0 0 0 0 
0 0 0 0 0 0 0 0 0 0 0 0.0559 0.9393 0.0048 0 0 0 0 0 0 0 0 0 0 0 0 0 0 0 0 
0 0 0 0 0 0 0 0 0 0 0 0.0559 0.9395 0.0045 0 0 0 0 0 0 0 0 0 0 0 0 0 0 0 0 
0 0 0 0 0 0 0 0 0 0 0 0 0 0 0 0 0 0 0 0 0 0 0 0 0 0 0 0.1119 0.8686 0.0195 
0 0 0 0 0 0 0 0 0 0 0 0 0 0 0 0 0 0 0 0 0 0 0 0 0 0 0 0.0809 0.8897 0.0294 
0 0 0 0 0 0 0 0 0 0 0 0 0 0 0 0 0 0 0 0 0 0 0 0 0 0 0 0.0583 0.9064 0.0353 
0 0 0 0 0 0 0 0 0 0 0 0 0 0 0 0 0 0 0 0 0 0 0 0 0 0 0 0.106 0.8721 0.0219 
0 0 0 0 0 0 0 0 0 0 0 0 0 0 0 0 0 0 0 0 0 0 0 0 0 0 0 0.1271 0.8554 0.0175 
0 0 0 0 0 0 0 0 0 0 0 0 0 0 0 0 0 0 0 0 0 0 0 0 0 0 0 0.142 0.8434 0.0146 
0 0 0 0 0 0 0 0 0 0 0 0 0 0 0 0 0 0 0 0 0 0 0 0 0 0 0 0.0417 0.8981 0.0602 
0 0 0 0 0 0 0 0 0 0 0 0 0 0 0 0 0 0 0 0 0 0 0 0 0 0 0 0.018 0.9069 0.0751 
0 0 0 0 0 0 0 0 0 0 0 0 0 0 0 0 0 0 0 0 0 0 0 0 0 0 0 0.0716 0.8925 0.0359 
0 0 0 0 0 0 0 0 0 0 0 0 0 0 0 0 0 0 0 0 0 0 0 0 0 0 0 0.1042 0.8721 0.0236 
0 0 0 0 0 0 0 0 0 0 0 0 0 0 0 0 0 0 0 0 0 0 0 0 0 0 0 0.1316 0.851 0.0173 
0 0 0 0 0 0 0 0 0 0 0 0 0 0 0 0 0 0 0 0 0 0 0 0 0 0 0 0.1538 0.8324 0.0138 
0 0 0 0 0 0 0 0 0 0 0 0 0 0 0 0 0 0 0 0 0 0 0 0 0 0 0 0.1434 0.8407 0.0159 
0 0 0 0 0 0 0 0 0 0 0 0 0 0 0 0 0 0 0 0 0 0 0 0 0 0 0 0.1086 0.8673 0.0241 
0 0 0 0 0 0 0 0 0 0 0 0 0 0 0 0 0 0 0 0 0 0 0 0 0 0 0 0.05 0.9019 0.0481 
0 0 0 0 0 0 0 0 0 0 0 0 0 0 0 0 0 0 0 0 0 0 0 0 0 0 0 0.0126 0.8284 0.159 
0 0 0 0 0 0 0 0 0 0 0 0 0 0 0 0 0 0 0 0 0 0 0 0 0 0 0 0.0015 0.5262 0.4723 
0 0 0 0 0 0 0 0 0 0 0 0 0 0 0 0 0 0 0 0 0 0 0 0 0 0 0 0.0018 0.3223 0.6759 
0 0 0 0 0 0 0 0 0 0 0 0 0 0 0 0 0 0 0 0 0 0 0 0 0 0 0 0.0125 0.8399 0.1476 
0 0 0 0 0 0 0 0 0 0 0 0 0 0 0 0 0 0 0 0 0 0 0 0 0 0 0 0.0009 0.5119 0.4872 
0 0 0 0 0 0 0 0 0 0 0 0 0 0 0 0 0 0 0 0 0 0 0 0 0 0 0 0.0009 0.2183 0.7809 
0 0 0 0 0 0 0 0 0 0 0 0 0 0 0 0 0 0 0 0 0 0 0 0 0 0 0 0.0005 0.1431 0.8565 
0 0 0 0 0 0 0 0 0 0 0 0 0 0 0 0 0 0 0 0 0 0 0 0 0 0 0 0.0004 0.0709 0.9287 
0 0 0 0 0 0 0 0 0 0 0 0 0 0 0 0 0 0 0 0 0 0 0 0 0 0 0 0.0007 0.1089 0.8904 
0 0 0 0 0 0 0 0 0 0 0 0 0 0 0 0 0 0 0 0 0 0 0 0 0 0 0 0.0002 0.0301 0.9697 
0 0 0 0 0 0 0 0 0 0 0 0 0 0 0 0 0 0 0 0 0 0 0 0 0 0 0 0.0002 0.0277 0.9721 
0 0 0 0 0 0 0 0 0 0 0 0 0 0 0 0 0 0 0 0 0 0 0 0 0 0 0 0.0002 0.0202 0.9796 
0 0 0 0 0 0 0 0 0 0 0 0 0 0 0 0 0 0 0 0 0 0 0 0 0 0 0 0.0001 0.0164 0.9835 
0 0 0 0 0 0 0 0 0 0 0 0 0 0 0 0 0 0 0 0 0 0 0 0 0 0 0 0.0001 0.0156 0.9843 
0 0 0 0 0 0 0 0 0 0 0 0 0 0 0 0 0 0 0 0 0 0 0 0 0 0 0 0.0002 0.0294 0.9704 
0 0 0 0 0 0 0 0 0 0 0 0 0 0 0 0 0 0 0 0 0 0 0 0 0 0 0 0.0003 0.0342 0.9655 
0 0 0 0 0 0 0 0 0 0 0 0 0 0 0 0 0 0 0 0 0 0 0 0 0 0 0 0.0001 0.0163 0.9836 
0 0 0 0 0 0 0 0 0 0 0 0 0 0 0 0 0 0 0 0 0 0 0 0 0 0 0 0.0002 0.0351 0.9648 
0 0 0 0 0 0 0 0 0 0 0 0 0 0 0 0 0 0 0 0 0 0 0 0 0 0 0 0.0006 0.1236 0.8758 
0 0 0 0 0 0 0 0 0 0 0 0 0 0 0 0 0 0 0 0 0 0 0 0 0 0 0 0.0016 0.3794 0.619 
0 0 0 0 0 0 0 0 0 0 0 0 0 0 0 0 0 0 0 0 0 0 0 0 0 0 0 0.0027 0.643 0.3542 
0 0 0 0 0 0 0 0 0 0 0 0 0 0 0 0 0 0 0 0 0 0 0 0 0 0 0 0.005 0.7912 0.2038 
0 0 0 0 0 0 0 0 0 0 0 0 0.0001 0.0162 0.076 0.2751 0.6326 0 0 0 0 0 0 0 0 0 0 0 0 0 
0 0 0 0 0 0 0 0 0 0 0 0 0.0001 0.0202 0.0424 0.2689 0.6683 0 0 0 0 0 0 0 0 0 0 0 0 0 
0 0 0 0 0 0 0 0 0 0 0 0 0.0001 0.0155 0.0557 0.1787 0.7501 0 0 0 0 0 0 0 0 0 0 0 0 0 
0 0 0 0 0 0 0 0 0 0 0 0 0.0001 0.0174 0.0529 0.1638 0.7658 0 0 0 0 0 0 0 0 0 0 0 0 0 
0 0 0 0 0 0 0 0 0 0 0 0 0.0001 0.0181 0.052 0.1605 0.7693 0 0 0 0 0 0 0 0 0 0 0 0 0 
0 0 0 0 0 0 0 0 0 0 0 0 0.0001 0.0183 0.0518 0.1597 0.7701 0 0 0 0 0 0 0 0 0 0 0 0 0 
0 0 0 0 0 0 0 0 0 0 0 0 0.0001 0.0183 0.0518 0.1597 0.7701 0 0 0 0 0 0 0 0 0 0 0 0 0 
0 0 0 0 0 0 0 0 0 0 0 0 0.0001 0.0183 0.0517 0.1598 0.77 0 0 0 0 0 0 0 0 0 0 0 0 0 
0 0 0 0 0 0 0 0 0 0 0 0 0.0001 0.0183 0.0518 0.1598 0.77 0 0 0 0 0 0 0 0 0 0 0 0 0 
0 0 0 0 0 0 0 0 0 0 0 0 0.0001 0.0183 0.0514 0.1606 0.7697 0 0 0 0 0 0 0 0 0 0 0 0 0 
0 0 0 0 0 0 0 0 0 0 0 0 0.0001 0.018 0.0502 0.1638 0.768 0 0 0 0 0 0 0 0 0 0 0 0 0 
0 0 0 0 0 0 0 0 0 0 0 0 0.0001 0.017 0.0457 0.1775 0.7598 0 0 0 0 0 0 0 0 0 0 0 0 0 
0 0 0 0 0 0 0 0 0 0 0 0 0.0002 0.0437 0.0197 0.2435 0.693 0 0 0 0 0 0 0 0 0 0 0 0 0 
0 0 0 0 0 0 0 0 0 0 0 0 0.0002 0.043 0.0193 0.2388 0.6987 0 0 0 0 0 0 0 0 0 0 0 0 0 
0 0 0 0 0 0 0 0 0 0 0 0 0.0002 0.0427 0.0192 0.2366 0.7012 0 0 0 0 0 0 0 0 0 0 0 0 0 
0 0 0 0 0 0 0 0 0 0 0 0 0.0002 0.0424 0.0191 0.2349 0.7034 0 0 0 0 0 0 0 0 0 0 0 0 0 
0 0 0 0 0 0 0 0 0 0 0 0 0.0002 0.0421 0.0189 0.2331 0.7057 0 0 0 0 0 0 0 0 0 0 0 0 0 
0 0 0 0 0 0 0 0 0 0 0 0 0.0002 0.0417 0.0188 0.2311 0.7082 0 0 0 0 0 0 0 0 0 0 0 0 0 
0 0 0 0 0 0 0 0 0 0 0 0 0.0002 0.0452 0.02 0.2548 0.6798 0 0 0 0 0 0 0 0 0 0 0 0 0 
0 0 0 0 0 0 0 0 0 0 0 0 0.0002 0.0491 0.0208 0.2893 0.6406 0 0 0 0 0 0 0 0 0 0 0 0 0 
0 0 0 0 0 0 0 0 0 0 0 0 0.0003 0.0546 0.0214 0.3496 0.5741 0 0 0 0 0 0 0 0 0 0 0 0 0 
0 0 0 0 0 0 0 0 0 0 0 0 0.0003 0.0689 0.0195 0.434 0.4773 0 0 0 0 0 0 0 0 0 0 0 0 0 
0 0 0 0 0 0 0 0 0 0 0 0 0.0005 0.1799 0.038 0.5703 0.2113 0 0 0 0 0 0 0 0 0 0 0 0 0 
0 0 0 0 0 0 0 0 0 0 0 0 0.0004 0.1124 0.0249 0.5109 0.3514 0 0 0 0 0 0 0 0 0 0 0 0 0 
0 0 0 0 0 0 0 0 0 0 0 0 0.0002 0.0466 0.0224 0.3529 0.5778 0 0 0 0 0 0 0 0 0 0 0 0 0 
0 0 0 0 0 0 0 0 0 0 0 0 0.0002 0.0481 0.0217 0.297 0.633 0 0 0 0 0 0 0 0 0 0 0 0 0 
0 0 0 0 0 0 0 0 0 0 0 0 0.0002 0.0458 0.0206 0.2622 0.6712 0 0 0 0 0 0 0 0 0 0 0 0 0 
0 0 0 0.0001 0.0001 0 0 0 0 0 0.0004 0.0002 0 0 0 0 0 0.0002 0.0236 0.9753 0 0 0 0 0 0 0 0 0 0 
0 0 0 0.0002 0.0001 0 0 0 0 0 0.0007 0.0004 0 0 0 0 0 0.0004 0.0402 0.958 0 0 0 0 0 0 0 0 0 0 
0 0 0.0001 0.0003 0.0002 0 0 0 0 0 0.0012 0.0007 0 0 0 0 0 0.0006 0.066 0.931 0 0 0 0 0 0 0 0 0 0 
0 0 0.0001 0.0003 0.0002 0 0 0 0 0 0.0011 0.0006 0 0 0 0 0 0.0005 0.0579 0.9394 0 0 0 0 0 0 0 0 0 0 
0 0.0001 0.0001 0.0006 0.0003 0 0 0 0 0 0.0014 0.0008 0 0 0 0 0 0.0009 0.0992 0.8965 0 0 0 0 0 0 0 0 0 0 
0 0.0001 0.0002 0.0009 0.0005 0 0 0 0 0 0.0024 0.0013 0 0 0 0 0 0.0015 0.1679 0.8251 0 0 0 0 0 0 0 0 0 0 
0 0.0002 0.0003 0.0014 0.0008 0 0 0 0 0 0.0036 0.002 0 0 0 0 0 0.0023 0.2648 0.7246 0 0 0 0 0 0 0 0 0 0 
0 0.0003 0.0005 0.0017 0.001 0 0 0 0 0 0.0048 0.0026 0 0 0 0 0 0.003 0.3625 0.6236 0 0 0 0 0 0 0 0 0 0 
0.0001 0.0003 0.0006 0.0019 0.001 0 0 0 0 0 0.0061 0.0033 0 0 0 0 0 0.0036 0.4658 0.5173 0 0 0 0 0 0 0 0 0 0 
0.0001 0.0006 0.001 0.0029 0.0015 0 0 0 0 0 0.0115 0.0062 0 0 0 0 0 0.0062 0.6198 0.3502 0 0 0 0 0 0 0 0 0 0 
0.0254 0.0061 0.0009 0.0002 0.0002 0 0 0 0 0 0.0003 0.0002 0 0 0 0 0 0 0 0 0.1356 0.0878 0 0 0 0.4867 0.2564 0.0001 0 0 
0.0495 0.0111 0.0018 0.0004 0.0003 0 0 0 0 0 0.0006 0.0004 0 0 0 0 0 0.0001 0.0001 0 0.1986 0.0743 0 0 0 0.5041 0.1587 0.0001 0 0 
0.0442 0.0103 0.0016 0.0004 0.0003 0 0 0 0 0 0.0006 0.0004 0 0 0 0 0 0.0001 0 0 0.1541 0.062 0 0 0 0.5283 0.1977 0.0001 0 0 
0.0678 0.015 0.0024 0.0005 0.0004 0 0 0 0 0 0.0008 0.0006 0 0 0 0 0 0.0001 0.0001 0 0.1985 0.0552 0 0 0 0.52 0.1384 0 0 0 
0.2679 0.0569 0.0097 0.0019 0.0012 0 0 0 0 0 0.0034 0.0024 0 0 0 0 0 0.0003 0.0003 0 0.1896 0.0156 0 0 0 0.4074 0.0435 0 0 0 
0.1669 0.0358 0.0059 0.0012 0.0008 0 0 0 0 0 0.0021 0.0015 0 0 0 0 0 0.0002 0.0002 0 0.2016 0.0244 0 0 0 0.4886 0.0708 0 0 0 
0.1025 0.0224 0.0036 0.0008 0.0005 0 0 0 0 0 0.0013 0.0009 0 0 0 0 0 0.0001 0.0001 0 0.1996 0.0368 0 0 0 0.5236 0.1076 0 0 0 
0.0542 0.0132 0.0021 0.0004 0.0003 0 0 0 0 0 0.0008 0.0006 0 0 0 0 0 0.0001 0.0001 0 0.1226 0.0387 0 0 0 0.5594 0.2075 0.0001 0 0 
0.0328 0.0085 0.0013 0.0003 0.0002 0 0 0 0 0 0.0005 0.0004 0 0 0 0 0 0.0001 0 0 0.0778 0.0323 0 0 0 0.5233 0.3224 0.0001 0 0 
0.0157 0.0042 0.0006 0.0001 0.0001 0 0 0 0 0 0.0002 0.0002 0 0 0 0 0 0 0 0 0.0442 0.0284 0 0 0 0.2727 0.6333 0.0002 0 0 
0.0765 0.0201 0.0031 0.0006 0.0004 0 0 0 0 0 0.0013 0.001 0 0 0 0 0 0.0001 0.0001 0 0.0993 0.0225 0 0 0 0.5986 0.1764 0 0 0 
0.1318 0.0365 0.0056 0.001 0.0006 0 0 0 0 0 0.0024 0.0019 0 0 0 0 0 0.0002 0.0002 0 0.0993 0.0153 0 0 0 0.5837 0.1215 0 0 0 
0.2381 0.0676 0.0105 0.0017 0.001 0 0 0 0 0 0.0046 0.0037 0 0 0 0 0 0.0004 0.0003 0 0.108 0.0122 0 0 0 0.4671 0.0848 0 0 0 
0.0077 0.0021 0.0003 0.0001 0 0 0 0 0 0 0.0001 0.0001 0 0 0 0 0 0 0 0 0.024 0.0195 0 0 0 0.1448 0.8006 0.0006 0 0 
0.0022 0.0006 0.0001 0 0 0 0 0 0 0 0 0 0 0 0 0 0 0 0 0 0.0069 0.006 0 0 0 0.0437 0.9391 0.0012 0 0 
0.0011 0.0003 0 0 0 0 0 0 0 0 0 0 0 0 0 0 0 0 0 0 0.0032 0.0029 0 0 0 0.022 0.9671 0.0033 0 0 
0.0011 0.0003 0 0 0 0 0 0 0 0 0 0 0 0 0 0 0 0 0 0 0.0025 0.002 0 0 0 0.0235 0.9649 0.0055 0 0 
0.0012 0.0004 0 0 0 0 0 0 0 0 0 0 0 0 0 0 0 0 0 0 0.0021 0.0016 0 0 0 0.0301 0.9625 0.002 0 0 
0.0008 0.0003 0 0 0 0 0 0 0 0 0 0 0 0 0 0 0 0 0 0 0.0016 0.0013 0 0 0 0.0188 0.971 0.0061 0 0 
0.0021 0.0007 0.0001 0 0 0 0 0 0 0 0 0 0 0 0 0 0 0 0 0 0.0047 0.0036 0 0 0 0.0451 0.9412 0.0025 0 0 
0.0045 0.0014 0.0002 0 0 0 0 0 0 0 0.0001 0.0001 0 0 0 0 0 0 0 0 0.0093 0.0063 0 0 0 0.0916 0.8858 0.0007 0 0 
0.0126 0.0039 0.0005 0.0001 0.0001 0 0 0 0 0 0.0002 0.0002 0 0 0 0 0 0 0 0 0.0196 0.0096 0 0 0 0.2298 0.7231 0.0002 0 0 
0.0028 0.001 0.0001 0 0 0 0 0 0 0 0.0001 0.0001 0 0 0 0 0 0 0 0 0.0038 0.0023 0 0 0 0.0769 0.9123 0.0006 0 0 
0.0071 0.0026 0.0003 0 0 0 0 0 0 0 0.0002 0.0001 0 0 0 0 0 0 0 0 0.0065 0.0029 0 0 0 0.2216 0.7584 0.0002 0 0 
0.0012 0.0005 0 0 0 0 0 0 0 0 0 0 0 0 0 0 0 0 0 0 0.0019 0.0015 0 0 0 0.0332 0.9594 0.0023 0 0 
0.0006 0.0002 0 0 0 0 0 0 0 0 0 0 0 0 0 0 0 0 0 0 0.0011 0.0009 0 0 0 0.015 0.9768 0.0053 0 0 
0.0024 0.001 0.0001 0 0 0 0 0 0 0 0 0 0 0 0 0 0 0 0 0 0.0029 0.002 0 0 0 0.0768 0.9139 0.0008 0 0 
0.0051 0.0022 0.0002 0 0 0 0 0 0 0 0.0001 0.0001 0 0 0 0 0 0 0 0 0.0036 0.0018 0 0 0 0.1986 0.7881 0.0002 0 0 
0.0129 0.0051 0.0006 0.0001 0 0 0 0 0 0 0.0003 0.0003 0 0 0 0 0 0 0 0 0.0064 0.0018 0 0 0 0.4893 0.483 0 0 0 
0.0367 0.0115 0.0016 0.0003 0.0002 0 0 0 0 0 0.0008 0.0006 0 0 0 0 0 0.0001 0.0001 0 0.0376 0.011 0 0 0 0.567 0.3325 0.0001 0 0 
0.0017 0.0007 0.0001 0 0 0 0 0 0 0 0 0 0 0 0 0 0 0 0 0 0.0031 0.0027 0 0 0 0.0461 0.9423 0.0033 0 0 
0.0036 0.0015 0.0001 0 0 0 0 0 0 0 0.0001 0.0001 0 0 0 0 0 0 0 0 0.0056 0.0044 0 0 0 0.1043 0.879 0.0013 0 0 
0.0062 0.0028 0.0002 0 0 0 0 0 0 0 0.0001 0.0001 0 0 0 0 0 0 0 0 0.0065 0.004 0 0 0 0.2045 0.7752 0.0003 0 0 
0.0103 0.0047 0.0005 0.0001 0 0 0 0 0 0 0.0003 0.0002 0 0 0 0 0 0 0 0 0.0036 0.0011 0 0 0 0.4846 0.4946 0 0 0 
0.054 0.023 0.0027 0.0004 0.0002 0 0 0 0 0 0.0015 0.0014 0 0 0 0 0 0.0001 0.0001 0 0.0154 0.0029 0 0 0 0.617 0.2812 0 0 0 
0.0833 0.0292 0.0041 0.0006 0.0003 0 0 0 0 0 0.002 0.0018 0 0 0 0 0 0.0002 0.0001 0 0.0403 0.0073 0 0 0 0.639 0.1918 0 0 0 
0.1643 0.0613 0.0085 0.0012 0.0006 0 0 0 0 0 0.0044 0.0039 0 0 0 0 0 0.0004 0.0003 0 0.0485 0.0066 0 0 0 0.5793 0.1208 0 0 0 
0.0447 0.0211 0.002 0.0003 0.0001 0 0 0 0 0 0.0012 0.0011 0 0 0 0 0 0.0001 0.0001 0 0.0103 0.0024 0 0 0 0.6265 0.2901 0 0 0 
0.0127 0.0059 0.0004 0.0001 0 0 0 0 0 0 0.0002 0.0002 0 0 0 0 0 0 0 0 0.0071 0.0028 0 0 0 0.496 0.4745 0 0 0 
0.0572 0.0272 0.002 0.0003 0.0002 0 0 0 0 0 0.0011 0.0011 0 0 0 0 0 0.0001 0.0001 0 0.0181 0.005 0 0 0 0.6434 0.2443 0 0 0 
0.0016 0.0007 0 0 0 0 0 0 0 0 0 0 0 0 0 0 0 0 0 0 0.0038 0.0036 0 0 0 0.0413 0.946 0.0029 0 0 
0.0001 0 0 0 0 0 0 0 0 0 0 0 0 0 0 0 0 0 0 0 0.0003 0.0003 0 0 0 0.002 0.9614 0.036 0 0 
0.0003 0.0001 0 0 0 0 0 0 0 0 0 0 0 0 0 0 0 0 0 0 0.0007 0.0007 0 0 0 0.0063 0.9761 0.0158 0 0 
0.0008 0.0003 0 0 0 0 0 0 0 0 0 0 0 0 0 0 0 0 0 0 0.0018 0.0018 0 0 0 0.0195 0.9675 0.0083 0 0 
0 0 0 0 0 0 0 0 0 0 0 0 0 0 0 0 0 0 0 0 0.0001 0.0001 0 0 0 0.0008 0.9057 0.0932 0 0 
0.0001 0 0 0 0 0 0 0 0 0 0 0 0 0 0 0 0 0 0 0 0.0003 0.0003 0 0 0 0.0024 0.9498 0.0471 0 0 
0.0003 0.0001 0 0 0 0 0 0 0 0 0 0 0 0 0 0 0 0 0 0 0.0007 0.0007 0 0 0 0.007 0.9745 0.0168 0 0 
0.0007 0.0003 0 0 0 0 0 0 0 0 0 0 0 0 0 0 0 0 0 0 0.0016 0.0014 0 0 0 0.0199 0.9682 0.0078 0 0 
0 0 0 0 0 0 0 0 0 0 0 0 0 0 0 0 0 0 0 0 0.0001 0.0001 0 0 0 0.0011 0.8554 0.1431 0 0 
0.0001 0 0 0 0 0 0 0 0 0 0 0 0 0 0 0 0 0 0 0 0.0003 0.0002 0 0 0 0.0026 0.9498 0.047 0 0 
0.0003 0.0001 0 0 0 0 0 0 0 0 0 0 0 0 0 0 0 0 0 0 0.0006 0.0005 0 0 0 0.0072 0.9774 0.0139 0 0 
0 0 0 0 0 0 0 0 0 0 0 0 0 0 0 0 0 0 0 0 0.0001 0.0001 0 0 0 0.0012 0.8544 0.144 0 0 
0.0001 0 0 0 0 0 0 0 0 0 0 0 0 0 0 0 0 0 0 0 0.0002 0.0002 0 0 0 0.0025 0.9621 0.0348 0 0 
0.0003 0.0001 0 0 0 0 0 0 0 0 0 0 0 0 0 0 0 0 0 0 0.0006 0.0005 0 0 0 0.0069 0.9815 0.0102 0 0 
0.0669 0.349 0.231 0.1077 0.1742 0.0002 0 0 0 0 0.009 0.003 0 0 0 0 0 0.0123 0.0094 0.0003 0.0276 0.0044 0 0 0 0.0043 0.0006 0 0 0 
0 0 0 0 0 0 0 0 0 0 0 0 0 0.0097 0.3662 0.0779 0.5463 0 0 0 0 0 0 0 0 0 0 0 0 0 
0 0 0 0 0 0 0 0 0 0 0 0 0 0.0097 0.3666 0.0782 0.5454 0 0 0 0 0 0 0 0 0 0 0 0 0 
0 0 0 0 0 0 0 0 0 0 0 0 0 0.0098 0.3696 0.08 0.5405 0 0 0 0 0 0 0 0 0 0 0 0 0 
0 0 0 0 0 0 0 0 0 0 0 0 0 0.0106 0.3983 0.0855 0.5056 0 0 0 0 0 0 0 0 0 0 0 0 0 
0 0 0 0 0 0 0 0 0 0 0 0 0 0.0098 0.3702 0.0792 0.5407 0 0 0 0 0 0 0 0 0 0 0 0 0 
0 0 0 0 0 0 0 0 0 0 0 0 0 0.0097 0.3661 0.0778 0.5463 0 0 0 0 0 0 0 0 0 0 0 0 0 
0 0 0 0 0 0 0 0 0 0 0 0 0 0.0097 0.366 0.0778 0.5465 0 0 0 0 0 0 0 0 0 0 0 0 0 
0.3099 0.1253 0.0176 0.0024 0.0011 0 0 0 0 0 0.0093 0.0083 0 0 0 0 0 0.0008 0.0006 0 0.0519 0.0059 0 0 0 0.3885 0.0783 0 0 0 
0.4018 0.181 0.0257 0.0034 0.0015 0 0 0 0 0 0.0142 0.0126 0 0 0 0 0 0.0012 0.0009 0 0.0436 0.0046 0 0 0 0.259 0.0504 0 0 0 
0.4092 0.1172 0.0188 0.003 0.0016 0 0 0 0 0 0.0082 0.0064 0 0 0 0 0 0.0007 0.0005 0 0.0874 0.0083 0 0 0 0.2897 0.0489 0 0 0 
0.2729 0.4302 0.0912 0.0182 0.0101 0 0 0 0 0 0.0195 0.0094 0 0 0 0 0 0.0023 0.0018 0 0.0703 0.0072 0 0 0 0.0594 0.0073 0 0 0 
0.4187 0.2748 0.0523 0.0091 0.0047 0 0 0 0 0 0.0163 0.0101 0 0 0 0 0 0.0015 0.0012 0 0.078 0.007 0 0 0 0.1113 0.0149 0 0 0 
0.4715 0.1709 0.0315 0.0058 0.0033 0 0 0 0 0 0.01 0.0065 0 0 0 0 0 0.001 0.0007 0 0.109 0.009 0 0 0 0.1606 0.0201 0 0 0 
0.4355 0.1073 0.019 0.0037 0.0022 0 0 0 0 0 0.0064 0.0043 0 0 0 0 0 0.0006 0.0005 0 0.1438 0.0112 0 0 0 0.2376 0.0279 0 0 0 
0.4491 0.1749 0.0287 0.0045 0.0022 0 0 0 0 0 0.0125 0.0096 0 0 0 0 0 0.001 0.0008 0 0.0711 0.0065 0 0 0 0.2051 0.034 0 0 0 
0.2711 0.4356 0.0856 0.0135 0.0063 0 0 0 0 0 0.0263 0.0154 0 0 0 0 0 0.0023 0.0018 0 0.0518 0.005 0 0 0 0.0747 0.0107 0 0 0 
0.1624 0.494 0.1515 0.021 0.0086 0 0 0 0 0 0.0442 0.0234 0 0 0 0 0 0.0038 0.003 0 0.0318 0.0033 0 0 0 0.0461 0.0069 0 0 0 
0.2644 0.4382 0.0728 0.0101 0.0042 0 0 0 0 0 0.0344 0.0249 0 0 0 0 0 0.0025 0.002 0 0.0362 0.0035 0 0 0 0.0916 0.0153 0 0 0 
0.4109 0.2736 0.0457 0.0068 0.0031 0 0 0 0 0 0.0202 0.0151 0 0 0 0 0 0.0016 0.0012 0 0.0534 0.005 0 0 0 0.1401 0.0232 0 0 0 
0.0649 0.3086 0.1211 0.0166 0.0044 0 0 0 0 0 0.1975 0.2307 0.0001 0 0 0 0 0.0096 0.0082 0.0002 0.0068 0.0008 0 0 0 0.026 0.0046 0 0 0 
0.0902 0.4645 0.1741 0.0222 0.0069 0 0 0 0 0 0.1117 0.0671 0 0 0 0 0 0.0064 0.0051 0.0001 0.0134 0.0014 0 0 0 0.0315 0.0053 0 0 0 
0.084 0.3308 0.3422 0.0382 0.0126 0 0 0 0 0 0.0912 0.0402 0 0 0 0 0 0.0077 0.006 0.0001 0.0168 0.0019 0 0 0 0.0245 0.0038 0 0 0 
0.1728 0.4979 0.1096 0.0144 0.0053 0 0 0 0 0 0.0567 0.0387 0 0 0 0 0 0.0038 0.003 0.0001 0.0245 0.0025 0 0 0 0.0604 0.0102 0 0 0 
0.2531 0.4416 0.0607 0.0074 0.0028 0 0 0 0 0 0.0394 0.0364 0 0 0 0 0 0.0028 0.0022 0.0001 0.0242 0.0025 0 0 0 0.1071 0.0196 0 0 0 
0.3835 0.2853 0.0406 0.0052 0.0022 0 0 0 0 0 0.0237 0.0214 0 0 0 0 0 0.0018 0.0014 0 0.0336 0.0035 0 0 0 0.1664 0.0313 0 0 0 
0.1036 0.4678 0.1117 0.0133 0.0041 0 0 0 0 0 0.1104 0.1156 0.0001 0 0 0 0 0.0063 0.0052 0.0001 0.0108 0.0012 0 0 0 0.0423 0.0075 0 0 0 
0.1713 0.5014 0.0816 0.0097 0.0034 0 0 0 0 0 0.0618 0.0599 0 0 0 0 0 0.004 0.0032 0.0001 0.0171 0.0018 0 0 0 0.0717 0.0129 0 0 0 
0.0031 0.0155 0.0096 0.0018 0.0004 0 0 0 0 0 0.0405 0.9223 0.0009 0 0 0 0 0.002 0.0021 0 0.0003 0 0 0 0 0.0012 0.0002 0 0 0 
0 0 0 0 0 0 0 0 0 0 0.0003 0.8021 0.1968 0.0006 0 0 0 0 0 0 0 0 0 0 0 0 0 0 0 0 
0 0.0002 0.0001 0 0 0 0 0 0 0 0.0015 0.9301 0.0676 0.0002 0 0 0 0.0001 0.0001 0 0 0 0 0 0 0 0 0 0 0 
0.0001 0.0005 0.0004 0.0001 0 0 0 0 0 0 0.0051 0.9776 0.0157 0 0 0 0 0.0002 0.0002 0 0 0 0 0 0 0 0 0 0 0 
0.0004 0.0017 0.0013 0.0004 0.0001 0 0 0 0 0 0.0192 0.9707 0.0045 0 0 0 0 0.0006 0.0009 0 0 0 0 0 0 0.0001 0 0 0 0 
0 0 0 0 0 0 0 0 0 0 0 0 0 0 0 0 0 0 0 0 0.0002 0.9122 0.0875 0 0 0.0001 0 0 0 0 
0 0 0 0 0 0 0 0 0 0 0 0 0 0 0 0 0 0 0 0 0.0006 0.9704 0.0286 0 0 0.0002 0.0001 0 0 0 
0.0001 0 0 0 0 0 0 0 0 0 0 0 0 0 0 0 0 0 0 0 0.0015 0.9865 0.0109 0 0 0.0006 0.0003 0 0 0 
0.0002 0.0001 0 0 0 0 0 0 0 0 0 0 0 0 0 0 0 0 0 0 0.004 0.9889 0.0036 0 0 0.0021 0.0011 0 0 0 
0.1633 0.4817 0.1685 0.0299 0.0147 0 0 0 0 0 0.0321 0.0137 0 0 0 0 0 0.0038 0.003 0 0.0431 0.0048 0 0 0 0.0365 0.0048 0 0 0 
0.0834 0.2955 0.3964 0.0577 0.0229 0 0 0 0 0 0.0617 0.0213 0 0 0 0 0 0.0078 0.006 0.0001 0.0225 0.0027 0 0 0 0.0191 0.0027 0 0 0 
0.0398 0.1557 0.4568 0.1123 0.0322 0 0 0 0 0 0.1201 0.0299 0 0 0 0 0 0.0173 0.013 0.0002 0.0108 0.0013 0 0 0 0.0092 0.0014 0 0 0 
0 0 0 0 0 0 0 0 0 0 0 0.0434 0.9464 0.0101 0 0 0 0 0 0 0 0 0 0 0 0 0 0 0 0 
0 0 0 0 0 0 0 0 0 0 0 0 0.0001 0.0202 0.8898 0.0229 0.0671 0 0 0 0 0 0 0 0 0 0 0 0 0 
0 0 0 0 0 0 0 0 0 0 0 0 0.0001 0.0202 0.8898 0.0229 0.0671 0 0 0 0 0 0 0 0 0 0 0 0 0 
0 0 0 0 0 0 0 0 0 0 0 0 0.0001 0.0202 0.8893 0.023 0.0673 0 0 0 0 0 0 0 0 0 0 0 0 0 
0 0 0 0 0 0 0 0 0 0 0 0 0.0001 0.0202 0.8895 0.023 0.0672 0 0 0 0 0 0 0 0 0 0 0 0 0 
0 0 0 0 0 0 0 0 0 0 0 0 0.0001 0.0203 0.8892 0.0231 0.0673 0 0 0 0 0 0 0 0 0 0 0 0 0 
0 0 0 0 0 0 0 0 0 0 0 0 0.0001 0.0207 0.8891 0.0234 0.0668 0 0 0 0 0 0 0 0 0 0 0 0 0 
0 0 0 0 0 0 0.0292 0.7261 0.0229 0.2217 0 0 0 0 0 0 0 0 0 0 0 0 0 0 0 0 0 0 0 0 
0 0 0 0 0 0 0.0169 0.7451 0.0107 0.2273 0 0 0 0 0 0 0 0 0 0 0 0 0 0 0 0 0 0 0 0 
0 0 0 0 0 0 0.0275 0.5432 0.0225 0.4068 0 0 0 0 0 0 0 0 0 0 0 0 0 0 0 0 0 0 0 0 
0 0 0 0 0 0.0001 0.1075 0.0394 0.0616 0.7914 0 0 0 0 0 0 0 0 0 0 0 0 0 0 0 0 0 0 0 0 
0 0 0 0 0 0.0001 0.1083 0.0397 0.062 0.7899 0 0 0 0 0 0 0 0 0 0 0 0 0 0 0 0 0 0 0 0 
0 0 0 0 0 0.0001 0.1083 0.0397 0.062 0.7899 0 0 0 0 0 0 0 0 0 0 0 0 0 0 0 0 0 0 0 0 
0 0 0 0 0 0.0001 0.1078 0.0395 0.0617 0.7909 0 0 0 0 0 0 0 0 0 0 0 0 0 0 0 0 0 0 0 0 
0 0 0 0 0 0.0001 0.1086 0.0397 0.0621 0.7895 0 0 0 0 0 0 0 0 0 0 0 0 0 0 0 0 0 0 0 0 
0 0 0 0 0 0.0001 0.109 0.0398 0.0624 0.7886 0 0 0 0 0 0 0 0 0 0 0 0 0 0 0 0 0 0 0 0 
0 0 0 0 0 0.0001 0.1117 0.0405 0.0634 0.7843 0 0 0 0 0 0 0 0 0 0 0 0 0 0 0 0 0 0 0 0 
0 0 0 0 0 0.0001 0.1134 0.041 0.0649 0.7806 0 0 0 0 0 0 0 0 0 0 0 0 0 0 0 0 0 0 0 0 
0 0 0 0 0 0.0001 0.1126 0.0411 0.0639 0.7822 0 0 0 0 0 0 0 0 0 0 0 0 0 0 0 0 0 0 0 0 
0 0 0 0 0 0.0001 0.1088 0.0399 0.0624 0.7888 0 0 0 0 0 0 0 0 0 0 0 0 0 0 0 0 0 0 0 0 
0 0 0 0 0 0.0001 0.1085 0.0398 0.0622 0.7895 0 0 0 0 0 0 0 0 0 0 0 0 0 0 0 0 0 0 0 0 
0 0 0 0 0 0.0001 0.1086 0.0398 0.0622 0.7892 0 0 0 0 0 0 0 0 0 0 0 0 0 0 0 0 0 0 0 0 
0 0 0 0 0 0.0001 0.1084 0.0398 0.0621 0.7896 0 0 0 0 0 0 0 0 0 0 0 0 0 0 0 0 0 0 0 0 
0 0 0 0 0 0.0001 0.1085 0.0398 0.0622 0.7894 0 0 0 0 0 0 0 0 0 0 0 0 0 0 0 0 0 0 0 0 
0 0 0 0 0 0.0001 0.108 0.0396 0.0618 0.7905 0 0 0 0 0 0 0 0 0 0 0 0 0 0 0 0 0 0 0 0 
0 0 0 0 0 0.0001 0.1098 0.0402 0.0627 0.7872 0 0 0 0 0 0 0 0 0 0 0 0 0 0 0 0 0 0 0 0 
0 0 0 0 0 0.0001 0.1086 0.0398 0.0622 0.7893 0 0 0 0 0 0 0 0 0 0 0 0 0 0 0 0 0 0 0 0 
0 0 0 0 0 0.0001 0.1106 0.0406 0.0632 0.7856 0 0 0 0 0 0 0 0 0 0 0 0 0 0 0 0 0 0 0 0 
0 0 0 0 0 0.0001 0.1134 0.0416 0.0644 0.7804 0 0 0 0 0 0 0 0 0 0 0 0 0 0 0 0 0 0 0 0 
0 0 0 0 0 0.0001 0.1164 0.0436 0.0678 0.7721 0 0 0 0 0 0 0 0 0 0 0 0 0 0 0 0 0 0 0 0 
0 0 0 0 0 0.0001 0.1148 0.0428 0.0658 0.7766 0 0 0 0 0 0 0 0 0 0 0 0 0 0 0 0 0 0 0 0 
0 0 0 0 0 0.0001 0.1116 0.0411 0.0639 0.7832 0 0 0 0 0 0 0 0 0 0 0 0 0 0 0 0 0 0 0 0 
0 0 0 0 0 0.0001 0.1094 0.0402 0.0627 0.7876 0 0 0 0 0 0 0 0 0 0 0 0 0 0 0 0 0 0 0 0 
0 0 0 0 0 0.0001 0.1092 0.0401 0.0626 0.7881 0 0 0 0 0 0 0 0 0 0 0 0 0 0 0 0 0 0 0 0 
0 0 0 0 0 0.0001 0.1101 0.0404 0.0631 0.7863 0 0 0 0 0 0 0 0 0 0 0 0 0 0 0 0 0 0 0 0 
0 0 0 0 0 0.0001 0.1125 0.0415 0.0647 0.7811 0 0 0 0 0 0 0 0 0 0 0 0 0 0 0 0 0 0 0 0 
0 0 0 0 0 0 0.0552 0.0713 0.0403 0.8331 0 0 0 0 0 0 0 0 0 0 0 0 0 0 0 0 0 0 0 0 
0 0 0 0 0 0 0.055 0.0703 0.0397 0.835 0 0 0 0 0 0 0 0 0 0 0 0 0 0 0 0 0 0 0 0 
0 0 0 0 0 0 0.055 0.071 0.04 0.834 0 0 0 0 0 0 0 0 0 0 0 0 0 0 0 0 0 0 0 0 
0 0 0 0 0 0 0.0551 0.0704 0.0401 0.8343 0 0 0 0 0 0 0 0 0 0 0 0 0 0 0 0 0 0 0 0 
0 0 0 0 0 0 0.0551 0.0703 0.04 0.8345 0 0 0 0 0 0 0 0 0 0 0 0 0 0 0 0 0 0 0 0 
0 0 0 0 0 0 0.0551 0.0702 0.04 0.8346 0 0 0 0 0 0 0 0 0 0 0 0 0 0 0 0 0 0 0 0 
0 0 0 0 0 0 0.0551 0.0702 0.04 0.8346 0 0 0 0 0 0 0 0 0 0 0 0 0 0 0 0 0 0 0 0 
0 0 0 0 0 0 0.0551 0.0702 0.0399 0.8348 0 0 0 0 0 0 0 0 0 0 0 0 0 0 0 0 0 0 0 0 
0 0 0 0 0 0 0.055 0.0696 0.0397 0.8357 0 0 0 0 0 0 0 0 0 0 0 0 0 0 0 0 0 0 0 0 
0 0 0 0 0 0 0.055 0.0693 0.0397 0.8359 0 0 0 0 0 0 0 0 0 0 0 0 0 0 0 0 0 0 0 0 
0 0 0 0 0 0 0.0552 0.0694 0.04 0.8353 0 0 0 0 0 0 0 0 0 0 0 0 0 0 0 0 0 0 0 0 
0 0 0 0 0 0 0.0551 0.0699 0.04 0.8349 0 0 0 0 0 0 0 0 0 0 0 0 0 0 0 0 0 0 0 0 
0 0 0 0 0 0 0.0551 0.0699 0.0399 0.835 0 0 0 0 0 0 0 0 0 0 0 0 0 0 0 0 0 0 0 0 
0 0 0 0 0 0 0.0551 0.0701 0.04 0.8348 0 0 0 0 0 0 0 0 0 0 0 0 0 0 0 0 0 0 0 0 
0 0 0 0 0 0 0.0551 0.0701 0.04 0.8348 0 0 0 0 0 0 0 0 0 0 0 0 0 0 0 0 0 0 0 0 
0 0 0 0 0 0 0.0551 0.07 0.0399 0.8349 0 0 0 0 0 0 0 0 0 0 0 0 0 0 0 0 0 0 0 0 
0 0 0 0 0 0 0.0551 0.0701 0.04 0.8348 0 0 0 0 0 0 0 0 0 0 0 0 0 0 0 0 0 0 0 0 
0 0 0 0 0 0 0.0551 0.0701 0.04 0.8347 0 0 0 0 0 0 0 0 0 0 0 0 0 0 0 0 0 0 0 0 
0 0 0 0 0 0 0.0551 0.0701 0.04 0.8347 0 0 0 0 0 0 0 0 0 0 0 0 0 0 0 0 0 0 0 0 
0 0 0 0 0 0 0.0551 0.0701 0.04 0.8347 0 0 0 0 0 0 0 0 0 0 0 0 0 0 0 0 0 0 0 0 
0 0 0 0 0 0 0.0225 0.2911 0.0182 0.6682 0 0 0 0 0 0 0 0 0 0 0 0 0 0 0 0 0 0 0 0 
0 0 0 0 0 0 0.0221 0.2859 0.018 0.674 0 0 0 0 0 0 0 0 0 0 0 0 0 0 0 0 0 0 0 0 
0 0 0 0 0 0 0.022 0.2858 0.0179 0.6742 0 0 0 0 0 0 0 0 0 0 0 0 0 0 0 0 0 0 0 0 
0 0 0 0 0 0 0.0226 0.2896 0.0183 0.6695 0 0 0 0 0 0 0 0 0 0 0 0 0 0 0 0 0 0 0 0 
0 0 0 0 0 0 0.0229 0.2852 0.0185 0.6733 0 0 0 0 0 0 0 0 0 0 0 0 0 0 0 0 0 0 0 0 
0 0 0 0 0 0 0.0238 0.1838 0.0181 0.7743 0 0 0 0 0 0 0 0 0 0 0 0 0 0 0 0 0 0 0 0 
0 0 0 0 0 0 0.0231 0.2575 0.0185 0.7008 0 0 0 0 0 0 0 0 0 0 0 0 0 0 0 0 0 0 0 0 
0 0 0 0 0 0 0.0184 0.2147 0.0124 0.7544 0 0 0 0 0 0 0 0 0 0 0 0 0 0 0 0 0 0 0 0 
0 0 0 0 0 0 0.0216 0.2779 0.0167 0.6839 0 0 0 0 0 0 0 0 0 0 0 0 0 0 0 0 0 0 0 0 
0 0 0 0 0 0 0.0225 0.2919 0.018 0.6676 0 0 0 0 0 0 0 0 0 0 0 0 0 0 0 0 0 0 0 0 
0 0 0 0 0 0 0.0224 0.2943 0.0182 0.665 0 0 0 0 0 0 0 0 0 0 0 0 0 0 0 0 0 0 0 0 
0 0 0 0 0 0 0.0221 0.2867 0.0179 0.6733 0 0 0 0 0 0 0 0 0 0 0 0 0 0 0 0 0 0 0 0 
0 0 0 0 0 0 0.0215 0.2791 0.0175 0.6818 0 0 0 0 0 0 0 0 0 0 0 0 0 0 0 0 0 0 0 0 
0 0 0 0 0 0 0.0223 0.3062 0.0179 0.6536 0 0 0 0 0 0 0 0 0 0 0 0 0 0 0 0 0 0 0 0 
0 0 0 0 0 0 0.0209 0.3285 0.0159 0.6347 0 0 0 0 0 0 0 0 0 0 0 0 0 0 0 0 0 0 0 0 
0 0 0 0 0 0 0.0148 0.3904 0.0091 0.5857 0 0 0 0 0 0 0 0 0 0 0 0 0 0 0 0 0 0 0 0 
0 0 0 0 0 0 0.0217 0.2821 0.0177 0.6785 0 0 0 0 0 0 0 0 0 0 0 0 0 0 0 0 0 0 0 0 
0 0 0 0 0 0 0.0215 0.2781 0.0174 0.683 0 0 0 0 0 0 0 0 0 0 0 0 0 0 0 0 0 0 0 0 
0 0 0 0 0 0 0.0221 0.288 0.018 0.6718 0 0 0 0 0 0 0 0 0 0 0 0 0 0 0 0 0 0 0 0 
0 0 0 0 0 0 0.0225 0.2972 0.0183 0.662 0 0 0 0 0 0 0 0 0 0 0 0 0 0 0 0 0 0 0 0 
0 0 0 0 0 0 0.0226 0.3175 0.0182 0.6417 0 0 0 0 0 0 0 0 0 0 0 0 0 0 0 0 0 0 0 0 
0 0 0 0 0 0 0.0217 0.3716 0.017 0.5896 0 0 0 0 0 0 0 0 0 0 0 0 0 0 0 0 0 0 0 0 
0 0 0 0 0 0 0.0197 0.5433 0.0142 0.4228 0 0 0 0 0 0 0 0 0 0 0 0 0 0 0 0 0 0 0 0 
0 0 0 0 0 0 0.024 0.3785 0.0197 0.5778 0 0 0 0 0 0 0 0 0 0 0 0 0 0 0 0 0 0 0 0 
0 0 0 0 0 0 0.0232 0.3186 0.0189 0.6393 0 0 0 0 0 0 0 0 0 0 0 0 0 0 0 0 0 0 0 0 
0 0 0 0 0 0 0.0227 0.2979 0.0185 0.661 0 0 0 0 0 0 0 0 0 0 0 0 0 0 0 0 0 0 0 0 
0 0 0 0 0 0 0.0222 0.289 0.0181 0.6707 0 0 0 0 0 0 0 0 0 0 0 0 0 0 0 0 0 0 0 0 
0 0 0 0 0 0 0.0219 0.2842 0.0178 0.676 0 0 0 0 0 0 0 0 0 0 0 0 0 0 0 0 0 0 0 0 
0 0 0 0 0 0 0.0188 0.835 0.009 0.1372 0 0 0 0 0 0 0 0 0 0 0 0 0 0 0 0 0 0 0 0 
0 0 0 0 0 0 0.0225 0.8277 0.0145 0.1354 0 0 0 0 0 0 0 0 0 0 0 0 0 0 0 0 0 0 0 0 
0 0 0 0 0 0 0.0198 0.816 0.0113 0.1529 0 0 0 0 0 0 0 0 0 0 0 0 0 0 0 0 0 0 0 0 
0 0 0 0 0 0 0.0211 0.8496 0.0114 0.1179 0 0 0 0 0 0 0 0 0 0 0 0 0 0 0 0 0 0 0 0 
0 0 0 0 0 0 0.0209 0.8557 0.0109 0.1126 0 0 0 0 0 0 0 0 0 0 0 0 0 0 0 0 0 0 0 0 
0 0 0 0 0 0 0.0213 0.8588 0.0113 0.1086 0 0 0 0 0 0 0 0 0 0 0 0 0 0 0 0 0 0 0 0 
0 0 0 0 0 0 0.0213 0.8604 0.0112 0.1072 0 0 0 0 0 0 0 0 0 0 0 0 0 0 0 0 0 0 0 0 
0 0 0 0 0 0 0.0213 0.8619 0.0112 0.1056 0 0 0 0 0 0 0 0 0 0 0 0 0 0 0 0 0 0 0 0 
0 0 0 0 0 0 0.0213 0.8622 0.0112 0.1053 0 0 0 0 0 0 0 0 0 0 0 0 0 0 0 0 0 0 0 0 
0 0 0 0 0 0 0.0212 0.8629 0.0112 0.1046 0 0 0 0 0 0 0 0 0 0 0 0 0 0 0 0 0 0 0 0 
0 0 0 0 0 0 0.0218 0.8502 0.0121 0.116 0 0 0 0 0 0 0 0 0 0 0 0 0 0 0 0 0 0 0 0 
0 0 0 0 0 0 0.0215 0.8589 0.0115 0.1081 0 0 0 0 0 0 0 0 0 0 0 0 0 0 0 0 0 0 0 0 
0 0 0 0 0 0 0.0214 0.8617 0.0113 0.1056 0 0 0 0 0 0 0 0 0 0 0 0 0 0 0 0 0 0 0 0 
0 0 0 0 0 0 0.0213 0.8628 0.0112 0.1047 0 0 0 0 0 0 0 0 0 0 0 0 0 0 0 0 0 0 0 0 
0 0 0 0 0 0 0.0212 0.8632 0.0112 0.1044 0 0 0 0 0 0 0 0 0 0 0 0 0 0 0 0 0 0 0 0 
0 0 0 0 0 0 0.0212 0.8633 0.0112 0.1043 0 0 0 0 0 0 0 0 0 0 0 0 0 0 0 0 0 0 0 0 
0 0 0 0 0 0 0.0212 0.8631 0.0112 0.1045 0 0 0 0 0 0 0 0 0 0 0 0 0 0 0 0 0 0 0 0 
0 0 0 0 0 0 0.0212 0.8636 0.0111 0.1041 0 0 0 0 0 0 0 0 0 0 0 0 0 0 0 0 0 0 0 0 
0 0 0 0 0 0 0.0212 0.8635 0.0111 0.1042 0 0 0 0 0 0 0 0 0 0 0 0 0 0 0 0 0 0 0 0 
0 0 0 0 0 0 0.0211 0.864 0.0111 0.1038 0 0 0 0 0 0 0 0 0 0 0 0 0 0 0 0 0 0 0 0 
0 0 0 0 0 0 0.0212 0.8636 0.0111 0.1041 0 0 0 0 0 0 0 0 0 0 0 0 0 0 0 0 0 0 0 0 
0 0 0 0 0 0 0.0212 0.8636 0.0111 0.1041 0 0 0 0 0 0 0 0 0 0 0 0 0 0 0 0 0 0 0 0 
0 0 0 0 0 0 0.0212 0.8632 0.0112 0.1044 0 0 0 0 0 0 0 0 0 0 0 0 0 0 0 0 0 0 0 0 
0 0 0 0 0 0 0.0212 0.8631 0.0112 0.1044 0 0 0 0 0 0 0 0 0 0 0 0 0 0 0 0 0 0 0 0 
0 0 0 0 0 0 0.0213 0.8626 0.0112 0.1049 0 0 0 0 0 0 0 0 0 0 0 0 0 0 0 0 0 0 0 0 
0 0 0 0 0 0 0.0213 0.8626 0.0111 0.105 0 0 0 0 0 0 0 0 0 0 0 0 0 0 0 0 0 0 0 0 
0 0 0 0 0 0 0.0209 0.8629 0.0106 0.1056 0 0 0 0 0 0 0 0 0 0 0 0 0 0 0 0 0 0 0 0 
0 0 0 0 0 0 0.0194 0.8863 0.0078 0.0865 0 0 0 0 0 0 0 0 0 0 0 0 0 0 0 0 0 0 0 0 
0 0 0 0 0 0 0.0213 0.8629 0.0112 0.1046 0 0 0 0 0 0 0 0 0 0 0 0 0 0 0 0 0 0 0 0 
0 0 0 0 0 0 0.0214 0.8647 0.0111 0.1028 0 0 0 0 0 0 0 0 0 0 0 0 0 0 0 0 0 0 0 0 
0 0 0 0 0 0 0.0212 0.8744 0.0106 0.0938 0 0 0 0 0 0 0 0 0 0 0 0 0 0 0 0 0 0 0 0 
0 0 0 0 0 0 0.0224 0.9188 0.0085 0.0503 0 0 0 0 0 0 0 0 0 0 0 0 0 0 0 0 0 0 0 0 
0 0 0 0 0 0 0.0321 0.9054 0.0136 0.0489 0 0 0 0 0 0 0 0 0 0 0 0 0 0 0 0 0 0 0 0 
0 0 0 0 0 0 0.0216 0.8804 0.011 0.087 0 0 0 0 0 0 0 0 0 0 0 0 0 0 0 0 0 0 0 0 
0 0 0 0 0 0 0.0215 0.8655 0.0112 0.1017 0 0 0 0 0 0 0 0 0 0 0 0 0 0 0 0 0 0 0 0 
0 0 0 0 0 0 0.0213 0.8629 0.0112 0.1045 0 0 0 0 0 0 0 0 0 0 0 0 0 0 0 0 0 0 0 0 
0 0 0 0 0 0 0.0212 0.8631 0.0112 0.1045 0 0 0 0 0 0 0 0 0 0 0 0 0 0 0 0 0 0 0 0 
0 0 0 0 0 0 0.0212 0.8634 0.0112 0.1043 0 0 0 0 0 0 0 0 0 0 0 0 0 0 0 0 0 0 0 0 
0 0 0 0 0 0 0.0217 0.2813 0.0177 0.6793 0 0 0 0 0 0 0 0 0 0 0 0 0 0 0 0 0 0 0 0 
0 0 0 0 0 0 0.0215 0.2781 0.0175 0.6829 0 0 0 0 0 0 0 0 0 0 0 0 0 0 0 0 0 0 0 0 
0 0 0 0 0 0 0.0216 0.2795 0.0175 0.6814 0 0 0 0 0 0 0 0 0 0 0 0 0 0 0 0 0 0 0 0 
0 0 0 0 0 0 0.0227 0.2897 0.0185 0.6691 0 0 0 0 0 0 0 0 0 0 0 0 0 0 0 0 0 0 0 0 
0 0 0 0 0 0 0.0222 0.2864 0.018 0.6734 0 0 0 0 0 0 0 0 0 0 0 0 0 0 0 0 0 0 0 0 
0 0 0 0 0 0 0.0219 0.2829 0.0178 0.6774 0 0 0 0 0 0 0 0 0 0 0 0 0 0 0 0 0 0 0 0 
0 0 0 0 0 0 0.0279 0.1717 0.0254 0.775 0 0 0 0 0 0 0 0 0 0 0 0 0 0 0 0 0 0 0 0 
0 0 0 0 0 0 0.0248 0.2532 0.0208 0.7011 0 0 0 0 0 0 0 0 0 0 0 0 0 0 0 0 0 0 0 0 
0 0 0 0 0 0 0.0233 0.2842 0.0191 0.6734 0 0 0 0 0 0 0 0 0 0 0 0 0 0 0 0 0 0 0 0 
0 0 0 0 0 0 0.0379 0.1293 0.0366 0.7962 0 0 0 0 0 0 0 0 0 0 0 0 0 0 0 0 0 0 0 0 
0 0 0 0 0 0.0001 0.1095 0.0402 0.0628 0.7874 0 0 0 0 0 0 0 0 0 0 0 0 0 0 0 0 0 0 0 0 
0 0 0 0 0 0.0001 0.1088 0.0399 0.0624 0.7888 0 0 0 0 0 0 0 0 0 0 0 0 0 0 0 0 0 0 0 0 
0 0 0 0 0 0.0001 0.1089 0.0399 0.0624 0.7887 0 0 0 0 0 0 0 0 0 0 0 0 0 0 0 0 0 0 0 0 
0 0 0 0 0 0.0001 0.1086 0.0398 0.0622 0.7893 0 0 0 0 0 0 0 0 0 0 0 0 0 0 0 0 0 0 0 0 
0 0 0 0 0 0.0001 0.1122 0.0412 0.0645 0.782 0 0 0 0 0 0 0 0 0 0 0 0 0 0 0 0 0 0 0 0 
0 0 0 0 0 0.0001 0.111 0.0407 0.0638 0.7844 0 0 0 0 0 0 0 0 0 0 0 0 0 0 0 0 0 0 0 0 
0 0 0 0 0 0.0001 0.1171 0.0427 0.068 0.772 0 0 0 0 0 0 0 0 0 0 0 0 0 0 0 0 0 0 0 0 
0 0 0 0 0 0.0001 0.1179 0.0436 0.0691 0.7693 0 0 0 0 0 0 0 0 0 0 0 0 0 0 0 0 0 0 0 0 
0 0 0 0 0 0 0.0346 0.8853 0.0178 0.0624 0 0 0 0 0 0 0 0 0 0 0 0 0 0 0 0 0 0 0 0 
0 0 0 0 0 0 0.0369 0.4168 0.0334 0.5129 0 0 0 0 0 0 0 0 0 0 0 0 0 0 0 0 0 0 0 0 
0 0 0 0 0 0 0.0298 0.8457 0.0193 0.1052 0 0 0 0 0 0 0 0 0 0 0 0 0 0 0 0 0 0 0 0 
0 0 0 0 0 0 0.023 0.868 0.0124 0.0966 0 0 0 0 0 0 0 0 0 0 0 0 0 0 0 0 0 0 0 0 
0 0 0 0 0 0 0.0217 0.8638 0.0115 0.1031 0 0 0 0 0 0 0 0 0 0 0 0 0 0 0 0 0 0 0 0 
0 0 0 0 0 0 0.0214 0.8628 0.0113 0.1046 0 0 0 0 0 0 0 0 0 0 0 0 0 0 0 0 0 0 0 0 
0 0 0 0 0 0 0.0227 0.8582 0.0126 0.1065 0 0 0 0 0 0 0 0 0 0 0 0 0 0 0 0 0 0 0 0 
0 0 0 0 0 0 0.0217 0.8612 0.0115 0.1056 0 0 0 0 0 0 0 0 0 0 0 0 0 0 0 0 0 0 0 0 
0 0 0 0 0 0 0.0214 0.8622 0.0113 0.1051 0 0 0 0 0 0 0 0 0 0 0 0 0 0 0 0 0 0 0 0 
0 0 0 0 0 0 0.0213 0.8628 0.0112 0.1047 0 0 0 0 0 0 0 0 0 0 0 0 0 0 0 0 0 0 0 0 
0 0 0 0 0 0 0.0213 0.863 0.0112 0.1046 0 0 0 0 0 0 0 0 0 0 0 0 0 0 0 0 0 0 0 0 
0 0 0 0 0 0 0.0212 0.8633 0.0112 0.1043 0 0 0 0 0 0 0 0 0 0 0 0 0 0 0 0 0 0 0 0 
0 0 0 0 0 0 0.0212 0.8633 0.0112 0.1043 0 0 0 0 0 0 0 0 0 0 0 0 0 0 0 0 0 0 0 0 
0 0 0 0 0 0 0.0222 0.2872 0.0181 0.6725 0 0 0 0 0 0 0 0 0 0 0 0 0 0 0 0 0 0 0 0 
0 0 0 0 0 0 0.0218 0.283 0.0178 0.6774 0 0 0 0 0 0 0 0 0 0 0 0 0 0 0 0 0 0 0 0 
0 0 0 0 0 0 0.0218 0.2825 0.0177 0.6779 0 0 0 0 0 0 0 0 0 0 0 0 0 0 0 0 0 0 0 0 
0 0 0 0 0 0 0.0222 0.2884 0.0181 0.6713 0 0 0 0 0 0 0 0 0 0 0 0 0 0 0 0 0 0 0 0 
0 0 0 0 0 0 0.0228 0.2918 0.0186 0.6667 0 0 0 0 0 0 0 0 0 0 0 0 0 0 0 0 0 0 0 0 
0 0 0 0 0 0 0.0229 0.296 0.0187 0.6624 0 0 0 0 0 0 0 0 0 0 0 0 0 0 0 0 0 0 0 0 
0 0 0 0 0 0 0.0238 0.2917 0.0197 0.6648 0 0 0 0 0 0 0 0 0 0 0 0 0 0 0 0 0 0 0 0 
0 0 0 0 0 0 0.0237 0.3086 0.0196 0.6481 0 0 0 0 0 0 0 0 0 0 0 0 0 0 0 0 0 0 0 0 
0 0 0 0 0 0 0.0262 0.2796 0.0229 0.6712 0 0 0 0 0 0 0 0 0 0 0 0 0 0 0 0 0 0 0 0 
0 0 0 0 0 0 0.0255 0.3302 0.0219 0.6224 0 0 0 0 0 0 0 0 0 0 0 0 0 0 0 0 0 0 0 0 
0 0 0 0 0 0 0.0357 0.2375 0.0361 0.6906 0 0 0 0 0 0 0 0 0 0 0 0 0 0 0 0 0 0 0 0 
0 0 0 0 0 0 0.0551 0.0701 0.04 0.8347 0 0 0 0 0 0 0 0 0 0 0 0 0 0 0 0 0 0 0 0 
0 0 0 0 0 0 0.0552 0.0701 0.0401 0.8346 0 0 0 0 0 0 0 0 0 0 0 0 0 0 0 0 0 0 0 0 
0 0 0 0 0 0 0.0551 0.0702 0.04 0.8346 0 0 0 0 0 0 0 0 0 0 0 0 0 0 0 0 0 0 0 0 
0 0 0 0 0 0 0.0552 0.0703 0.0401 0.8344 0 0 0 0 0 0 0 0 0 0 0 0 0 0 0 0 0 0 0 0 
0 0 0 0 0 0 0.0554 0.0701 0.0404 0.834 0 0 0 0 0 0 0 0 0 0 0 0 0 0 0 0 0 0 0 0 
0 0 0 0 0 0 0.0554 0.071 0.0406 0.833 0 0 0 0 0 0 0 0 0 0 0 0 0 0 0 0 0 0 0 0 
